{
"type": "FeatureCollection",
"name": "eez_boundaries_v12",
"xy_coordinate_resolution": 1e-006,
"features": [
{ "type": "Feature", "properties": { "LINE_ID": 1299, "LINE_NAME": "Indonesia - Andaman and Nicobar (India)", "LINE_TYPE": "Treaty", "TERRITORY1": "Indonesia", "SOVEREIGN1": "Indonesia", "TERRITORY2": "Andaman and Nicobar", "SOVEREIGN2": "India", "LENGTH_KM": 87.71 }, "geometry": { "type": "LineString", "coordinates": [ [ 94.633333, 6.641667 ], [ 94.54, 6.5 ], [ 94.403333, 6.27 ], [ 94.171667, 6.0 ] ] } },
{ "type": "Feature", "properties": { "LINE_ID": 1300, "LINE_NAME": "Indonesia - Andaman and Nicobar (India)", "LINE_TYPE": "Treaty", "TERRITORY1": "Indonesia", "SOVEREIGN1": "Indonesia", "TERRITORY2": "Andaman and Nicobar", "SOVEREIGN2": "India", "LENGTH_KM": 158.54 }, "geometry": { "type": "LineString", "coordinates": [ [ 94.633333, 6.641667 ], [ 94.926944, 7.04 ], [ 95.429167, 7.668333 ], [ 95.52, 7.768333 ] ] } },
{ "type": "Feature", "properties": { "LINE_ID": 1301, "LINE_NAME": "Indonesia - Andaman and Nicobar (India)", "LINE_TYPE": "Treaty", "TERRITORY1": "Indonesia", "SOVEREIGN1": "Indonesia", "TERRITORY2": "Andaman and Nicobar", "SOVEREIGN2": "India", "LENGTH_KM": 294.13 }, "geometry": { "type": "LineString", "coordinates": [ [ 94.171667, 6.0 ], [ 93.686667, 5.422222 ], [ 92.854722, 4.459444 ], [ 92.725278, 4.308611 ], [ 92.398611, 4.027778 ] ] } },
{ "type": "Feature", "properties": { "LINE_ID": 1306, "LINE_NAME": "Sri Lanka - India", "LINE_TYPE": "Treaty", "TERRITORY1": "Sri Lanka", "SOVEREIGN1": "Sri Lanka", "TERRITORY2": "India", "SOVEREIGN2": "India", "LENGTH_KM": 157.93 }, "geometry": { "type": "LineString", "coordinates": [ [ 80.05, 10.083333 ], [ 79.583333, 9.95 ], [ 79.376667, 9.669167 ], [ 79.511667, 9.363333 ], [ 79.533333, 9.216667 ], [ 79.533333, 9.1 ] ] } },
{ "type": "Feature", "properties": { "LINE_ID": 1307, "LINE_NAME": "Sri Lanka - India", "LINE_TYPE": "Treaty", "TERRITORY1": "Sri Lanka", "SOVEREIGN1": "Sri Lanka", "TERRITORY2": "India", "SOVEREIGN2": "India", "LENGTH_KM": 534.06 }, "geometry": { "type": "LineString", "coordinates": [ [ 79.533333, 9.1 ], [ 79.521667, 9.0 ], [ 79.488333, 8.896667 ], [ 79.303333, 8.666667 ], [ 79.216667, 8.62 ], [ 79.078333, 8.52 ], [ 78.923333, 8.37 ], [ 78.895, 8.203333 ], [ 78.761667, 7.588333 ], [ 78.646667, 7.35 ], [ 78.203333, 6.513333 ], [ 77.845, 5.898333 ], [ 77.176667, 5.0 ] ] } },
{ "type": "Feature", "properties": { "LINE_ID": 1308, "LINE_NAME": "Andaman and Nicobar (India) - Myanmar", "LINE_TYPE": "Treaty", "TERRITORY1": "Andaman and Nicobar", "SOVEREIGN1": "India", "TERRITORY2": "Myanmar", "SOVEREIGN2": "Myanmar", "LENGTH_KM": 761.15 }, "geometry": { "type": "LineString", "coordinates": [ [ 95.590278, 9.633333 ], [ 95.466667, 9.887222 ], [ 95.267222, 10.311667 ], [ 95.266111, 10.466667 ], [ 95.366667, 10.748056 ], [ 95.433333, 11.721389 ], [ 95.5, 12.328611 ], [ 95.683333, 12.901944 ], [ 95.033333, 13.8 ], [ 93.833333, 13.8 ], [ 93.683056, 13.571667 ], [ 93.134722, 13.819722 ], [ 92.913889, 13.958056 ], [ 92.833889, 14.016389 ] ] } },
{ "type": "Feature", "properties": { "LINE_ID": 1309, "LINE_NAME": "Andaman and Nicobar (India) - Myanmar", "LINE_TYPE": "Treaty", "TERRITORY1": "Andaman and Nicobar", "SOVEREIGN1": "India", "TERRITORY2": "Myanmar", "SOVEREIGN2": "Myanmar", "LENGTH_KM": 337.02 }, "geometry": { "type": "LineString", "coordinates": [ [ 92.833889, 14.016389 ], [ 92.404722, 14.295 ], [ 90.233611, 15.713889 ] ] } },
{ "type": "Feature", "properties": { "LINE_ID": 1310, "LINE_NAME": "Sri Lanka - India", "LINE_TYPE": "Treaty", "TERRITORY1": "Sri Lanka", "SOVEREIGN1": "Sri Lanka", "TERRITORY2": "India", "SOVEREIGN2": "India", "LENGTH_KM": 396.86 }, "geometry": { "type": "LineString", "coordinates": [ [ 80.05, 10.083333 ], [ 80.083333, 10.096667 ], [ 80.158333, 10.14 ], [ 80.766667, 10.55 ], [ 81.041667, 10.695 ], [ 81.933333, 11.045 ], [ 82.406667, 11.266667 ], [ 83.366667, 11.443333 ] ] } },
{ "type": "Feature", "properties": { "LINE_ID": 1311, "LINE_NAME": "Sri Lanka - India", "LINE_TYPE": "Treaty", "TERRITORY1": "Sri Lanka", "SOVEREIGN1": "Sri Lanka", "TERRITORY2": "India", "SOVEREIGN2": "India", "LENGTH_KM": 28.78 }, "geometry": { "type": "LineString", "coordinates": [ [ 77.176667, 5.0 ], [ 77.023333, 4.79 ] ] } },
{ "type": "Feature", "properties": { "LINE_ID": 1312, "LINE_NAME": "Thailand - Andaman and Nicobar (India)", "LINE_TYPE": "Treaty", "TERRITORY1": "Thailand", "SOVEREIGN1": "Thailand", "TERRITORY2": "Andaman and Nicobar", "SOVEREIGN2": "India", "LENGTH_KM": 171.76 }, "geometry": { "type": "LineString", "coordinates": [ [ 95.546667, 7.8 ], [ 95.696667, 7.958333 ], [ 95.654444, 8.165 ], [ 95.653056, 8.229722 ], [ 95.628333, 8.753056 ], [ 95.627778, 8.801111 ], [ 95.608611, 9.288333 ] ] } },
{ "type": "Feature", "properties": { "LINE_ID": 1313, "LINE_NAME": "Indonesia - Andaman and Nicobar (India)", "LINE_TYPE": "Treaty", "TERRITORY1": "Indonesia", "SOVEREIGN1": "Indonesia", "TERRITORY2": "Andaman and Nicobar", "SOVEREIGN2": "India", "LENGTH_KM": 1.99 }, "geometry": { "type": "LineString", "coordinates": [ [ 95.53, 7.783333 ], [ 95.52, 7.768333 ] ] } },
{ "type": "Feature", "properties": { "LINE_ID": 1314, "LINE_NAME": "Thailand - Andaman and Nicobar (India)", "LINE_TYPE": "Treaty", "TERRITORY1": "Thailand", "SOVEREIGN1": "Thailand", "TERRITORY2": "Andaman and Nicobar", "SOVEREIGN2": "India", "LENGTH_KM": 2.6 }, "geometry": { "type": "LineString", "coordinates": [ [ 95.53, 7.783333 ], [ 95.546667, 7.8 ] ] } },
{ "type": "Feature", "properties": { "LINE_ID": 1388, "LINE_NAME": "Maldives - India", "LINE_TYPE": "Treaty", "TERRITORY1": "Maldives", "SOVEREIGN1": "Maldives", "TERRITORY2": "India", "SOVEREIGN2": "India", "LENGTH_KM": 1008.69 }, "geometry": { "type": "LineString", "coordinates": [ [ 77.023333, 4.79 ], [ 76.946667, 4.870833 ], [ 76.720833, 5.093056 ], [ 76.613333, 5.232222 ], [ 75.692778, 6.470556 ], [ 75.641944, 6.555833 ], [ 75.429444, 6.851667 ], [ 75.271944, 7.2575 ], [ 75.201667, 7.4 ], [ 75.188333, 7.421944 ], [ 74.935833, 7.858333 ], [ 74.495833, 7.808333 ], [ 73.642778, 7.697222 ], [ 73.327222, 7.650556 ], [ 73.056389, 7.681111 ], [ 72.825, 7.705278 ], [ 72.707222, 7.715 ], [ 72.0625, 7.818056 ], [ 70.252222, 8.093889 ], [ 69.595833, 7.9575 ] ] } },
{ "type": "Feature", "properties": { "LINE_ID": 1700, "LINE_NAME": "Bangladesh - India", "LINE_TYPE": "Court ruling", "TERRITORY1": "Bangladesh", "SOVEREIGN1": "Bangladesh", "TERRITORY2": "India", "SOVEREIGN2": "India", "LENGTH_KM": 403.33 }, "geometry": { "type": "LineString", "coordinates": [ [ 89.155556, 21.6445 ], [ 89.183111, 21.445444 ], [ 89.232361, 21.129111 ], [ 89.373549, 18.009049 ] ] } },
{ "type": "Feature", "properties": { "LINE_ID": 3671, "LINE_NAME": "Andaman and Nicobar (India) 200 NM", "LINE_TYPE": "200 NM", "TERRITORY1": "Andaman and Nicobar", "SOVEREIGN1": "India", "TERRITORY2": null, "SOVEREIGN2": null, "LENGTH_KM": 1450.32 }, "geometry": { "type": "LineString", "coordinates": [ [ 92.160114, 3.840658 ], [ 92.159326, 3.841113 ], [ 92.154343, 3.843835 ], [ 92.152664, 3.844788 ], [ 92.151825, 3.845265 ], [ 92.145112, 3.849088 ], [ 92.144187, 3.849616 ], [ 92.142337, 3.850674 ], [ 92.141412, 3.851203 ], [ 92.137714, 3.853325 ], [ 92.136634, 3.853946 ], [ 92.134475, 3.85519 ], [ 92.133008, 3.856038 ], [ 92.131902, 3.856679 ], [ 92.131405, 3.856968 ], [ 92.128791, 3.858486 ], [ 92.128138, 3.858866 ], [ 92.126832, 3.859627 ], [ 92.12618, 3.860007 ], [ 92.120268, 3.86346 ], [ 92.11953, 3.863892 ], [ 92.118054, 3.864756 ], [ 92.117316, 3.865189 ], [ 92.114365, 3.866923 ], [ 92.113628, 3.867356 ], [ 92.112155, 3.868224 ], [ 92.111419, 3.868658 ], [ 92.098872, 3.876072 ], [ 92.097307, 3.877 ], [ 92.094176, 3.878861 ], [ 92.092613, 3.879793 ], [ 92.08636, 3.883534 ], [ 92.084799, 3.884471 ], [ 92.081679, 3.886349 ], [ 92.080121, 3.88729 ], [ 92.067655, 3.894839 ], [ 92.066099, 3.895784 ], [ 92.062989, 3.89768 ], [ 92.061435, 3.898629 ], [ 92.055223, 3.902437 ], [ 92.053673, 3.903391 ], [ 92.050573, 3.905303 ], [ 92.049025, 3.906261 ], [ 92.036641, 3.913946 ], [ 92.035095, 3.914908 ], [ 92.032006, 3.916837 ], [ 92.030463, 3.917803 ], [ 92.024292, 3.921679 ], [ 92.022752, 3.92265 ], [ 92.019672, 3.924596 ], [ 92.018135, 3.92557 ], [ 92.005834, 3.93339 ], [ 92.0043, 3.934369 ], [ 92.001231, 3.936331 ], [ 91.999698, 3.937314 ], [ 91.99357, 3.941257 ], [ 91.99204, 3.942245 ], [ 91.988982, 3.944224 ], [ 91.987455, 3.945215 ], [ 91.975239, 3.953168 ], [ 91.973715, 3.954164 ], [ 91.970668, 3.95616 ], [ 91.969146, 3.957159 ], [ 91.96306, 3.961169 ], [ 91.961541, 3.962173 ], [ 91.958504, 3.964185 ], [ 91.956988, 3.965193 ], [ 91.944859, 3.973279 ], [ 91.943346, 3.974291 ], [ 91.94032, 3.97632 ], [ 91.938809, 3.977336 ], [ 91.932767, 3.981412 ], [ 91.931258, 3.982432 ], [ 91.928244, 3.984478 ], [ 91.926739, 3.985502 ], [ 91.914697, 3.99372 ], [ 91.913195, 3.994748 ], [ 91.910191, 3.99681 ], [ 91.908691, 3.997843 ], [ 91.902693, 4.001984 ], [ 91.901196, 4.003021 ], [ 91.898203, 4.005099 ], [ 91.896709, 4.006139 ], [ 91.884757, 4.014488 ], [ 91.883266, 4.015533 ], [ 91.880285, 4.017627 ], [ 91.878796, 4.018676 ], [ 91.872843, 4.022882 ], [ 91.871357, 4.023935 ], [ 91.868387, 4.026046 ], [ 91.866904, 4.027103 ], [ 91.855043, 4.035581 ], [ 91.853563, 4.036642 ], [ 91.850604, 4.038769 ], [ 91.849127, 4.039834 ], [ 91.843219, 4.044105 ], [ 91.841745, 4.045174 ], [ 91.838798, 4.047317 ], [ 91.837327, 4.04839 ], [ 91.825557, 4.056997 ], [ 91.824089, 4.058074 ], [ 91.821153, 4.060233 ], [ 91.819687, 4.061314 ], [ 91.813826, 4.065649 ], [ 91.812363, 4.066734 ], [ 91.80944, 4.068909 ], [ 91.80798, 4.069998 ], [ 91.796304, 4.078733 ], [ 91.794847, 4.079826 ], [ 91.791935, 4.082017 ], [ 91.790481, 4.083114 ], [ 91.784667, 4.087513 ], [ 91.783216, 4.088614 ], [ 91.780316, 4.09082 ], [ 91.778868, 4.091925 ], [ 91.767287, 4.100787 ], [ 91.765842, 4.101895 ], [ 91.762953, 4.104118 ], [ 91.761511, 4.105231 ], [ 91.755745, 4.109692 ], [ 91.754306, 4.110809 ], [ 91.75143, 4.113047 ], [ 91.749994, 4.114168 ], [ 91.738509, 4.123155 ], [ 91.737076, 4.124279 ], [ 91.734212, 4.126533 ], [ 91.732781, 4.127662 ], [ 91.727064, 4.132186 ], [ 91.725637, 4.133318 ], [ 91.722785, 4.135588 ], [ 91.721361, 4.136724 ], [ 91.709973, 4.145836 ], [ 91.708553, 4.146976 ], [ 91.705713, 4.14926 ], [ 91.704295, 4.150405 ], [ 91.698626, 4.154991 ], [ 91.697212, 4.156139 ], [ 91.694384, 4.158439 ], [ 91.692973, 4.159591 ], [ 91.681684, 4.168826 ], [ 91.680925, 4.169448 ], [ 91.679407, 4.170694 ], [ 91.678648, 4.171317 ], [ 91.675614, 4.173814 ], [ 91.674856, 4.174439 ], [ 91.673341, 4.175689 ], [ 91.672584, 4.176315 ], [ 91.666528, 4.181329 ], [ 91.665672, 4.182039 ], [ 91.663959, 4.183462 ], [ 91.663103, 4.184174 ], [ 91.659681, 4.187026 ], [ 91.658643, 4.187894 ], [ 91.656567, 4.18963 ], [ 91.655185, 4.190791 ], [ 91.654271, 4.19156 ], [ 91.651921, 4.19354 ], [ 91.651379, 4.193997 ], [ 91.650295, 4.194913 ], [ 91.649754, 4.195371 ], [ 91.644621, 4.199715 ], [ 91.64398, 4.200258 ], [ 91.642699, 4.201345 ], [ 91.642059, 4.201888 ], [ 91.639499, 4.204066 ], [ 91.63886, 4.204611 ], [ 91.637582, 4.205701 ], [ 91.636944, 4.206245 ], [ 91.625857, 4.215725 ], [ 91.624474, 4.216911 ], [ 91.621709, 4.219287 ], [ 91.620329, 4.220477 ], [ 91.614812, 4.225246 ], [ 91.613435, 4.22644 ], [ 91.610683, 4.228831 ], [ 91.60931, 4.230028 ], [ 91.598325, 4.239628 ], [ 91.596955, 4.240828 ], [ 91.594217, 4.243235 ], [ 91.592849, 4.24444 ], [ 91.587384, 4.249269 ], [ 91.58602, 4.250477 ], [ 91.583294, 4.252899 ], [ 91.581934, 4.25411 ], [ 91.571053, 4.263829 ], [ 91.569696, 4.265045 ], [ 91.566984, 4.267481 ], [ 91.565629, 4.2687 ], [ 91.560216, 4.273589 ], [ 91.558865, 4.274812 ], [ 91.556166, 4.277263 ], [ 91.554819, 4.27849 ], [ 91.544044, 4.288326 ], [ 91.5427, 4.289557 ], [ 91.540014, 4.292022 ], [ 91.538673, 4.293256 ], [ 91.533312, 4.298204 ], [ 91.531975, 4.299441 ], [ 91.529302, 4.301922 ], [ 91.527968, 4.303163 ], [ 91.519919, 4.310813 ], [ 91.517361, 4.313183 ], [ 91.516026, 4.314423 ], [ 91.513355, 4.316905 ], [ 91.51202, 4.318146 ], [ 91.506684, 4.323119 ], [ 91.50536, 4.324371 ], [ 91.502729, 4.326896 ], [ 91.501415, 4.328159 ], [ 91.492476, 4.336762 ], [ 91.490917, 4.338286 ], [ 91.48962, 4.339563 ], [ 91.486875, 4.341979 ], [ 91.485561, 4.343242 ], [ 91.480308, 4.348305 ], [ 91.478998, 4.349572 ], [ 91.476379, 4.35211 ], [ 91.475072, 4.35338 ], [ 91.464621, 4.363563 ], [ 91.463317, 4.364837 ], [ 91.460712, 4.367389 ], [ 91.459412, 4.368666 ], [ 91.454215, 4.373786 ], [ 91.452918, 4.375067 ], [ 91.450326, 4.377633 ], [ 91.449033, 4.378917 ], [ 91.438692, 4.389214 ], [ 91.437403, 4.390502 ], [ 91.434825, 4.393082 ], [ 91.433539, 4.394374 ], [ 91.428397, 4.39955 ], [ 91.427114, 4.400845 ], [ 91.424551, 4.403439 ], [ 91.423271, 4.404737 ], [ 91.413042, 4.415146 ], [ 91.411766, 4.416448 ], [ 91.409217, 4.419056 ], [ 91.407944, 4.420362 ], [ 91.402859, 4.425593 ], [ 91.401589, 4.426902 ], [ 91.399054, 4.429524 ], [ 91.397789, 4.430836 ], [ 91.387673, 4.441356 ], [ 91.386411, 4.442672 ], [ 91.38389, 4.445308 ], [ 91.382632, 4.446627 ], [ 91.377602, 4.451914 ], [ 91.376348, 4.453236 ], [ 91.373841, 4.455886 ], [ 91.37259, 4.457212 ], [ 91.362587, 4.467841 ], [ 91.36134, 4.46917 ], [ 91.358848, 4.471833 ], [ 91.357604, 4.473166 ], [ 91.352632, 4.478508 ], [ 91.351391, 4.479844 ], [ 91.348913, 4.482521 ], [ 91.347677, 4.48386 ], [ 91.337789, 4.494598 ], [ 91.336556, 4.49594 ], [ 91.334093, 4.49863 ], [ 91.332863, 4.499977 ], [ 91.327949, 4.505372 ], [ 91.326723, 4.506722 ], [ 91.324274, 4.509425 ], [ 91.323052, 4.510778 ], [ 91.313281, 4.521623 ], [ 91.312063, 4.522979 ], [ 91.309628, 4.525696 ], [ 91.308413, 4.527055 ], [ 91.303558, 4.532504 ], [ 91.302346, 4.533867 ], [ 91.299926, 4.536597 ], [ 91.298719, 4.537963 ], [ 91.289066, 4.548913 ], [ 91.287862, 4.550282 ], [ 91.285457, 4.553026 ], [ 91.284257, 4.554398 ], [ 91.27946, 4.559899 ], [ 91.278264, 4.561275 ], [ 91.275873, 4.564032 ], [ 91.274681, 4.565411 ], [ 91.265146, 4.576466 ], [ 91.264496, 4.577221 ], [ 91.263196, 4.578733 ], [ 91.262547, 4.579489 ], [ 91.259949, 4.582519 ], [ 91.259301, 4.583276 ], [ 91.258005, 4.584792 ], [ 91.257358, 4.585551 ], [ 91.25218, 4.591626 ], [ 91.251431, 4.592507 ], [ 91.249933, 4.594271 ], [ 91.249184, 4.595154 ], [ 91.246194, 4.598687 ], [ 91.245256, 4.599798 ], [ 91.243383, 4.602021 ], [ 91.242245, 4.603375 ], [ 91.241724, 4.603997 ], [ 91.24007, 4.605972 ], [ 91.239678, 4.606441 ], [ 91.238895, 4.607378 ], [ 91.238504, 4.607847 ], [ 91.234555, 4.61258 ], [ 91.234062, 4.613171 ], [ 91.233077, 4.614355 ], [ 91.232585, 4.614947 ], [ 91.230617, 4.617317 ], [ 91.230125, 4.61791 ], [ 91.229143, 4.619095 ], [ 91.228653, 4.619688 ], [ 91.219929, 4.630244 ], [ 91.218841, 4.631563 ], [ 91.216667, 4.634207 ], [ 91.215583, 4.635529 ], [ 91.211248, 4.640829 ], [ 91.210166, 4.642154 ], [ 91.208006, 4.644809 ], [ 91.206928, 4.646137 ], [ 91.198311, 4.656781 ], [ 91.197237, 4.658112 ], [ 91.19509, 4.660777 ], [ 91.194019, 4.662111 ], [ 91.189738, 4.667454 ], [ 91.18867, 4.668791 ], [ 91.186537, 4.671467 ], [ 91.185472, 4.672806 ], [ 91.176963, 4.683538 ], [ 91.175903, 4.68488 ], [ 91.173783, 4.687567 ], [ 91.172725, 4.688912 ], [ 91.168498, 4.694298 ], [ 91.167444, 4.695646 ], [ 91.165338, 4.698344 ], [ 91.164287, 4.699694 ], [ 91.155887, 4.710512 ], [ 91.15484, 4.711864 ], [ 91.152748, 4.714573 ], [ 91.151704, 4.715928 ], [ 91.147532, 4.721358 ], [ 91.146491, 4.722716 ], [ 91.144412, 4.725436 ], [ 91.143376, 4.726796 ], [ 91.135086, 4.737699 ], [ 91.134052, 4.739062 ], [ 91.131987, 4.741792 ], [ 91.130957, 4.743158 ], [ 91.12684, 4.748631 ], [ 91.125813, 4.749999 ], [ 91.123762, 4.75274 ], [ 91.122739, 4.754111 ], [ 91.11456, 4.765098 ], [ 91.11354, 4.766472 ], [ 91.111503, 4.769223 ], [ 91.110487, 4.770599 ], [ 91.106425, 4.776113 ], [ 91.105412, 4.777492 ], [ 91.103389, 4.780253 ], [ 91.10238, 4.781635 ], [ 91.094313, 4.792705 ], [ 91.093307, 4.794089 ], [ 91.091298, 4.796861 ], [ 91.090295, 4.798247 ], [ 91.08629, 4.803802 ], [ 91.085291, 4.805192 ], [ 91.083296, 4.807974 ], [ 91.082301, 4.809365 ], [ 91.074346, 4.820518 ], [ 91.073354, 4.821912 ], [ 91.071373, 4.824704 ], [ 91.070385, 4.826101 ], [ 91.066436, 4.831696 ], [ 91.065451, 4.833096 ], [ 91.063485, 4.835898 ], [ 91.062504, 4.837299 ], [ 91.054662, 4.848533 ], [ 91.053684, 4.849937 ], [ 91.051732, 4.852749 ], [ 91.050758, 4.854156 ], [ 91.046866, 4.859791 ], [ 91.045895, 4.861201 ], [ 91.043957, 4.864023 ], [ 91.04299, 4.865435 ], [ 91.035262, 4.876747 ], [ 91.034299, 4.878161 ], [ 91.032375, 4.880993 ], [ 91.031415, 4.88241 ], [ 91.027581, 4.888085 ], [ 91.026624, 4.889504 ], [ 91.024715, 4.892346 ], [ 91.023762, 4.893767 ], [ 91.01615, 4.905158 ], [ 91.015201, 4.906582 ], [ 91.013306, 4.909434 ], [ 91.01236, 4.91086 ], [ 91.008583, 4.916574 ], [ 91.007641, 4.918003 ], [ 91.00576, 4.920864 ], [ 91.004822, 4.922295 ], [ 90.997326, 4.933763 ], [ 90.996391, 4.935197 ], [ 90.994525, 4.938068 ], [ 90.993594, 4.939504 ], [ 90.989875, 4.945256 ], [ 90.988948, 4.946695 ], [ 90.987096, 4.949575 ], [ 90.986172, 4.951015 ], [ 90.978792, 4.962559 ], [ 90.977872, 4.964002 ], [ 90.976035, 4.966892 ], [ 90.975119, 4.968337 ], [ 90.971458, 4.974127 ], [ 90.970546, 4.975575 ], [ 90.968723, 4.978474 ], [ 90.967814, 4.979924 ], [ 90.960551, 4.991543 ], [ 90.959646, 4.992995 ], [ 90.957839, 4.995903 ], [ 90.956937, 4.997358 ], [ 90.953335, 5.003185 ], [ 90.950841, 5.007254 ], [ 90.94588, 5.015409 ], [ 90.943416, 5.019492 ], [ 90.941354, 5.022937 ], [ 90.93922, 5.026409 ], [ 90.937461, 5.029289 ], [ 90.935383, 5.03271 ], [ 90.934827, 5.033626 ], [ 90.933857, 5.035235 ], [ 90.93349, 5.035838 ], [ 90.932141, 5.038054 ], [ 90.930307, 5.041083 ], [ 90.929841, 5.041856 ], [ 90.929376, 5.042629 ], [ 90.928912, 5.043402 ], [ 90.928447, 5.044174 ], [ 90.927982, 5.044946 ], [ 90.927518, 5.045717 ], [ 90.926564, 5.047308 ], [ 90.924659, 5.050494 ], [ 90.923709, 5.052087 ], [ 90.92325, 5.05286 ], [ 90.922789, 5.053635 ], [ 90.922327, 5.054412 ], [ 90.921867, 5.055187 ], [ 90.921407, 5.055961 ], [ 90.920946, 5.056736 ], [ 90.920484, 5.057513 ], [ 90.920024, 5.058288 ], [ 90.919712, 5.058813 ], [ 90.919442, 5.059267 ], [ 90.918151, 5.061446 ], [ 90.915578, 5.065808 ], [ 90.91466, 5.067371 ], [ 90.913644, 5.068934 ], [ 90.913182, 5.069708 ], [ 90.912718, 5.070483 ], [ 90.912256, 5.071258 ], [ 90.911794, 5.072031 ], [ 90.911332, 5.072805 ], [ 90.910869, 5.07358 ], [ 90.910407, 5.074354 ], [ 90.909945, 5.075127 ], [ 90.909483, 5.075901 ], [ 90.90902, 5.076677 ], [ 90.908557, 5.077451 ], [ 90.908096, 5.078224 ], [ 90.907633, 5.078998 ], [ 90.90717, 5.079774 ], [ 90.906708, 5.080547 ], [ 90.906246, 5.08132 ], [ 90.905784, 5.082095 ], [ 90.905321, 5.08287 ], [ 90.904858, 5.083644 ], [ 90.904397, 5.084417 ], [ 90.903934, 5.085192 ], [ 90.903471, 5.085967 ], [ 90.903009, 5.086741 ], [ 90.902547, 5.087514 ], [ 90.902085, 5.088288 ], [ 90.901622, 5.089064 ], [ 90.901159, 5.089838 ], [ 90.900697, 5.090611 ], [ 90.900235, 5.091385 ], [ 90.899772, 5.09216 ], [ 90.89931, 5.092935 ], [ 90.898848, 5.093708 ], [ 90.898386, 5.094482 ], [ 90.897922, 5.095257 ], [ 90.89746, 5.096031 ], [ 90.896998, 5.096804 ], [ 90.896536, 5.097578 ], [ 90.896073, 5.098354 ], [ 90.89561, 5.099128 ], [ 90.895149, 5.099901 ], [ 90.894686, 5.100675 ], [ 90.894223, 5.101451 ], [ 90.893761, 5.102225 ], [ 90.8933, 5.102997 ], [ 90.892837, 5.103771 ], [ 90.892374, 5.104547 ], [ 90.891911, 5.105322 ], [ 90.89145, 5.106095 ], [ 90.890987, 5.106869 ], [ 90.890524, 5.107644 ], [ 90.890062, 5.108418 ], [ 90.8896, 5.109191 ], [ 90.889138, 5.109965 ], [ 90.888675, 5.110741 ], [ 90.888212, 5.111515 ], [ 90.887751, 5.112288 ], [ 90.887288, 5.113062 ], [ 90.886825, 5.113838 ], [ 90.886363, 5.114612 ], [ 90.885901, 5.115385 ], [ 90.885438, 5.116159 ], [ 90.884975, 5.116934 ], [ 90.884514, 5.117707 ], [ 90.884051, 5.118482 ], [ 90.883588, 5.119257 ], [ 90.883126, 5.120031 ], [ 90.882664, 5.120804 ], [ 90.882202, 5.121578 ], [ 90.881739, 5.122354 ], [ 90.881276, 5.123128 ], [ 90.880814, 5.123901 ], [ 90.880352, 5.124675 ], [ 90.879889, 5.12545 ], [ 90.879428, 5.126222 ], [ 90.878312, 5.128097 ], [ 90.876086, 5.131852 ], [ 90.874977, 5.13373 ], [ 90.872556, 5.137843 ], [ 90.870776, 5.140815 ], [ 90.870019, 5.142073 ], [ 90.869509, 5.142928 ], [ 90.869062, 5.143661 ], [ 90.866641, 5.147668 ], [ 90.866177, 5.148443 ], [ 90.865715, 5.149212 ], [ 90.865255, 5.14998 ], [ 90.864743, 5.150836 ], [ 90.863719, 5.152549 ], [ 90.863208, 5.153406 ], [ 90.861166, 5.156835 ], [ 90.860656, 5.157692 ], [ 90.859638, 5.159409 ], [ 90.859106, 5.160306 ], [ 90.85843, 5.16145 ], [ 90.857533, 5.162968 ], [ 90.855832, 5.165852 ], [ 90.855432, 5.166529 ], [ 90.855184, 5.166951 ], [ 90.853069, 5.170353 ], [ 90.852606, 5.171127 ], [ 90.852143, 5.171903 ], [ 90.85168, 5.172677 ], [ 90.851219, 5.17345 ], [ 90.850756, 5.174224 ], [ 90.850293, 5.174999 ], [ 90.849831, 5.175774 ], [ 90.849369, 5.176547 ], [ 90.848906, 5.177321 ], [ 90.848443, 5.178096 ], [ 90.847981, 5.178871 ], [ 90.847519, 5.179644 ], [ 90.847057, 5.180418 ], [ 90.846593, 5.181193 ], [ 90.846131, 5.181967 ], [ 90.845669, 5.18274 ], [ 90.845207, 5.183515 ], [ 90.844744, 5.18429 ], [ 90.844281, 5.185064 ], [ 90.843819, 5.185837 ], [ 90.843357, 5.186611 ], [ 90.842894, 5.187387 ], [ 90.842431, 5.188161 ], [ 90.84197, 5.188934 ], [ 90.841507, 5.189708 ], [ 90.841044, 5.190484 ], [ 90.840582, 5.191257 ], [ 90.84012, 5.19203 ], [ 90.839657, 5.192805 ], [ 90.839194, 5.193581 ], [ 90.838731, 5.194355 ], [ 90.83827, 5.195128 ], [ 90.837807, 5.195902 ], [ 90.837344, 5.196677 ], [ 90.836882, 5.197452 ], [ 90.83642, 5.198225 ], [ 90.835957, 5.198999 ], [ 90.835494, 5.199774 ], [ 90.835032, 5.200549 ], [ 90.83457, 5.201321 ], [ 90.834107, 5.202096 ], [ 90.833644, 5.202871 ], [ 90.833182, 5.203645 ], [ 90.83272, 5.204418 ], [ 90.832258, 5.205193 ], [ 90.831794, 5.205968 ], [ 90.831332, 5.206742 ], [ 90.83087, 5.207515 ], [ 90.830408, 5.208289 ], [ 90.829944, 5.209065 ], [ 90.829482, 5.209839 ], [ 90.82902, 5.210612 ], [ 90.828558, 5.211386 ], [ 90.828094, 5.212162 ], [ 90.827632, 5.212936 ], [ 90.827171, 5.213708 ], [ 90.826708, 5.214482 ], [ 90.826244, 5.215259 ], [ 90.825782, 5.216033 ], [ 90.82532, 5.216806 ], [ 90.824858, 5.21758 ], [ 90.824395, 5.218356 ], [ 90.823932, 5.21913 ], [ 90.82347, 5.219903 ], [ 90.823008, 5.220677 ], [ 90.822545, 5.221452 ], [ 90.822082, 5.222227 ], [ 90.82162, 5.223 ], [ 90.821158, 5.223774 ], [ 90.820695, 5.224549 ], [ 90.820232, 5.225324 ], [ 90.81977, 5.226097 ], [ 90.819308, 5.226871 ], [ 90.818845, 5.227646 ], [ 90.818382, 5.22842 ], [ 90.81792, 5.229193 ], [ 90.817458, 5.229968 ], [ 90.816995, 5.230743 ], [ 90.816532, 5.231517 ], [ 90.81607, 5.23229 ], [ 90.815608, 5.233065 ], [ 90.815145, 5.23384 ], [ 90.814682, 5.234614 ], [ 90.81422, 5.235387 ], [ 90.813758, 5.236161 ], [ 90.813295, 5.236936 ], [ 90.812833, 5.23771 ], [ 90.81237, 5.238484 ], [ 90.811907, 5.23926 ], [ 90.811444, 5.240034 ], [ 90.810983, 5.240807 ], [ 90.81052, 5.241581 ], [ 90.810057, 5.242357 ], [ 90.809594, 5.243131 ], [ 90.809133, 5.243904 ], [ 90.80867, 5.244678 ], [ 90.808207, 5.245453 ], [ 90.807744, 5.246228 ], [ 90.807283, 5.247001 ], [ 90.80682, 5.247775 ], [ 90.806357, 5.24855 ], [ 90.805894, 5.249325 ], [ 90.805432, 5.250098 ], [ 90.80497, 5.250872 ], [ 90.804507, 5.251647 ], [ 90.804044, 5.252422 ], [ 90.803582, 5.253195 ], [ 90.80312, 5.253969 ], [ 90.802657, 5.254744 ], [ 90.802194, 5.255519 ], [ 90.801732, 5.256292 ], [ 90.80127, 5.257066 ], [ 90.800807, 5.25784 ], [ 90.800344, 5.258615 ], [ 90.799882, 5.259388 ], [ 90.79942, 5.260163 ], [ 90.798956, 5.260938 ], [ 90.798494, 5.261712 ], [ 90.798032, 5.262485 ], [ 90.79757, 5.26326 ], [ 90.797106, 5.264035 ], [ 90.796644, 5.264809 ], [ 90.796182, 5.265582 ], [ 90.795719, 5.266357 ], [ 90.795256, 5.267132 ], [ 90.794794, 5.267906 ], [ 90.794332, 5.268679 ], [ 90.793869, 5.269454 ], [ 90.793406, 5.270229 ], [ 90.792944, 5.271003 ], [ 90.789285, 5.277474 ], [ 90.787595, 5.280207 ], [ 90.787025, 5.28113 ], [ 90.786472, 5.281984 ], [ 90.786003, 5.282753 ], [ 90.785532, 5.283522 ], [ 90.785, 5.284401 ], [ 90.784594, 5.285064 ], [ 90.78413, 5.285836 ], [ 90.783665, 5.286608 ], [ 90.783199, 5.287382 ], [ 90.782741, 5.288159 ], [ 90.781953, 5.289471 ], [ 90.781109, 5.290871 ], [ 90.780013, 5.29269 ], [ 90.779557, 5.293451 ], [ 90.77781, 5.296383 ], [ 90.775967, 5.299504 ], [ 90.775403, 5.30046 ], [ 90.774382, 5.302207 ], [ 90.773834, 5.303139 ], [ 90.773513, 5.303717 ], [ 90.770634, 5.30869 ], [ 90.768275, 5.312882 ], [ 90.76719, 5.31476 ], [ 90.764636, 5.318704 ], [ 90.763892, 5.319976 ], [ 90.763521, 5.320612 ], [ 90.762036, 5.323159 ], [ 90.761483, 5.32411 ], [ 90.760377, 5.326014 ], [ 90.759652, 5.327265 ], [ 90.759192, 5.328061 ], [ 90.757716, 5.330617 ], [ 90.757363, 5.331231 ], [ 90.756655, 5.332459 ], [ 90.756302, 5.333073 ], [ 90.752711, 5.339323 ], [ 90.752263, 5.340104 ], [ 90.751368, 5.341667 ], [ 90.750921, 5.342449 ], [ 90.749135, 5.345578 ], [ 90.748689, 5.346359 ], [ 90.747798, 5.347924 ], [ 90.747354, 5.348706 ], [ 90.739442, 5.36265 ], [ 90.738456, 5.364393 ], [ 90.736489, 5.367884 ], [ 90.735508, 5.36963 ], [ 90.731594, 5.376625 ], [ 90.730618, 5.378374 ], [ 90.728672, 5.381877 ], [ 90.727702, 5.383628 ], [ 90.719955, 5.397666 ], [ 90.718991, 5.399421 ], [ 90.717065, 5.402935 ], [ 90.716105, 5.404693 ], [ 90.712274, 5.411734 ], [ 90.711319, 5.413494 ], [ 90.709415, 5.41702 ], [ 90.708466, 5.418783 ], [ 90.700886, 5.432912 ], [ 90.699942, 5.434678 ], [ 90.698058, 5.438215 ], [ 90.697119, 5.439984 ], [ 90.693372, 5.447071 ], [ 90.692438, 5.448843 ], [ 90.690576, 5.45239 ], [ 90.689647, 5.454165 ], [ 90.682236, 5.468384 ], [ 90.681313, 5.470161 ], [ 90.679471, 5.47372 ], [ 90.678554, 5.4755 ], [ 90.67489, 5.482631 ], [ 90.673978, 5.484414 ], [ 90.672157, 5.487983 ], [ 90.67125, 5.489769 ], [ 90.664008, 5.504075 ], [ 90.663106, 5.505863 ], [ 90.661307, 5.509444 ], [ 90.66041, 5.511235 ], [ 90.656832, 5.518409 ], [ 90.655941, 5.520203 ], [ 90.654163, 5.523794 ], [ 90.653277, 5.52559 ], [ 90.646205, 5.539982 ], [ 90.645324, 5.54178 ], [ 90.643568, 5.545382 ], [ 90.642692, 5.547184 ], [ 90.639199, 5.5544 ], [ 90.638329, 5.556204 ], [ 90.636594, 5.559817 ], [ 90.63573, 5.561623 ], [ 90.628829, 5.576098 ], [ 90.628399, 5.577002 ], [ 90.62754, 5.578811 ], [ 90.627111, 5.579716 ], [ 90.625397, 5.583339 ], [ 90.624969, 5.584244 ], [ 90.624115, 5.586056 ], [ 90.623689, 5.586962 ], [ 90.620282, 5.594221 ], [ 90.619857, 5.595127 ], [ 90.619008, 5.596943 ], [ 90.618584, 5.59785 ], [ 90.616891, 5.601485 ], [ 90.616469, 5.602393 ], [ 90.615625, 5.604211 ], [ 90.615204, 5.605121 ], [ 90.614825, 5.60594 ], [ 90.614446, 5.60676 ], [ 90.614068, 5.607578 ], [ 90.61369, 5.608397 ], [ 90.613311, 5.609216 ], [ 90.612933, 5.610033 ], [ 90.612555, 5.610851 ], [ 90.612176, 5.611672 ], [ 90.611797, 5.612491 ], [ 90.611419, 5.613309 ], [ 90.611041, 5.614126 ], [ 90.610663, 5.614945 ], [ 90.610284, 5.615765 ], [ 90.609906, 5.616583 ], [ 90.609527, 5.617403 ], [ 90.609149, 5.61822 ], [ 90.608771, 5.619038 ], [ 90.608392, 5.619858 ], [ 90.608013, 5.620677 ], [ 90.607635, 5.621496 ], [ 90.607257, 5.622314 ], [ 90.606879, 5.623131 ], [ 90.6065, 5.623951 ], [ 90.606121, 5.624771 ], [ 90.605743, 5.625589 ], [ 90.605364, 5.626408 ], [ 90.604986, 5.627225 ], [ 90.604608, 5.628043 ], [ 90.604229, 5.628863 ], [ 90.60385, 5.629683 ], [ 90.603472, 5.630501 ], [ 90.603094, 5.631318 ], [ 90.602716, 5.632137 ], [ 90.602337, 5.632958 ], [ 90.601958, 5.633776 ], [ 90.60158, 5.634594 ], [ 90.601201, 5.635414 ], [ 90.600823, 5.636231 ], [ 90.600445, 5.637049 ], [ 90.600066, 5.637869 ], [ 90.599688, 5.638688 ], [ 90.599309, 5.639507 ], [ 90.598932, 5.640324 ], [ 90.598553, 5.641143 ], [ 90.598174, 5.641963 ], [ 90.597796, 5.642781 ], [ 90.597417, 5.6436 ], [ 90.597039, 5.644418 ], [ 90.596661, 5.645236 ], [ 90.596282, 5.646056 ], [ 90.595903, 5.646875 ], [ 90.595525, 5.647694 ], [ 90.595147, 5.64851 ], [ 90.594769, 5.649329 ], [ 90.594389, 5.65015 ], [ 90.594011, 5.650969 ], [ 90.593633, 5.651787 ], [ 90.593254, 5.652605 ], [ 90.592876, 5.653423 ], [ 90.592498, 5.654242 ], [ 90.592119, 5.655061 ], [ 90.59174, 5.65588 ], [ 90.588877, 5.662159 ], [ 90.587958, 5.664196 ], [ 90.587538, 5.665095 ], [ 90.587156, 5.665912 ], [ 90.586775, 5.666729 ], [ 90.586393, 5.667546 ], [ 90.586011, 5.668364 ], [ 90.585629, 5.669182 ], [ 90.58525, 5.67 ], [ 90.584867, 5.670815 ], [ 90.584485, 5.671633 ], [ 90.584103, 5.672451 ], [ 90.583721, 5.673268 ], [ 90.58334, 5.674084 ], [ 90.582959, 5.6749 ], [ 90.581933, 5.677107 ], [ 90.579889, 5.681526 ], [ 90.578871, 5.683738 ], [ 90.578495, 5.684558 ], [ 90.578119, 5.685379 ], [ 90.577743, 5.686198 ], [ 90.577367, 5.687018 ], [ 90.576993, 5.687839 ], [ 90.576616, 5.688659 ], [ 90.576239, 5.68948 ], [ 90.575864, 5.6903 ], [ 90.575488, 5.69112 ], [ 90.575113, 5.691938 ], [ 90.574737, 5.692758 ], [ 90.57436, 5.693581 ], [ 90.573971, 5.694431 ], [ 90.573822, 5.694746 ], [ 90.570546, 5.701727 ], [ 90.570167, 5.702546 ], [ 90.569788, 5.703365 ], [ 90.56941, 5.704184 ], [ 90.569032, 5.705002 ], [ 90.568653, 5.70582 ], [ 90.568275, 5.706638 ], [ 90.567896, 5.707458 ], [ 90.567518, 5.708277 ], [ 90.567139, 5.709096 ], [ 90.566761, 5.709913 ], [ 90.566383, 5.710731 ], [ 90.566004, 5.711551 ], [ 90.565625, 5.712371 ], [ 90.565246, 5.713189 ], [ 90.564869, 5.714006 ], [ 90.56449, 5.714826 ], [ 90.564111, 5.715646 ], [ 90.563732, 5.716464 ], [ 90.563354, 5.717282 ], [ 90.562975, 5.718102 ], [ 90.562597, 5.718919 ], [ 90.562219, 5.719737 ], [ 90.56184, 5.720558 ], [ 90.561461, 5.721377 ], [ 90.561083, 5.722195 ], [ 90.560705, 5.723012 ], [ 90.560326, 5.723831 ], [ 90.559947, 5.724651 ], [ 90.559569, 5.725469 ], [ 90.55919, 5.726288 ], [ 90.558812, 5.727106 ], [ 90.558434, 5.727925 ], [ 90.558055, 5.728744 ], [ 90.557676, 5.729564 ], [ 90.557297, 5.730382 ], [ 90.556919, 5.7312 ], [ 90.556541, 5.732018 ], [ 90.556162, 5.732837 ], [ 90.555783, 5.733657 ], [ 90.555405, 5.734475 ], [ 90.555026, 5.735295 ], [ 90.554648, 5.736112 ], [ 90.55427, 5.73693 ], [ 90.553891, 5.73775 ], [ 90.553512, 5.738569 ], [ 90.553134, 5.739388 ], [ 90.552756, 5.740205 ], [ 90.552377, 5.741024 ], [ 90.551998, 5.741844 ], [ 90.55162, 5.742662 ], [ 90.551241, 5.743481 ], [ 90.550862, 5.7443 ], [ 90.550484, 5.745118 ], [ 90.550106, 5.745936 ], [ 90.549727, 5.746756 ], [ 90.549348, 5.747575 ], [ 90.54897, 5.748394 ], [ 90.548592, 5.749211 ], [ 90.548213, 5.75003 ], [ 90.547834, 5.75085 ], [ 90.547456, 5.751668 ], [ 90.547077, 5.752487 ], [ 90.546699, 5.753305 ], [ 90.54632, 5.754124 ], [ 90.545942, 5.754943 ], [ 90.545563, 5.755762 ], [ 90.545185, 5.75658 ], [ 90.543623, 5.759982 ], [ 90.540519, 5.766795 ], [ 90.539779, 5.768427 ], [ 90.536539, 5.775361 ], [ 90.53596, 5.776602 ], [ 90.534996, 5.778674 ], [ 90.534418, 5.779917 ], [ 90.533944, 5.780937 ], [ 90.533567, 5.78175 ], [ 90.53291, 5.78317 ], [ 90.5316, 5.786011 ], [ 90.530947, 5.787432 ], [ 90.528783, 5.792154 ], [ 90.526305, 5.797435 ], [ 90.524741, 5.800793 ], [ 90.524364, 5.801609 ], [ 90.523985, 5.802428 ], [ 90.523606, 5.803249 ], [ 90.523227, 5.804067 ], [ 90.522849, 5.804885 ], [ 90.522471, 5.805703 ], [ 90.522092, 5.806522 ], [ 90.521713, 5.807342 ], [ 90.521334, 5.80816 ], [ 90.520956, 5.80898 ], [ 90.520578, 5.809797 ], [ 90.520199, 5.810615 ], [ 90.51982, 5.811435 ], [ 90.519441, 5.812255 ], [ 90.519063, 5.813073 ], [ 90.518684, 5.813891 ], [ 90.518306, 5.814709 ], [ 90.517927, 5.815528 ], [ 90.517548, 5.816348 ], [ 90.51717, 5.817166 ], [ 90.516791, 5.817986 ], [ 90.516413, 5.818803 ], [ 90.516035, 5.819621 ], [ 90.515655, 5.820441 ], [ 90.515277, 5.821261 ], [ 90.514898, 5.822079 ], [ 90.51452, 5.822896 ], [ 90.514141, 5.823715 ], [ 90.513762, 5.824536 ], [ 90.513384, 5.825354 ], [ 90.513005, 5.826172 ], [ 90.512626, 5.826992 ], [ 90.512248, 5.827809 ], [ 90.51187, 5.828627 ], [ 90.51149, 5.829448 ], [ 90.511112, 5.830267 ], [ 90.510733, 5.831085 ], [ 90.510355, 5.831902 ], [ 90.509977, 5.832722 ], [ 90.509597, 5.833542 ], [ 90.509219, 5.83436 ], [ 90.50884, 5.835179 ], [ 90.508462, 5.835997 ], [ 90.508083, 5.836815 ], [ 90.507705, 5.837635 ], [ 90.507326, 5.838454 ], [ 90.506947, 5.839273 ], [ 90.506569, 5.840091 ], [ 90.506191, 5.840908 ], [ 90.505812, 5.841728 ], [ 90.505432, 5.842548 ], [ 90.505054, 5.843366 ], [ 90.504675, 5.844185 ], [ 90.504297, 5.845003 ], [ 90.503919, 5.845821 ], [ 90.50354, 5.846641 ], [ 90.503161, 5.84746 ], [ 90.502782, 5.848279 ], [ 90.502404, 5.849096 ], [ 90.502026, 5.849915 ], [ 90.501646, 5.850735 ], [ 90.501268, 5.851554 ], [ 90.500889, 5.852372 ], [ 90.50051, 5.853192 ], [ 90.500132, 5.854009 ], [ 90.499754, 5.854827 ], [ 90.499375, 5.855647 ], [ 90.498996, 5.856467 ], [ 90.498617, 5.857285 ], [ 90.498239, 5.858102 ], [ 90.49786, 5.858921 ], [ 90.497481, 5.859742 ], [ 90.497103, 5.86056 ], [ 90.496724, 5.861378 ], [ 90.496346, 5.862196 ], [ 90.495967, 5.863015 ], [ 90.495588, 5.863835 ], [ 90.49521, 5.864653 ], [ 90.494831, 5.865473 ], [ 90.494452, 5.866292 ], [ 90.494074, 5.867108 ], [ 90.493695, 5.867928 ], [ 90.493316, 5.868748 ], [ 90.492938, 5.869566 ], [ 90.492559, 5.870385 ], [ 90.492181, 5.871203 ], [ 90.491802, 5.872021 ], [ 90.491423, 5.872841 ], [ 90.491044, 5.87366 ], [ 90.490665, 5.874479 ], [ 90.490288, 5.875296 ], [ 90.489909, 5.876115 ], [ 90.489529, 5.876935 ], [ 90.489151, 5.877754 ], [ 90.488772, 5.878572 ], [ 90.488394, 5.879392 ], [ 90.488016, 5.880209 ], [ 90.487637, 5.881027 ], [ 90.487258, 5.881847 ], [ 90.486879, 5.882667 ], [ 90.4865, 5.883485 ], [ 90.486122, 5.884302 ], [ 90.485744, 5.885121 ], [ 90.485364, 5.885942 ], [ 90.484986, 5.88676 ], [ 90.484607, 5.887578 ], [ 90.484229, 5.888397 ], [ 90.48385, 5.889215 ], [ 90.483471, 5.890035 ], [ 90.483092, 5.890854 ], [ 90.482714, 5.891673 ], [ 90.482335, 5.892492 ], [ 90.481957, 5.893308 ], [ 90.481578, 5.894128 ], [ 90.481199, 5.894948 ], [ 90.48082, 5.895766 ], [ 90.480442, 5.896585 ], [ 90.480063, 5.897403 ], [ 90.479685, 5.898222 ], [ 90.479306, 5.899041 ], [ 90.478927, 5.89986 ], [ 90.478548, 5.900679 ], [ 90.47817, 5.901497 ], [ 90.477792, 5.902315 ], [ 90.477412, 5.903136 ], [ 90.477033, 5.903954 ], [ 90.476655, 5.904772 ], [ 90.476276, 5.905591 ], [ 90.475898, 5.906409 ], [ 90.475519, 5.907228 ], [ 90.47514, 5.908047 ], [ 90.474761, 5.908867 ], [ 90.474383, 5.909686 ], [ 90.474005, 5.910502 ], [ 90.473626, 5.911321 ], [ 90.473247, 5.912142 ], [ 90.472868, 5.912961 ], [ 90.472489, 5.913779 ], [ 90.472111, 5.914596 ], [ 90.471733, 5.915415 ], [ 90.469106, 5.921467 ], [ 90.468866, 5.921957 ], [ 90.468434, 5.922868 ], [ 90.467982, 5.923769 ], [ 90.467616, 5.924595 ], [ 90.467235, 5.925412 ], [ 90.466844, 5.926224 ], [ 90.466443, 5.927033 ], [ 90.466057, 5.927849 ], [ 90.465673, 5.928665 ], [ 90.465288, 5.929481 ], [ 90.464903, 5.930296 ], [ 90.464519, 5.931112 ], [ 90.464134, 5.931929 ], [ 90.463749, 5.932745 ], [ 90.463424, 5.933441 ], [ 90.462604, 5.935193 ], [ 90.462264, 5.935926 ], [ 90.461901, 5.936715 ], [ 90.46019, 5.94044 ], [ 90.459814, 5.94126 ], [ 90.459431, 5.942075 ], [ 90.459064, 5.942898 ], [ 90.45868, 5.943714 ], [ 90.458311, 5.944541 ], [ 90.457928, 5.945356 ], [ 90.457552, 5.946176 ], [ 90.457245, 5.946872 ], [ 90.456824, 5.947826 ], [ 90.456455, 5.948649 ], [ 90.456069, 5.949466 ], [ 90.455721, 5.950299 ], [ 90.45533, 5.951111 ], [ 90.454989, 5.951946 ], [ 90.453744, 5.954764 ], [ 90.451091, 5.960618 ], [ 90.450524, 5.961268 ], [ 90.450145, 5.962087 ], [ 90.449767, 5.962904 ], [ 90.449388, 5.963722 ], [ 90.449009, 5.964543 ], [ 90.44863, 5.965362 ], [ 90.448251, 5.966181 ], [ 90.447874, 5.966998 ], [ 90.447495, 5.967817 ], [ 90.447115, 5.968637 ], [ 90.446737, 5.969455 ], [ 90.446358, 5.970274 ], [ 90.44598, 5.971092 ], [ 90.445601, 5.971911 ], [ 90.445222, 5.97273 ], [ 90.444843, 5.973549 ], [ 90.444464, 5.974369 ], [ 90.444085, 5.975187 ], [ 90.443707, 5.976004 ], [ 90.443328, 5.976824 ], [ 90.442949, 5.977644 ], [ 90.44257, 5.978462 ], [ 90.442192, 5.979281 ], [ 90.441813, 5.980099 ], [ 90.441435, 5.980918 ], [ 90.441055, 5.981737 ], [ 90.440676, 5.982556 ], [ 90.440298, 5.983375 ], [ 90.43992, 5.984192 ], [ 90.439541, 5.985011 ], [ 90.439161, 5.985832 ], [ 90.438783, 5.98665 ], [ 90.438404, 5.987469 ], [ 90.438025, 5.988287 ], [ 90.437647, 5.989105 ], [ 90.437268, 5.989924 ], [ 90.436889, 5.990744 ], [ 90.43651, 5.991563 ], [ 90.436131, 5.992382 ], [ 90.435753, 5.993199 ], [ 90.435375, 5.994017 ], [ 90.434995, 5.994838 ], [ 90.434616, 5.995657 ], [ 90.434238, 5.996475 ], [ 90.433859, 5.997293 ], [ 90.433481, 5.998112 ], [ 90.433101, 5.998932 ], [ 90.432723, 5.99975 ], [ 90.429861, 6.006022 ], [ 90.428939, 6.008064 ], [ 90.42852, 6.008959 ], [ 90.428138, 6.009776 ], [ 90.427756, 6.010593 ], [ 90.427374, 6.011411 ], [ 90.426992, 6.012228 ], [ 90.42661, 6.013046 ], [ 90.426228, 6.013863 ], [ 90.425846, 6.014681 ], [ 90.425464, 6.015498 ], [ 90.425082, 6.016316 ], [ 90.4247, 6.017134 ], [ 90.424318, 6.01795 ], [ 90.423938, 6.018765 ], [ 90.422911, 6.020972 ], [ 90.420866, 6.025389 ], [ 90.419848, 6.0276 ], [ 90.419471, 6.028422 ], [ 90.419093, 6.029245 ], [ 90.418718, 6.030063 ], [ 90.418341, 6.030884 ], [ 90.417965, 6.031705 ], [ 90.41759, 6.032522 ], [ 90.417214, 6.033342 ], [ 90.416837, 6.034166 ], [ 90.416461, 6.034986 ], [ 90.416085, 6.035805 ], [ 90.41571, 6.036624 ], [ 90.415333, 6.037444 ], [ 90.41494, 6.038302 ], [ 90.414793, 6.038614 ], [ 90.411511, 6.045602 ], [ 90.411132, 6.04642 ], [ 90.410753, 6.047241 ], [ 90.410374, 6.04806 ], [ 90.409995, 6.048878 ], [ 90.409617, 6.049696 ], [ 90.409238, 6.050515 ], [ 90.408858, 6.051335 ], [ 90.40848, 6.052153 ], [ 90.408101, 6.052972 ], [ 90.407722, 6.053792 ], [ 90.407344, 6.054609 ], [ 90.406965, 6.055427 ], [ 90.406586, 6.056248 ], [ 90.406207, 6.057067 ], [ 90.405828, 6.057885 ], [ 90.40545, 6.058702 ], [ 90.405071, 6.059522 ], [ 90.404691, 6.060342 ], [ 90.404313, 6.06116 ], [ 90.403934, 6.06198 ], [ 90.403556, 6.062797 ], [ 90.403177, 6.063615 ], [ 90.402798, 6.064435 ], [ 90.402418, 6.065255 ], [ 90.40204, 6.066074 ], [ 90.401661, 6.066892 ], [ 90.401283, 6.067709 ], [ 90.400904, 6.068529 ], [ 90.400524, 6.069349 ], [ 90.400146, 6.070167 ], [ 90.399767, 6.070987 ], [ 90.399388, 6.071804 ], [ 90.39901, 6.072622 ], [ 90.39863, 6.073442 ], [ 90.398251, 6.074262 ], [ 90.397872, 6.075081 ], [ 90.397495, 6.075897 ], [ 90.397115, 6.076717 ], [ 90.396736, 6.077537 ], [ 90.396357, 6.078355 ], [ 90.395979, 6.079174 ], [ 90.395599, 6.079993 ], [ 90.395221, 6.080811 ], [ 90.394843, 6.081629 ], [ 90.394463, 6.082449 ], [ 90.394084, 6.083269 ], [ 90.393705, 6.084087 ], [ 90.393327, 6.084904 ], [ 90.39126, 6.089416 ], [ 90.389008, 6.094379 ], [ 90.388021, 6.096498 ], [ 90.386477, 6.099796 ], [ 90.386089, 6.100624 ], [ 90.385444, 6.102005 ], [ 90.385057, 6.102834 ], [ 90.384618, 6.103775 ], [ 90.384243, 6.104579 ], [ 90.383585, 6.105995 ], [ 90.382272, 6.108829 ], [ 90.381618, 6.110246 ], [ 90.379005, 6.11592 ], [ 90.378353, 6.117339 ], [ 90.377724, 6.118713 ], [ 90.375459, 6.123543 ], [ 90.374004, 6.126667 ], [ 90.373625, 6.127485 ], [ 90.373247, 6.128302 ], [ 90.372868, 6.129121 ], [ 90.372489, 6.129941 ], [ 90.37211, 6.13076 ], [ 90.371731, 6.131578 ], [ 90.371353, 6.132396 ], [ 90.370974, 6.133215 ], [ 90.370594, 6.134036 ], [ 90.370216, 6.134854 ], [ 90.369836, 6.135673 ], [ 90.369458, 6.136492 ], [ 90.36908, 6.137309 ], [ 90.368701, 6.138128 ], [ 90.368321, 6.138949 ], [ 90.367942, 6.139767 ], [ 90.367563, 6.140586 ], [ 90.367185, 6.141403 ], [ 90.366806, 6.142222 ], [ 90.366426, 6.143043 ], [ 90.366048, 6.143861 ], [ 90.365669, 6.14468 ], [ 90.36529, 6.145498 ], [ 90.364912, 6.146316 ], [ 90.364532, 6.147136 ], [ 90.364153, 6.147956 ], [ 90.363774, 6.148775 ], [ 90.363395, 6.149593 ], [ 90.363017, 6.150411 ], [ 90.362638, 6.15123 ], [ 90.362259, 6.152049 ], [ 90.36188, 6.152868 ], [ 90.361501, 6.153688 ], [ 90.361122, 6.154505 ], [ 90.360744, 6.155323 ], [ 90.360364, 6.156144 ], [ 90.359985, 6.156963 ], [ 90.359606, 6.157781 ], [ 90.359228, 6.158599 ], [ 90.358849, 6.159418 ], [ 90.358469, 6.160238 ], [ 90.358091, 6.161056 ], [ 90.357712, 6.161875 ], [ 90.357333, 6.162695 ], [ 90.356954, 6.163512 ], [ 90.356576, 6.16433 ], [ 90.356196, 6.165151 ], [ 90.355817, 6.16597 ], [ 90.355438, 6.166788 ], [ 90.35506, 6.167606 ], [ 90.354681, 6.168425 ], [ 90.354301, 6.169245 ], [ 90.353923, 6.170064 ], [ 90.353543, 6.170883 ], [ 90.353165, 6.171701 ], [ 90.352786, 6.172519 ], [ 90.352407, 6.173339 ], [ 90.352028, 6.174158 ], [ 90.351649, 6.174977 ], [ 90.35127, 6.175795 ], [ 90.350892, 6.176613 ], [ 90.350513, 6.177432 ], [ 90.350133, 6.178253 ], [ 90.349754, 6.179071 ], [ 90.349375, 6.17989 ], [ 90.348997, 6.180708 ], [ 90.348618, 6.181526 ], [ 90.348239, 6.182346 ], [ 90.347859, 6.183166 ], [ 90.34748, 6.183985 ], [ 90.347102, 6.184801 ], [ 90.346723, 6.185621 ], [ 90.346344, 6.186441 ], [ 90.345965, 6.187259 ], [ 90.345586, 6.188078 ], [ 90.345207, 6.188898 ], [ 90.344829, 6.189715 ], [ 90.34445, 6.190533 ], [ 90.34407, 6.191353 ], [ 90.343691, 6.192173 ], [ 90.343312, 6.192992 ], [ 90.342934, 6.193809 ], [ 90.342555, 6.194628 ], [ 90.342175, 6.195448 ], [ 90.341797, 6.196267 ], [ 90.341418, 6.197085 ], [ 90.341039, 6.197904 ], [ 90.34066, 6.198722 ], [ 90.340281, 6.199542 ], [ 90.339902, 6.200361 ], [ 90.339523, 6.20118 ], [ 90.339144, 6.201998 ], [ 90.338766, 6.202816 ], [ 90.338386, 6.203635 ], [ 90.338007, 6.204456 ], [ 90.337628, 6.205274 ], [ 90.337249, 6.206093 ], [ 90.336871, 6.206911 ], [ 90.336492, 6.20773 ], [ 90.336112, 6.208549 ], [ 90.335733, 6.209369 ], [ 90.335354, 6.210188 ], [ 90.334976, 6.211004 ], [ 90.334597, 6.211823 ], [ 90.334217, 6.212644 ], [ 90.333838, 6.213463 ], [ 90.33346, 6.214281 ], [ 90.33308, 6.215101 ], [ 90.332702, 6.215918 ], [ 90.332323, 6.216736 ], [ 90.331944, 6.217557 ], [ 90.331564, 6.218376 ], [ 90.331185, 6.219195 ], [ 90.330807, 6.220012 ], [ 90.330428, 6.220831 ], [ 90.330049, 6.221652 ], [ 90.32967, 6.22247 ], [ 90.329291, 6.223289 ], [ 90.328912, 6.224107 ], [ 90.328533, 6.224926 ], [ 90.328154, 6.225745 ], [ 90.327775, 6.226564 ], [ 90.327396, 6.227384 ], [ 90.327017, 6.228202 ], [ 90.326639, 6.229019 ], [ 90.326259, 6.229839 ], [ 90.32588, 6.230659 ], [ 90.325501, 6.231477 ], [ 90.325122, 6.232296 ], [ 90.324744, 6.233114 ], [ 90.324365, 6.233933 ], [ 90.323985, 6.234753 ], [ 90.323606, 6.235571 ], [ 90.323227, 6.236391 ], [ 90.322849, 6.237208 ], [ 90.32247, 6.238027 ], [ 90.32209, 6.238848 ], [ 90.321711, 6.239666 ], [ 90.321332, 6.240485 ], [ 90.320953, 6.241303 ], [ 90.320575, 6.242122 ], [ 90.320196, 6.24294 ], [ 90.319816, 6.24376 ], [ 90.319437, 6.24458 ], [ 90.319058, 6.245398 ], [ 90.31868, 6.246215 ], [ 90.318301, 6.247034 ], [ 90.317921, 6.247855 ], [ 90.317542, 6.248674 ], [ 90.317163, 6.249492 ], [ 90.316785, 6.25031 ], [ 90.316406, 6.251129 ], [ 90.316026, 6.251949 ], [ 90.315647, 6.252768 ], [ 90.315268, 6.253587 ], [ 90.314889, 6.254406 ], [ 90.314511, 6.255223 ], [ 90.314132, 6.256042 ], [ 90.313752, 6.256862 ], [ 90.313373, 6.257681 ], [ 90.312994, 6.2585 ], [ 90.312616, 6.259318 ], [ 90.312237, 6.260137 ], [ 90.311857, 6.260956 ], [ 90.311478, 6.261775 ], [ 90.308671, 6.267999 ], [ 90.30817, 6.269069 ], [ 90.307748, 6.270007 ], [ 90.307303, 6.270923 ], [ 90.30692, 6.271742 ], [ 90.306538, 6.27256 ], [ 90.306156, 6.273377 ], [ 90.305774, 6.274193 ], [ 90.305392, 6.275011 ], [ 90.305009, 6.275829 ], [ 90.304627, 6.276647 ], [ 90.304245, 6.277464 ], [ 90.303863, 6.278282 ], [ 90.303484, 6.2791 ], [ 90.303099, 6.279915 ], [ 90.302716, 6.280734 ], [ 90.302334, 6.281551 ], [ 90.301952, 6.282368 ], [ 90.299905, 6.286788 ], [ 90.299698, 6.287698 ], [ 90.299297, 6.288503 ], [ 90.298914, 6.289322 ], [ 90.298524, 6.290131 ], [ 90.298157, 6.290957 ], [ 90.297755, 6.291763 ], [ 90.29735, 6.292569 ], [ 90.296962, 6.293382 ], [ 90.296576, 6.294198 ], [ 90.296189, 6.295013 ], [ 90.295912, 6.295653 ], [ 90.295427, 6.296645 ], [ 90.295061, 6.297473 ], [ 90.294679, 6.298289 ], [ 90.293157, 6.301564 ], [ 90.290262, 6.307636 ], [ 90.289877, 6.308452 ], [ 90.289494, 6.30927 ], [ 90.289118, 6.31009 ], [ 90.288742, 6.31091 ], [ 90.288367, 6.311729 ], [ 90.28799, 6.312549 ], [ 90.287613, 6.313371 ], [ 90.287238, 6.314191 ], [ 90.286861, 6.315011 ], [ 90.286485, 6.31583 ], [ 90.286109, 6.31665 ], [ 90.285733, 6.317471 ], [ 90.285356, 6.318292 ], [ 90.28498, 6.319112 ], [ 90.284605, 6.31993 ], [ 90.284229, 6.32075 ], [ 90.283851, 6.321573 ], [ 90.283685, 6.321993 ], [ 90.283478, 6.322393 ], [ 90.283108, 6.323215 ], [ 90.282738, 6.324038 ], [ 90.282405, 6.324875 ], [ 90.281987, 6.325676 ], [ 90.281622, 6.326502 ], [ 90.281258, 6.327328 ], [ 90.280872, 6.328142 ], [ 90.28052, 6.32897 ], [ 90.280146, 6.329789 ], [ 90.279639, 6.330561 ], [ 90.27926, 6.33138 ], [ 90.278881, 6.332198 ], [ 90.278502, 6.333016 ], [ 90.278123, 6.333835 ], [ 90.277744, 6.334655 ], [ 90.277365, 6.335474 ], [ 90.276985, 6.336293 ], [ 90.276606, 6.337112 ], [ 90.276228, 6.337929 ], [ 90.275849, 6.338749 ], [ 90.275469, 6.339569 ], [ 90.27509, 6.340387 ], [ 90.27223, 6.346649 ], [ 90.271304, 6.348699 ], [ 90.270888, 6.349589 ], [ 90.270506, 6.350406 ], [ 90.270124, 6.351223 ], [ 90.269741, 6.352041 ], [ 90.269359, 6.352859 ], [ 90.268977, 6.353676 ], [ 90.268594, 6.354494 ], [ 90.268212, 6.355311 ], [ 90.26783, 6.356129 ], [ 90.267447, 6.356947 ], [ 90.267065, 6.357765 ], [ 90.266683, 6.358581 ], [ 90.266301, 6.359396 ], [ 90.265274, 6.361603 ], [ 90.263228, 6.366021 ], [ 90.262209, 6.368231 ], [ 90.261832, 6.369052 ], [ 90.261454, 6.369875 ], [ 90.261078, 6.370695 ], [ 90.260702, 6.371515 ], [ 90.260326, 6.372334 ], [ 90.25995, 6.373154 ], [ 90.259573, 6.373976 ], [ 90.259196, 6.374796 ], [ 90.25882, 6.375615 ], [ 90.258447, 6.376438 ], [ 90.258067, 6.377257 ], [ 90.25769, 6.378077 ], [ 90.257295, 6.378939 ], [ 90.257148, 6.37925 ], [ 90.25386, 6.386246 ], [ 90.253481, 6.387065 ], [ 90.253102, 6.387883 ], [ 90.252723, 6.388702 ], [ 90.252344, 6.389522 ], [ 90.251965, 6.390339 ], [ 90.251586, 6.391157 ], [ 90.251206, 6.391978 ], [ 90.250827, 6.392797 ], [ 90.250448, 6.393615 ], [ 90.25007, 6.394433 ], [ 90.249691, 6.395253 ], [ 90.249311, 6.396073 ], [ 90.248932, 6.396891 ], [ 90.248552, 6.397711 ], [ 90.248174, 6.398528 ], [ 90.247795, 6.399346 ], [ 90.247415, 6.400167 ], [ 90.247036, 6.400986 ], [ 90.246657, 6.401805 ], [ 90.246278, 6.402623 ], [ 90.245899, 6.403441 ], [ 90.24552, 6.40426 ], [ 90.24514, 6.405081 ], [ 90.244761, 6.405899 ], [ 90.244382, 6.406719 ], [ 90.244003, 6.407536 ], [ 90.243625, 6.408354 ], [ 90.243245, 6.409175 ], [ 90.242866, 6.409992 ], [ 90.241322, 6.413353 ], [ 90.238251, 6.420082 ], [ 90.237477, 6.42179 ], [ 90.234268, 6.428647 ], [ 90.233688, 6.429889 ], [ 90.232721, 6.431961 ], [ 90.232143, 6.433205 ], [ 90.23167, 6.434221 ], [ 90.231294, 6.435032 ], [ 90.230635, 6.436453 ], [ 90.229322, 6.439297 ], [ 90.228667, 6.440719 ], [ 90.226455, 6.445537 ], [ 90.223927, 6.450921 ], [ 90.22239, 6.454218 ], [ 90.222012, 6.455033 ], [ 90.221633, 6.455851 ], [ 90.221253, 6.456672 ], [ 90.220874, 6.457491 ], [ 90.220495, 6.45831 ], [ 90.220116, 6.459129 ], [ 90.219737, 6.459947 ], [ 90.219358, 6.460766 ], [ 90.218978, 6.461585 ], [ 90.218599, 6.462405 ], [ 90.21822, 6.463224 ], [ 90.217841, 6.464041 ], [ 90.217462, 6.46486 ], [ 90.217082, 6.465681 ], [ 90.216703, 6.466499 ], [ 90.216324, 6.467318 ], [ 90.215945, 6.468135 ], [ 90.215566, 6.468955 ], [ 90.215186, 6.469775 ], [ 90.214807, 6.470593 ], [ 90.214428, 6.471413 ], [ 90.214048, 6.472232 ], [ 90.21367, 6.473049 ], [ 90.213291, 6.473868 ], [ 90.212911, 6.474689 ], [ 90.212532, 6.475508 ], [ 90.212153, 6.476326 ], [ 90.211774, 6.477144 ], [ 90.211395, 6.477963 ], [ 90.211015, 6.478783 ], [ 90.210636, 6.479602 ], [ 90.210256, 6.480421 ], [ 90.209878, 6.481239 ], [ 90.209499, 6.482057 ], [ 90.209119, 6.482877 ], [ 90.20874, 6.483697 ], [ 90.20836, 6.484516 ], [ 90.207981, 6.485334 ], [ 90.207603, 6.486152 ], [ 90.207223, 6.486971 ], [ 90.206844, 6.487791 ], [ 90.206465, 6.48861 ], [ 90.206085, 6.489429 ], [ 90.205706, 6.490247 ], [ 90.205328, 6.491065 ], [ 90.204947, 6.491886 ], [ 90.204568, 6.492705 ], [ 90.204189, 6.493524 ], [ 90.203811, 6.494341 ], [ 90.203431, 6.495161 ], [ 90.203051, 6.495981 ], [ 90.202672, 6.496799 ], [ 90.202293, 6.497618 ], [ 90.201914, 6.498438 ], [ 90.201535, 6.499255 ], [ 90.201156, 6.500074 ], [ 90.200776, 6.500895 ], [ 90.200397, 6.501713 ], [ 90.200018, 6.502532 ], [ 90.199639, 6.503349 ], [ 90.19926, 6.504169 ], [ 90.19888, 6.504989 ], [ 90.198501, 6.505808 ], [ 90.198121, 6.506627 ], [ 90.197743, 6.507445 ], [ 90.197364, 6.508263 ], [ 90.196984, 6.509083 ], [ 90.196604, 6.509903 ], [ 90.196225, 6.510722 ], [ 90.195846, 6.51154 ], [ 90.195468, 6.512358 ], [ 90.195088, 6.513177 ], [ 90.194708, 6.513998 ], [ 90.194329, 6.514816 ], [ 90.19395, 6.515635 ], [ 90.193571, 6.516453 ], [ 90.193192, 6.517271 ], [ 90.192812, 6.518092 ], [ 90.192433, 6.518911 ], [ 90.192054, 6.51973 ], [ 90.191675, 6.520547 ], [ 90.191296, 6.521367 ], [ 90.190916, 6.522187 ], [ 90.190537, 6.523005 ], [ 90.190158, 6.523824 ], [ 90.189778, 6.524644 ], [ 90.1894, 6.525461 ], [ 90.189021, 6.52628 ], [ 90.188641, 6.5271 ], [ 90.188261, 6.52792 ], [ 90.187882, 6.528738 ], [ 90.187504, 6.529555 ], [ 90.187124, 6.530375 ], [ 90.186744, 6.531195 ], [ 90.186365, 6.532014 ], [ 90.185986, 6.532833 ], [ 90.185607, 6.533651 ], [ 90.185228, 6.53447 ], [ 90.184848, 6.535289 ], [ 90.184469, 6.536109 ], [ 90.184089, 6.536928 ], [ 90.18371, 6.537746 ], [ 90.183332, 6.538564 ], [ 90.182952, 6.539383 ], [ 90.182572, 6.540204 ], [ 90.182193, 6.541022 ], [ 90.181814, 6.541841 ], [ 90.181435, 6.542659 ], [ 90.181056, 6.543478 ], [ 90.180676, 6.544298 ], [ 90.180297, 6.545117 ], [ 90.179917, 6.545936 ], [ 90.179539, 6.546753 ], [ 90.17916, 6.547572 ], [ 90.17878, 6.548393 ], [ 90.1784, 6.549212 ], [ 90.178021, 6.55003 ], [ 90.177642, 6.55085 ], [ 90.177263, 6.551668 ], [ 90.176884, 6.552486 ], [ 90.176504, 6.553306 ], [ 90.176125, 6.554126 ], [ 90.175745, 6.554945 ], [ 90.175367, 6.555762 ], [ 90.174988, 6.556581 ], [ 90.174608, 6.557402 ], [ 90.174228, 6.558221 ], [ 90.173849, 6.559039 ], [ 90.17347, 6.559857 ], [ 90.173091, 6.560676 ], [ 90.172711, 6.561496 ], [ 90.172332, 6.562315 ], [ 90.171953, 6.563134 ], [ 90.171573, 6.563953 ], [ 90.171195, 6.56477 ], [ 90.170815, 6.56559 ], [ 90.170435, 6.56641 ], [ 90.170057, 6.567228 ], [ 90.169677, 6.568047 ], [ 90.169298, 6.568866 ], [ 90.168919, 6.569685 ], [ 90.168539, 6.570504 ], [ 90.16816, 6.571324 ], [ 90.16778, 6.572143 ], [ 90.167402, 6.57296 ], [ 90.167023, 6.573779 ], [ 90.166643, 6.5746 ], [ 90.166263, 6.575419 ], [ 90.165884, 6.576237 ], [ 90.165505, 6.577056 ], [ 90.165126, 6.577874 ], [ 90.164747, 6.578693 ], [ 90.164367, 6.579513 ], [ 90.163988, 6.580332 ], [ 90.163608, 6.581151 ], [ 90.16323, 6.581968 ], [ 90.162851, 6.582787 ], [ 90.16247, 6.583608 ], [ 90.162091, 6.584427 ], [ 90.161712, 6.585246 ], [ 90.161333, 6.586064 ], [ 90.160954, 6.586883 ], [ 90.160574, 6.587702 ], [ 90.160195, 6.588521 ], [ 90.159815, 6.589341 ], [ 90.159436, 6.59016 ], [ 90.159058, 6.590977 ], [ 90.158678, 6.591796 ], [ 90.158298, 6.592617 ], [ 90.157919, 6.593436 ], [ 90.15754, 6.594254 ], [ 90.157161, 6.595072 ], [ 90.156781, 6.595891 ], [ 90.156402, 6.596711 ], [ 90.156022, 6.59753 ], [ 90.155643, 6.59835 ], [ 90.155264, 6.599167 ], [ 90.154885, 6.599985 ], [ 90.154505, 6.600806 ], [ 90.154126, 6.601625 ], [ 90.153746, 6.602444 ], [ 90.153367, 6.603263 ], [ 90.152988, 6.604081 ], [ 90.152609, 6.6049 ], [ 90.152229, 6.60572 ], [ 90.15185, 6.606539 ], [ 90.15147, 6.607358 ], [ 90.151092, 6.608176 ], [ 90.150713, 6.608994 ], [ 90.150332, 6.609815 ], [ 90.149953, 6.610634 ], [ 90.149574, 6.611452 ], [ 90.149195, 6.61227 ], [ 90.148816, 6.61309 ], [ 90.148436, 6.61391 ], [ 90.148057, 6.614728 ], [ 90.147677, 6.615547 ], [ 90.144448, 6.622713 ], [ 90.143882, 6.623876 ], [ 90.143499, 6.624695 ], [ 90.143117, 6.625513 ], [ 90.142734, 6.62633 ], [ 90.142352, 6.627147 ], [ 90.14197, 6.627964 ], [ 90.141587, 6.628783 ], [ 90.141204, 6.6296 ], [ 90.140822, 6.630418 ], [ 90.140439, 6.631236 ], [ 90.140057, 6.632053 ], [ 90.139674, 6.63287 ], [ 90.139292, 6.633688 ], [ 90.138909, 6.634506 ], [ 90.138526, 6.635323 ], [ 90.138145, 6.636139 ], [ 90.136098, 6.640556 ], [ 90.13572, 6.641378 ], [ 90.135343, 6.6422 ], [ 90.134967, 6.643019 ], [ 90.13459, 6.64384 ], [ 90.134214, 6.644659 ], [ 90.133837, 6.64548 ], [ 90.13346, 6.646301 ], [ 90.133084, 6.647122 ], [ 90.132707, 6.647942 ], [ 90.132331, 6.648762 ], [ 90.131955, 6.649581 ], [ 90.131578, 6.650402 ], [ 90.1312, 6.651224 ], [ 90.130825, 6.652043 ], [ 90.129331, 6.655337 ], [ 90.126434, 6.661409 ], [ 90.126054, 6.662229 ], [ 90.125675, 6.663048 ], [ 90.125427, 6.663941 ], [ 90.125047, 6.664754 ], [ 90.124642, 6.66556 ], [ 90.12427, 6.666383 ], [ 90.123876, 6.667194 ], [ 90.12348, 6.668003 ], [ 90.123083, 6.668812 ], [ 90.122714, 6.669635 ], [ 90.122327, 6.670451 ], [ 90.12194, 6.671267 ], [ 90.121553, 6.672083 ], [ 90.121166, 6.672898 ], [ 90.12078, 6.673711 ], [ 90.120393, 6.674527 ], [ 90.120033, 6.675288 ], [ 90.119627, 6.676162 ], [ 90.119247, 6.67698 ], [ 90.118867, 6.677798 ], [ 90.118487, 6.678617 ], [ 90.118107, 6.679437 ], [ 90.117727, 6.680255 ], [ 90.117347, 6.681074 ], [ 90.116976, 6.681896 ], [ 90.116587, 6.68271 ], [ 90.116206, 6.683531 ], [ 90.115834, 6.684353 ], [ 90.11297, 6.690602 ], [ 90.112048, 6.692621 ], [ 90.111625, 6.693543 ], [ 90.111247, 6.694362 ], [ 90.110868, 6.695181 ], [ 90.110504, 6.696007 ], [ 90.110074, 6.696917 ], [ 90.109736, 6.697641 ], [ 90.109363, 6.698463 ], [ 90.108991, 6.699284 ], [ 90.108618, 6.700106 ], [ 90.108231, 6.700921 ], [ 90.10787, 6.701748 ], [ 90.107538, 6.702586 ], [ 90.107183, 6.703412 ], [ 90.105991, 6.705551 ], [ 90.103943, 6.709968 ], [ 90.102923, 6.712178 ], [ 90.102547, 6.712999 ], [ 90.102168, 6.713823 ], [ 90.101792, 6.714643 ], [ 90.101415, 6.715462 ], [ 90.101039, 6.716283 ], [ 90.100662, 6.717102 ], [ 90.100286, 6.717923 ], [ 90.099908, 6.718744 ], [ 90.099532, 6.719564 ], [ 90.099154, 6.720386 ], [ 90.098779, 6.721204 ], [ 90.098403, 6.722023 ], [ 90.098003, 6.722892 ], [ 90.097859, 6.723199 ], [ 90.094564, 6.730204 ], [ 90.094185, 6.731023 ], [ 90.093805, 6.731844 ], [ 90.093425, 6.732662 ], [ 90.093046, 6.733482 ], [ 90.092667, 6.734299 ], [ 90.092288, 6.735118 ], [ 90.091908, 6.735938 ], [ 90.091528, 6.736758 ], [ 90.091149, 6.737576 ], [ 90.089611, 6.740919 ], [ 90.086554, 6.747613 ], [ 90.085866, 6.749124 ], [ 90.084857, 6.751295 ], [ 90.08468, 6.751679 ], [ 90.084207, 6.752695 ], [ 90.082475, 6.756353 ], [ 90.082098, 6.757161 ], [ 90.08172, 6.75797 ], [ 90.081061, 6.759387 ], [ 90.079745, 6.762221 ], [ 90.079089, 6.763639 ], [ 90.076472, 6.769313 ], [ 90.07582, 6.770732 ], [ 90.074846, 6.772856 ], [ 90.072587, 6.777663 ], [ 90.071036, 6.780986 ], [ 90.070657, 6.781803 ], [ 90.070279, 6.78262 ], [ 90.069899, 6.78344 ], [ 90.069519, 6.78426 ], [ 90.06914, 6.785079 ], [ 90.06876, 6.785898 ], [ 90.068381, 6.786716 ], [ 90.068002, 6.787535 ], [ 90.067622, 6.788355 ], [ 90.067242, 6.789174 ], [ 90.066863, 6.789994 ], [ 90.066484, 6.790811 ], [ 90.066105, 6.79163 ], [ 90.065724, 6.792451 ], [ 90.065345, 6.79327 ], [ 90.064965, 6.794088 ], [ 90.064586, 6.794907 ], [ 90.064207, 6.795725 ], [ 90.063827, 6.796544 ], [ 90.063447, 6.797364 ], [ 90.063068, 6.798184 ], [ 90.062688, 6.799003 ], [ 90.06231, 6.79982 ], [ 90.06193, 6.800639 ], [ 90.06155, 6.80146 ], [ 90.06117, 6.802279 ], [ 90.060791, 6.803097 ], [ 90.060412, 6.803915 ], [ 90.060032, 6.804735 ], [ 90.059652, 6.805555 ], [ 90.059273, 6.806373 ], [ 90.058893, 6.807193 ], [ 90.058514, 6.808012 ], [ 90.058135, 6.808829 ], [ 90.057756, 6.809648 ], [ 90.057375, 6.810469 ], [ 90.056996, 6.811288 ], [ 90.056616, 6.812107 ], [ 90.056237, 6.812925 ], [ 90.055858, 6.813744 ], [ 90.055478, 6.814564 ], [ 90.055098, 6.815383 ], [ 90.054719, 6.816202 ], [ 90.05434, 6.81702 ], [ 90.05396, 6.817838 ], [ 90.05358, 6.818659 ], [ 90.0532, 6.819478 ], [ 90.052821, 6.820297 ], [ 90.052442, 6.821116 ], [ 90.052063, 6.821934 ], [ 90.051683, 6.822753 ], [ 90.051303, 6.823573 ], [ 90.050924, 6.824392 ], [ 90.050544, 6.825212 ], [ 90.050165, 6.826029 ], [ 90.049786, 6.826848 ], [ 90.049405, 6.827669 ], [ 90.049026, 6.828488 ], [ 90.048647, 6.829306 ], [ 90.048268, 6.830124 ], [ 90.047888, 6.830943 ], [ 90.047508, 6.831764 ], [ 90.047128, 6.832582 ], [ 90.046749, 6.833402 ], [ 90.046369, 6.834221 ], [ 90.04599, 6.835038 ], [ 90.045611, 6.835857 ], [ 90.04523, 6.836678 ], [ 90.044851, 6.837497 ], [ 90.044472, 6.838315 ], [ 90.044093, 6.839133 ], [ 90.043713, 6.839953 ], [ 90.043333, 6.840773 ], [ 90.042954, 6.841592 ], [ 90.042574, 6.842411 ], [ 90.042195, 6.843229 ], [ 90.041816, 6.844047 ], [ 90.041435, 6.844868 ], [ 90.041056, 6.845687 ], [ 90.040676, 6.846506 ], [ 90.040297, 6.847325 ], [ 90.039918, 6.848143 ], [ 90.039538, 6.848962 ], [ 90.039158, 6.849782 ], [ 90.038779, 6.850601 ], [ 90.038399, 6.851421 ], [ 90.03802, 6.852238 ], [ 90.037641, 6.853057 ], [ 90.03726, 6.853877 ], [ 90.036881, 6.854697 ], [ 90.036501, 6.855516 ], [ 90.036122, 6.856333 ], [ 90.035743, 6.857153 ], [ 90.035362, 6.857973 ], [ 90.034983, 6.858791 ], [ 90.034604, 6.85961 ], [ 90.034224, 6.86043 ], [ 90.033845, 6.861248 ], [ 90.033466, 6.862066 ], [ 90.033085, 6.862887 ], [ 90.032705, 6.863706 ], [ 90.032326, 6.864525 ], [ 90.031947, 6.865342 ], [ 90.031567, 6.866162 ], [ 90.031187, 6.866982 ], [ 90.030808, 6.867801 ], [ 90.030428, 6.86862 ], [ 90.030049, 6.869438 ], [ 90.02967, 6.870257 ], [ 90.02929, 6.871077 ], [ 90.02891, 6.871897 ], [ 90.02853, 6.872716 ], [ 90.028151, 6.873534 ], [ 90.027772, 6.874352 ], [ 90.027394, 6.875167 ], [ 90.026712, 6.876644 ], [ 90.025352, 6.879598 ], [ 90.024673, 6.881076 ], [ 90.021966, 6.886992 ], [ 90.021292, 6.888471 ], [ 90.019946, 6.891431 ], [ 90.019275, 6.892911 ], [ 90.013919, 6.904768 ], [ 90.013252, 6.90625 ], [ 90.01192, 6.909216 ], [ 90.011257, 6.910699 ], [ 90.008608, 6.916639 ], [ 90.007948, 6.918124 ], [ 90.006631, 6.921095 ], [ 90.005975, 6.92258 ], [ 89.995491, 6.946396 ], [ 89.994839, 6.947883 ], [ 89.993537, 6.950861 ], [ 89.992888, 6.95235 ], [ 89.990296, 6.958315 ], [ 89.98965, 6.959806 ], [ 89.988362, 6.962791 ], [ 89.98772, 6.964284 ], [ 89.982592, 6.976242 ], [ 89.981954, 6.977736 ], [ 89.980679, 6.980728 ], [ 89.980044, 6.982225 ], [ 89.977509, 6.988216 ], [ 89.976878, 6.989714 ], [ 89.975618, 6.992713 ], [ 89.974989, 6.994213 ], [ 89.974642, 6.995047 ], [ 89.974294, 6.99588 ], [ 89.973947, 6.996711 ], [ 89.973599, 6.997544 ], [ 89.973252, 6.998377 ], [ 89.972904, 6.99921 ], [ 89.972556, 7.000043 ], [ 89.972208, 7.000878 ], [ 89.97186, 7.001711 ], [ 89.971513, 7.002543 ], [ 89.971165, 7.003377 ], [ 89.970817, 7.00421 ], [ 89.97047, 7.005042 ], [ 89.970122, 7.005876 ], [ 89.969774, 7.006709 ], [ 89.969426, 7.007543 ], [ 89.969078, 7.008377 ], [ 89.968731, 7.009208 ], [ 89.968383, 7.010041 ], [ 89.968035, 7.010875 ], [ 89.967688, 7.011708 ], [ 89.96734, 7.012542 ], [ 89.966991, 7.013376 ], [ 89.966644, 7.014209 ], [ 89.966297, 7.01504 ], [ 89.965949, 7.015874 ], [ 89.965601, 7.016707 ], [ 89.965253, 7.01754 ], [ 89.964906, 7.018373 ], [ 89.964558, 7.019206 ], [ 89.964209, 7.020041 ], [ 89.963862, 7.020874 ], [ 89.963514, 7.021706 ], [ 89.963166, 7.02254 ], [ 89.962819, 7.023372 ], [ 89.962471, 7.024205 ], [ 89.962123, 7.025039 ], [ 89.961775, 7.025873 ], [ 89.961427, 7.026706 ], [ 89.96108, 7.027538 ], [ 89.960732, 7.028371 ], [ 89.960385, 7.029204 ], [ 89.960037, 7.030038 ], [ 89.959689, 7.030871 ], [ 89.95934, 7.031706 ], [ 89.958993, 7.032538 ], [ 89.958646, 7.03337 ], [ 89.958298, 7.034203 ], [ 89.95795, 7.035037 ], [ 89.957602, 7.03587 ], [ 89.957255, 7.036703 ], [ 89.956907, 7.037536 ], [ 89.956558, 7.038371 ], [ 89.956211, 7.039204 ], [ 89.955863, 7.040036 ], [ 89.955516, 7.040869 ], [ 89.955168, 7.041702 ], [ 89.95482, 7.042535 ], [ 89.954472, 7.043368 ], [ 89.954124, 7.044203 ], [ 89.953776, 7.045036 ], [ 89.953429, 7.045868 ], [ 89.953081, 7.046701 ], [ 89.952733, 7.047534 ], [ 89.952386, 7.048367 ], [ 89.952038, 7.049201 ], [ 89.95169, 7.050034 ], [ 89.951342, 7.050868 ], [ 89.950994, 7.051702 ], [ 89.950647, 7.052533 ], [ 89.950299, 7.053366 ], [ 89.949951, 7.0542 ], [ 89.949603, 7.055033 ], [ 89.949256, 7.055866 ], [ 89.948907, 7.056701 ], [ 89.948559, 7.057534 ], [ 89.948212, 7.058366 ], [ 89.947864, 7.059199 ], [ 89.947517, 7.060032 ], [ 89.947169, 7.060865 ], [ 89.946821, 7.061698 ], [ 89.946473, 7.062531 ], [ 89.946125, 7.063366 ], [ 89.945777, 7.064199 ], [ 89.94543, 7.065031 ], [ 89.945082, 7.065864 ], [ 89.944734, 7.066697 ], [ 89.944386, 7.067531 ], [ 89.944038, 7.068364 ], [ 89.94369, 7.069198 ], [ 89.943342, 7.070031 ], [ 89.942995, 7.070863 ], [ 89.942647, 7.071696 ], [ 89.9423, 7.07253 ], [ 89.941952, 7.073363 ], [ 89.941604, 7.074196 ], [ 89.941256, 7.075029 ], [ 89.940908, 7.075864 ], [ 89.94056, 7.076698 ], [ 89.940212, 7.077529 ], [ 89.939865, 7.078362 ], [ 89.939517, 7.079195 ], [ 89.939169, 7.080028 ], [ 89.938821, 7.080861 ], [ 89.938473, 7.081696 ], [ 89.938125, 7.082529 ], [ 89.937778, 7.083361 ], [ 89.93743, 7.084194 ], [ 89.937082, 7.085027 ], [ 89.936734, 7.085861 ], [ 89.93429, 7.091905 ], [ 89.934035, 7.092506 ], [ 89.933683, 7.093337 ], [ 89.933331, 7.094168 ], [ 89.932978, 7.094999 ], [ 89.932626, 7.095831 ], [ 89.932273, 7.096662 ], [ 89.931921, 7.097494 ], [ 89.931568, 7.098326 ], [ 89.931216, 7.099156 ], [ 89.930864, 7.099987 ], [ 89.930511, 7.100819 ], [ 89.930159, 7.101649 ], [ 89.929808, 7.102479 ], [ 89.927461, 7.108086 ], [ 89.927115, 7.108922 ], [ 89.92677, 7.109757 ], [ 89.926426, 7.110589 ], [ 89.926081, 7.111424 ], [ 89.925736, 7.112259 ], [ 89.925392, 7.113093 ], [ 89.925047, 7.113927 ], [ 89.924701, 7.114764 ], [ 89.924356, 7.115599 ], [ 89.924012, 7.116432 ], [ 89.923667, 7.117266 ], [ 89.923322, 7.1181 ], [ 89.922977, 7.118935 ], [ 89.922633, 7.119769 ], [ 89.922268, 7.120653 ], [ 89.921895, 7.121555 ], [ 89.92063, 7.124645 ], [ 89.918647, 7.129187 ], [ 89.918299, 7.13002 ], [ 89.917951, 7.130853 ], [ 89.917602, 7.131688 ], [ 89.917254, 7.132521 ], [ 89.916907, 7.133353 ], [ 89.91656, 7.134186 ], [ 89.916212, 7.135019 ], [ 89.915864, 7.135852 ], [ 89.915516, 7.136685 ], [ 89.915168, 7.13752 ], [ 89.91482, 7.138353 ], [ 89.914472, 7.139185 ], [ 89.914124, 7.140018 ], [ 89.913776, 7.140852 ], [ 89.913428, 7.141685 ], [ 89.913081, 7.142518 ], [ 89.912733, 7.143351 ], [ 89.912385, 7.144186 ], [ 89.912037, 7.145019 ], [ 89.911689, 7.145851 ], [ 89.911341, 7.146684 ], [ 89.910994, 7.147517 ], [ 89.910646, 7.14835 ], [ 89.910298, 7.149183 ], [ 89.907669, 7.155576 ], [ 89.907232, 7.15661 ], [ 89.907157, 7.157101 ], [ 89.906974, 7.157497 ], [ 89.906607, 7.158312 ], [ 89.906294, 7.159156 ], [ 89.905901, 7.15997 ], [ 89.905546, 7.160799 ], [ 89.905191, 7.161629 ], [ 89.904835, 7.162459 ], [ 89.90448, 7.163289 ], [ 89.904124, 7.164119 ], [ 89.903789, 7.164957 ], [ 89.903432, 7.165784 ], [ 89.902681, 7.167529 ], [ 89.900985, 7.171566 ], [ 89.900176, 7.173496 ], [ 89.899828, 7.174326 ], [ 89.899478, 7.175155 ], [ 89.89913, 7.175989 ], [ 89.898783, 7.176823 ], [ 89.898435, 7.177656 ], [ 89.898093, 7.178492 ], [ 89.89775, 7.179329 ], [ 89.897412, 7.180167 ], [ 89.897067, 7.180998 ], [ 89.896724, 7.181835 ], [ 89.896382, 7.182671 ], [ 89.89604, 7.183506 ], [ 89.895698, 7.184342 ], [ 89.895355, 7.185179 ], [ 89.895026, 7.186022 ], [ 89.893635, 7.189461 ], [ 89.893231, 7.19044 ], [ 89.892731, 7.191684 ], [ 89.89242, 7.192461 ], [ 89.89178, 7.194008 ], [ 89.891476, 7.194789 ], [ 89.891105, 7.195659 ], [ 89.890741, 7.196469 ], [ 89.89027, 7.197257 ], [ 89.889877, 7.198188 ], [ 89.889094, 7.200051 ], [ 89.888703, 7.200983 ], [ 89.888408, 7.201685 ], [ 89.8882, 7.20218 ], [ 89.887829, 7.203062 ], [ 89.885329, 7.20902 ], [ 89.884888, 7.210073 ], [ 89.884153, 7.21183 ], [ 89.883713, 7.212884 ], [ 89.883293, 7.21389 ], [ 89.882824, 7.215016 ], [ 89.881889, 7.217271 ], [ 89.881422, 7.218398 ], [ 89.880072, 7.221671 ], [ 89.879306, 7.223473 ], [ 89.877232, 7.228385 ], [ 89.8762, 7.230843 ], [ 89.875853, 7.231673 ], [ 89.875506, 7.232506 ], [ 89.875158, 7.233339 ], [ 89.87481, 7.234172 ], [ 89.874462, 7.235005 ], [ 89.874114, 7.235838 ], [ 89.873766, 7.236671 ], [ 89.873418, 7.237506 ], [ 89.87307, 7.238339 ], [ 89.872722, 7.239171 ], [ 89.872374, 7.240004 ], [ 89.872026, 7.240838 ], [ 89.871678, 7.241671 ], [ 89.87133, 7.242505 ], [ 89.870982, 7.243339 ], [ 89.870634, 7.244172 ], [ 89.870287, 7.245004 ], [ 89.869939, 7.245837 ], [ 89.869591, 7.24667 ], [ 89.869243, 7.247503 ], [ 89.868895, 7.248337 ], [ 89.868546, 7.249171 ], [ 89.868198, 7.250004 ], [ 89.86785, 7.250837 ], [ 89.867502, 7.25167 ], [ 89.867155, 7.252503 ], [ 89.866807, 7.253336 ], [ 89.866459, 7.254169 ], [ 89.866111, 7.255002 ], [ 89.865762, 7.255837 ], [ 89.865414, 7.25667 ], [ 89.865067, 7.257502 ], [ 89.864719, 7.258335 ], [ 89.864371, 7.259169 ], [ 89.864023, 7.260002 ], [ 89.863675, 7.260836 ], [ 89.863326, 7.26167 ], [ 89.862978, 7.262503 ], [ 89.862631, 7.263335 ], [ 89.862283, 7.264168 ], [ 89.861935, 7.265001 ], [ 89.861587, 7.265835 ], [ 89.861239, 7.266668 ], [ 89.860891, 7.267501 ], [ 89.860542, 7.268336 ], [ 89.860194, 7.26917 ], [ 89.859847, 7.270001 ], [ 89.859499, 7.270834 ], [ 89.859151, 7.271667 ], [ 89.858803, 7.2725 ], [ 89.858455, 7.273334 ], [ 89.858107, 7.274168 ], [ 89.857759, 7.275002 ], [ 89.857411, 7.275833 ], [ 89.857063, 7.276667 ], [ 89.856715, 7.2775 ], [ 89.856367, 7.278334 ], [ 89.856019, 7.279167 ], [ 89.855671, 7.28 ], [ 89.855323, 7.280834 ], [ 89.854975, 7.281668 ], [ 89.854627, 7.282499 ], [ 89.854279, 7.283333 ], [ 89.853931, 7.284166 ], [ 89.853583, 7.284999 ], [ 89.853235, 7.285832 ], [ 89.852886, 7.286667 ], [ 89.852538, 7.287501 ], [ 89.852191, 7.288333 ], [ 89.851843, 7.289165 ], [ 89.851495, 7.289999 ], [ 89.851147, 7.290832 ], [ 89.850799, 7.291665 ], [ 89.850451, 7.292498 ], [ 89.850102, 7.293333 ], [ 89.849754, 7.294166 ], [ 89.849407, 7.294998 ], [ 89.849059, 7.295831 ], [ 89.848711, 7.296665 ], [ 89.848363, 7.297498 ], [ 89.848015, 7.298331 ], [ 89.847666, 7.299166 ], [ 89.847318, 7.299999 ], [ 89.846971, 7.300831 ], [ 89.846623, 7.301664 ], [ 89.846275, 7.302497 ], [ 89.845927, 7.30333 ], [ 89.845579, 7.304164 ], [ 89.845231, 7.304997 ], [ 89.844882, 7.305832 ], [ 89.844534, 7.306665 ], [ 89.844187, 7.307497 ], [ 89.843839, 7.30833 ], [ 89.843491, 7.309163 ], [ 89.843143, 7.309996 ], [ 89.842795, 7.31083 ], [ 89.842446, 7.311664 ], [ 89.842098, 7.312498 ], [ 89.84175, 7.313329 ], [ 89.841402, 7.314163 ], [ 89.841054, 7.314997 ], [ 89.840706, 7.31583 ], [ 89.840358, 7.316662 ], [ 89.84001, 7.317496 ], [ 89.839662, 7.31833 ], [ 89.839314, 7.319164 ], [ 89.838966, 7.319996 ], [ 89.838618, 7.320829 ], [ 89.83827, 7.321662 ], [ 89.837922, 7.322495 ], [ 89.837574, 7.323329 ], [ 89.837225, 7.324164 ], [ 89.836877, 7.324997 ], [ 89.83653, 7.325828 ], [ 89.836182, 7.326662 ], [ 89.835834, 7.327495 ], [ 89.835486, 7.328328 ], [ 89.835138, 7.329161 ], [ 89.834789, 7.329996 ], [ 89.834441, 7.330829 ], [ 89.834094, 7.331661 ], [ 89.833745, 7.332494 ], [ 89.833397, 7.333328 ], [ 89.833049, 7.334161 ], [ 89.832701, 7.334994 ], [ 89.832353, 7.335827 ], [ 89.832005, 7.336662 ], [ 89.831657, 7.337495 ], [ 89.831309, 7.338327 ], [ 89.830961, 7.33916 ], [ 89.830613, 7.339994 ], [ 89.830265, 7.340827 ], [ 89.829917, 7.341661 ], [ 89.829568, 7.342495 ], [ 89.82922, 7.343328 ], [ 89.828873, 7.34416 ], [ 89.828525, 7.344993 ], [ 89.828177, 7.345826 ], [ 89.827829, 7.34666 ], [ 89.82748, 7.347493 ], [ 89.827132, 7.348326 ], [ 89.826784, 7.349161 ], [ 89.826436, 7.349994 ], [ 89.826088, 7.350827 ], [ 89.82574, 7.35166 ], [ 89.825392, 7.352493 ], [ 89.825044, 7.353326 ], [ 89.824696, 7.354159 ], [ 89.824347, 7.354994 ], [ 89.823999, 7.355827 ], [ 89.823652, 7.356659 ], [ 89.823304, 7.357492 ], [ 89.822956, 7.358325 ], [ 89.822607, 7.359159 ], [ 89.822259, 7.359992 ], [ 89.821911, 7.360826 ], [ 89.821563, 7.36166 ], [ 89.821215, 7.362493 ], [ 89.820867, 7.363325 ], [ 89.820519, 7.364158 ], [ 89.820171, 7.364992 ], [ 89.819823, 7.365825 ], [ 89.819475, 7.366658 ], [ 89.819126, 7.367493 ], [ 89.818778, 7.368326 ], [ 89.81843, 7.369158 ], [ 89.818082, 7.369992 ], [ 89.817734, 7.370824 ], [ 89.817386, 7.371658 ], [ 89.817038, 7.372491 ], [ 89.81669, 7.373324 ], [ 89.816341, 7.374159 ], [ 89.815993, 7.374992 ], [ 89.815646, 7.375824 ], [ 89.815298, 7.376657 ], [ 89.81495, 7.377491 ], [ 89.814601, 7.378324 ], [ 89.814253, 7.379158 ], [ 89.813905, 7.379992 ], [ 89.813557, 7.380825 ], [ 89.813209, 7.381657 ], [ 89.812861, 7.38249 ], [ 89.812513, 7.383323 ], [ 89.812165, 7.384157 ], [ 89.811817, 7.38499 ], [ 89.811469, 7.385823 ], [ 89.81112, 7.386658 ], [ 89.810772, 7.387492 ], [ 89.810424, 7.388324 ], [ 89.810076, 7.389156 ], [ 89.809728, 7.38999 ], [ 89.80938, 7.390823 ], [ 89.809032, 7.391656 ], [ 89.808683, 7.392491 ], [ 89.808335, 7.393324 ], [ 89.807988, 7.394156 ], [ 89.80764, 7.394989 ], [ 89.807291, 7.395822 ], [ 89.806943, 7.396656 ], [ 89.806595, 7.39749 ], [ 89.806246, 7.398324 ], [ 89.805898, 7.399157 ], [ 89.805551, 7.399989 ], [ 89.805203, 7.400822 ], [ 89.804855, 7.401655 ], [ 89.804507, 7.402489 ], [ 89.804158, 7.403322 ], [ 89.80381, 7.404155 ], [ 89.803462, 7.40499 ], [ 89.803113, 7.405824 ], [ 89.802766, 7.406656 ], [ 89.802418, 7.407488 ], [ 89.80207, 7.408322 ], [ 89.801722, 7.409155 ], [ 89.801373, 7.409988 ], [ 89.801025, 7.410823 ], [ 89.800677, 7.411656 ], [ 89.800329, 7.412488 ], [ 89.799981, 7.413321 ], [ 89.799633, 7.414155 ], [ 89.799284, 7.414988 ], [ 89.798936, 7.415822 ], [ 89.798588, 7.416654 ], [ 89.79824, 7.417489 ], [ 89.797892, 7.418322 ], [ 89.797544, 7.419154 ], [ 89.797206, 7.419963 ], [ 89.791068, 7.433218 ], [ 89.790303, 7.434876 ], [ 89.788777, 7.438196 ], [ 89.788016, 7.439857 ], [ 89.78498, 7.446508 ], [ 89.784223, 7.448171 ], [ 89.782715, 7.451499 ], [ 89.781963, 7.453164 ], [ 89.775962, 7.4665 ], [ 89.775215, 7.468166 ], [ 89.773725, 7.471503 ], [ 89.772982, 7.473172 ], [ 89.770018, 7.479855 ], [ 89.76928, 7.481526 ], [ 89.767807, 7.484871 ], [ 89.767074, 7.486543 ], [ 89.761218, 7.499944 ], [ 89.760489, 7.501618 ], [ 89.759035, 7.504971 ], [ 89.75831, 7.506648 ], [ 89.755419, 7.513363 ], [ 89.754699, 7.515041 ], [ 89.753263, 7.518402 ], [ 89.752548, 7.520082 ], [ 89.746837, 7.533545 ], [ 89.746127, 7.535227 ], [ 89.744709, 7.538596 ], [ 89.744002, 7.54028 ], [ 89.741184, 7.547026 ], [ 89.740482, 7.548713 ], [ 89.739083, 7.552089 ], [ 89.738386, 7.553777 ], [ 89.732822, 7.5673 ], [ 89.73213, 7.56899 ], [ 89.730748, 7.572374 ], [ 89.73006, 7.574066 ], [ 89.727315, 7.580842 ], [ 89.726632, 7.582536 ], [ 89.725269, 7.585927 ], [ 89.72459, 7.587622 ], [ 89.719174, 7.601205 ], [ 89.7185, 7.602903 ], [ 89.717155, 7.606301 ], [ 89.716486, 7.608 ], [ 89.713814, 7.614806 ], [ 89.713149, 7.616507 ], [ 89.711823, 7.619913 ], [ 89.711163, 7.621615 ], [ 89.705894, 7.635256 ], [ 89.705516, 7.636238 ], [ 89.70476, 7.638205 ], [ 89.701054, 7.648073 ], [ 89.700676, 7.649141 ], [ 89.698582, 7.654562 ], [ 89.698172, 7.655648 ], [ 89.697139, 7.658384 ], [ 89.695208, 7.663503 ], [ 89.693832, 7.667152 ], [ 89.693066, 7.669178 ], [ 89.692687, 7.670093 ], [ 89.692342, 7.670927 ], [ 89.691997, 7.67176 ], [ 89.691652, 7.672595 ], [ 89.691306, 7.673429 ], [ 89.690961, 7.674264 ], [ 89.690615, 7.6751 ], [ 89.690269, 7.675934 ], [ 89.689923, 7.67677 ], [ 89.689578, 7.677605 ], [ 89.689233, 7.678437 ], [ 89.688887, 7.679272 ], [ 89.688519, 7.680163 ], [ 89.687202, 7.683243 ], [ 89.685057, 7.688317 ], [ 89.684709, 7.68915 ], [ 89.68436, 7.689983 ], [ 89.684012, 7.690817 ], [ 89.683663, 7.691651 ], [ 89.683315, 7.692483 ], [ 89.682967, 7.693316 ], [ 89.682619, 7.694149 ], [ 89.68227, 7.694983 ], [ 89.681922, 7.695816 ], [ 89.681573, 7.696651 ], [ 89.681224, 7.697484 ], [ 89.680876, 7.698317 ], [ 89.680528, 7.69915 ], [ 89.68018, 7.699983 ], [ 89.679831, 7.700816 ], [ 89.679483, 7.70165 ], [ 89.679135, 7.702483 ], [ 89.678786, 7.703318 ], [ 89.678437, 7.704151 ], [ 89.678089, 7.704983 ], [ 89.677741, 7.705817 ], [ 89.677393, 7.70665 ], [ 89.677044, 7.707484 ], [ 89.676696, 7.708317 ], [ 89.676347, 7.709151 ], [ 89.675999, 7.709985 ], [ 89.675651, 7.710817 ], [ 89.675302, 7.71165 ], [ 89.674954, 7.712483 ], [ 89.674763, 7.713395 ], [ 89.67441, 7.714226 ], [ 89.674027, 7.715042 ], [ 89.673677, 7.715876 ], [ 89.673301, 7.716696 ], [ 89.672986, 7.717497 ], [ 89.672577, 7.718343 ], [ 89.672226, 7.719176 ], [ 89.671875, 7.720008 ], [ 89.671524, 7.72084 ], [ 89.671172, 7.721674 ], [ 89.670821, 7.722506 ], [ 89.670501, 7.72335 ], [ 89.670148, 7.724182 ], [ 89.669795, 7.725013 ], [ 89.669442, 7.725845 ], [ 89.669089, 7.726677 ], [ 89.668736, 7.727507 ], [ 89.668383, 7.72834 ], [ 89.66803, 7.729172 ], [ 89.667678, 7.730002 ], [ 89.667325, 7.730833 ], [ 89.666972, 7.731664 ], [ 89.666619, 7.732496 ], [ 89.666266, 7.733327 ], [ 89.665913, 7.73416 ], [ 89.665559, 7.734992 ], [ 89.665207, 7.735822 ], [ 89.664854, 7.736653 ], [ 89.664501, 7.737484 ], [ 89.664156, 7.738319 ], [ 89.663811, 7.739154 ], [ 89.663466, 7.739988 ], [ 89.66312, 7.740824 ], [ 89.662774, 7.741659 ], [ 89.66243, 7.742492 ], [ 89.662084, 7.743327 ], [ 89.661739, 7.744162 ], [ 89.661393, 7.744997 ], [ 89.661048, 7.745831 ], [ 89.660702, 7.746667 ], [ 89.660357, 7.747501 ], [ 89.660012, 7.748334 ], [ 89.659667, 7.749169 ], [ 89.659322, 7.750004 ], [ 89.658976, 7.750838 ], [ 89.658707, 7.751522 ], [ 89.658351, 7.752465 ], [ 89.656951, 7.755279 ], [ 89.656163, 7.75701 ], [ 89.654592, 7.760474 ], [ 89.65381, 7.762206 ], [ 89.647563, 7.776084 ], [ 89.646785, 7.777818 ], [ 89.645234, 7.781291 ], [ 89.644461, 7.783028 ], [ 89.641377, 7.789984 ], [ 89.640609, 7.791723 ], [ 89.639077, 7.795204 ], [ 89.638315, 7.796944 ], [ 89.633753, 7.807392 ], [ 89.629736, 7.816494 ], [ 89.628898, 7.8184 ], [ 89.627228, 7.822217 ], [ 89.626396, 7.824127 ], [ 89.623077, 7.831775 ], [ 89.62225, 7.833687 ], [ 89.620603, 7.837515 ], [ 89.619783, 7.839429 ], [ 89.613239, 7.854769 ], [ 89.612424, 7.856686 ], [ 89.610801, 7.860524 ], [ 89.609992, 7.862444 ], [ 89.606768, 7.870133 ], [ 89.605965, 7.872056 ], [ 89.604365, 7.875904 ], [ 89.603569, 7.877829 ], [ 89.597997, 7.891351 ], [ 89.597303, 7.89304 ], [ 89.59592, 7.896423 ], [ 89.595231, 7.898115 ], [ 89.592482, 7.90489 ], [ 89.591797, 7.906584 ], [ 89.590432, 7.909975 ], [ 89.589752, 7.91167 ], [ 89.584327, 7.925251 ], [ 89.583652, 7.926948 ], [ 89.582306, 7.930346 ], [ 89.581635, 7.932045 ], [ 89.57896, 7.93885 ], [ 89.578293, 7.940551 ], [ 89.576965, 7.943956 ], [ 89.576304, 7.945658 ], [ 89.571027, 7.959297 ], [ 89.570646, 7.960284 ], [ 89.569885, 7.96226 ], [ 89.569505, 7.963248 ], [ 89.567989, 7.967204 ], [ 89.567611, 7.968193 ], [ 89.566856, 7.970172 ], [ 89.566479, 7.971161 ], [ 89.563471, 7.979085 ], [ 89.562996, 7.98034 ], [ 89.562047, 7.982852 ], [ 89.561575, 7.984108 ], [ 89.559688, 7.989137 ], [ 89.559102, 7.990707 ], [ 89.557932, 7.993848 ], [ 89.557349, 7.99542 ], [ 89.556837, 7.996806 ], [ 89.556531, 7.997635 ], [ 89.554721, 8.002548 ], [ 89.554508, 8.003129 ], [ 89.554043, 8.004395 ], [ 89.553871, 8.004864 ], [ 89.553022, 8.00718 ], [ 89.552811, 8.007758 ], [ 89.552388, 8.008916 ], [ 89.552177, 8.009494 ], [ 89.548005, 8.020951 ], [ 89.547485, 8.022383 ], [ 89.546449, 8.025249 ], [ 89.545932, 8.026682 ], [ 89.543872, 8.032419 ], [ 89.543359, 8.033853 ], [ 89.542336, 8.036723 ], [ 89.541826, 8.038158 ], [ 89.537757, 8.049653 ], [ 89.537251, 8.051089 ], [ 89.53624, 8.053964 ], [ 89.535737, 8.055402 ], [ 89.533729, 8.061158 ], [ 89.533229, 8.062596 ], [ 89.532231, 8.065476 ], [ 89.531735, 8.066915 ], [ 89.52777, 8.078446 ], [ 89.527277, 8.079887 ], [ 89.526292, 8.082771 ], [ 89.525802, 8.084213 ], [ 89.523846, 8.089987 ], [ 89.523359, 8.09143 ], [ 89.522388, 8.094318 ], [ 89.521904, 8.095762 ], [ 89.518044, 8.107328 ], [ 89.517564, 8.108773 ], [ 89.516606, 8.111666 ], [ 89.516129, 8.113112 ], [ 89.514225, 8.118903 ], [ 89.513751, 8.120351 ], [ 89.512806, 8.123248 ], [ 89.512336, 8.124696 ], [ 89.508581, 8.136297 ], [ 89.508114, 8.137746 ], [ 89.507182, 8.140647 ], [ 89.506718, 8.142098 ], [ 89.504867, 8.147906 ], [ 89.504406, 8.149358 ], [ 89.503487, 8.152263 ], [ 89.50303, 8.153715 ], [ 89.499381, 8.16535 ], [ 89.498926, 8.166803 ], [ 89.498021, 8.169712 ], [ 89.49757, 8.171167 ], [ 89.495772, 8.176992 ], [ 89.495324, 8.178448 ], [ 89.494432, 8.181361 ], [ 89.493988, 8.182818 ], [ 89.490444, 8.194484 ], [ 89.490003, 8.195942 ], [ 89.489124, 8.198859 ], [ 89.488686, 8.200318 ], [ 89.486941, 8.206158 ], [ 89.486507, 8.207618 ], [ 89.485641, 8.21054 ], [ 89.48521, 8.212 ], [ 89.481772, 8.223698 ], [ 89.481344, 8.225159 ], [ 89.480492, 8.228085 ], [ 89.480067, 8.229547 ], [ 89.478375, 8.235403 ], [ 89.477954, 8.236867 ], [ 89.477115, 8.239796 ], [ 89.476697, 8.24126 ], [ 89.473365, 8.252989 ], [ 89.472951, 8.254454 ], [ 89.472125, 8.257387 ], [ 89.471714, 8.258853 ], [ 89.470075, 8.264724 ], [ 89.469667, 8.266192 ], [ 89.468854, 8.269128 ], [ 89.46845, 8.270596 ], [ 89.465225, 8.282355 ], [ 89.464823, 8.283823 ], [ 89.464024, 8.286764 ], [ 89.463626, 8.288234 ], [ 89.462041, 8.294119 ], [ 89.461646, 8.29559 ], [ 89.46086, 8.298534 ], [ 89.460469, 8.300006 ], [ 89.457351, 8.311792 ], [ 89.456706, 8.314248 ], [ 89.455425, 8.319164 ], [ 89.45479, 8.321622 ], [ 89.452266, 8.331464 ], [ 89.45164, 8.333925 ], [ 89.450396, 8.338849 ], [ 89.44978, 8.341311 ], [ 89.44488, 8.361034 ], [ 89.444273, 8.363498 ], [ 89.443067, 8.368431 ], [ 89.442469, 8.370898 ], [ 89.440095, 8.380776 ], [ 89.439506, 8.383245 ], [ 89.438337, 8.38819 ], [ 89.43821, 8.3887 ], [ 89.437992, 8.389576 ], [ 89.437775, 8.39045 ], [ 89.437557, 8.391324 ], [ 89.43734, 8.392199 ], [ 89.437122, 8.393075 ], [ 89.436904, 8.39395 ], [ 89.436687, 8.394823 ], [ 89.436469, 8.395698 ], [ 89.436251, 8.396574 ], [ 89.436034, 8.397449 ], [ 89.435817, 8.398322 ], [ 89.435599, 8.399197 ], [ 89.435381, 8.400073 ], [ 89.435163, 8.400948 ], [ 89.434946, 8.401821 ], [ 89.434728, 8.402696 ], [ 89.43451, 8.403573 ], [ 89.434293, 8.404447 ], [ 89.434076, 8.405321 ], [ 89.433858, 8.406195 ], [ 89.43364, 8.407072 ], [ 89.433422, 8.407946 ], [ 89.433205, 8.408819 ], [ 89.432988, 8.409695 ], [ 89.43277, 8.410571 ], [ 89.432552, 8.411446 ], [ 89.432335, 8.412319 ], [ 89.432117, 8.413194 ], [ 89.431899, 8.414068 ], [ 89.431681, 8.414945 ], [ 89.431464, 8.41582 ], [ 89.431247, 8.416692 ], [ 89.431029, 8.417567 ], [ 89.430811, 8.418444 ], [ 89.430593, 8.419319 ], [ 89.430376, 8.420192 ], [ 89.430158, 8.421067 ], [ 89.42994, 8.421943 ], [ 89.429723, 8.422818 ], [ 89.429505, 8.423691 ], [ 89.429288, 8.424566 ], [ 89.42907, 8.425442 ], [ 89.428852, 8.426317 ], [ 89.428635, 8.42719 ], [ 89.428417, 8.428065 ], [ 89.428199, 8.428941 ], [ 89.427982, 8.429816 ], [ 89.427764, 8.430689 ], [ 89.427547, 8.431564 ], [ 89.427329, 8.432441 ], [ 89.427111, 8.433315 ], [ 89.426894, 8.434188 ], [ 89.426676, 8.435063 ], [ 89.426458, 8.43594 ], [ 89.42624, 8.436815 ], [ 89.426023, 8.437688 ], [ 89.425806, 8.438563 ], [ 89.425588, 8.439439 ], [ 89.42537, 8.440314 ], [ 89.425153, 8.441187 ], [ 89.424935, 8.442062 ], [ 89.424717, 8.442936 ], [ 89.424499, 8.443812 ], [ 89.424282, 8.444688 ], [ 89.424064, 8.445561 ], [ 89.423847, 8.446436 ], [ 89.423629, 8.447312 ], [ 89.423411, 8.448187 ], [ 89.423194, 8.44906 ], [ 89.422976, 8.449935 ], [ 89.422758, 8.450811 ], [ 89.42254, 8.451686 ], [ 89.422323, 8.452559 ], [ 89.422105, 8.453434 ], [ 89.421887, 8.45431 ], [ 89.42167, 8.455185 ], [ 89.421452, 8.456058 ], [ 89.421235, 8.456933 ], [ 89.421017, 8.45781 ], [ 89.420799, 8.458684 ], [ 89.420582, 8.459558 ], [ 89.420364, 8.460432 ], [ 89.420146, 8.461308 ], [ 89.419928, 8.462183 ], [ 89.419711, 8.463057 ], [ 89.419493, 8.463932 ], [ 89.419275, 8.464808 ], [ 89.419058, 8.465683 ], [ 89.41884, 8.466556 ], [ 89.418623, 8.467431 ], [ 89.418405, 8.468307 ], [ 89.418187, 8.469182 ], [ 89.41797, 8.470055 ], [ 89.417752, 8.47093 ], [ 89.417534, 8.471806 ], [ 89.417316, 8.472681 ], [ 89.417099, 8.473554 ], [ 89.416881, 8.474429 ], [ 89.416664, 8.475304 ], [ 89.416446, 8.47618 ], [ 89.416228, 8.477055 ], [ 89.416011, 8.477928 ], [ 89.415793, 8.478803 ], [ 89.415575, 8.479679 ], [ 89.415357, 8.480554 ], [ 89.41514, 8.481428 ], [ 89.414922, 8.482302 ], [ 89.414704, 8.483179 ], [ 89.414486, 8.484054 ], [ 89.414269, 8.484927 ], [ 89.414051, 8.485802 ], [ 89.413833, 8.486678 ], [ 89.413616, 8.487552 ], [ 89.413398, 8.488426 ], [ 89.413181, 8.489301 ], [ 89.412963, 8.490176 ], [ 89.411813, 8.494867 ], [ 89.410523, 8.500213 ], [ 89.410295, 8.501113 ], [ 89.410073, 8.501987 ], [ 89.409851, 8.50286 ], [ 89.409629, 8.503734 ], [ 89.409407, 8.504609 ], [ 89.409185, 8.505483 ], [ 89.408964, 8.506355 ], [ 89.408743, 8.507226 ], [ 89.40834, 8.508822 ], [ 89.407538, 8.512013 ], [ 89.407139, 8.513609 ], [ 89.405551, 8.519996 ], [ 89.405156, 8.521593 ], [ 89.404369, 8.524789 ], [ 89.403978, 8.526387 ], [ 89.403765, 8.527262 ], [ 89.403552, 8.528138 ], [ 89.403337, 8.529018 ], [ 89.403124, 8.529894 ], [ 89.402912, 8.530767 ], [ 89.402698, 8.531643 ], [ 89.402455, 8.532642 ], [ 89.400824, 8.539016 ], [ 89.399682, 8.543539 ], [ 89.399464, 8.544415 ], [ 89.399246, 8.54529 ], [ 89.398019, 8.550773 ], [ 89.39788, 8.551311 ], [ 89.397654, 8.552185 ], [ 89.39728, 8.553686 ], [ 89.396751, 8.555677 ], [ 89.396525, 8.55655 ], [ 89.396228, 8.557715 ], [ 89.395992, 8.55862 ], [ 89.394184, 8.565706 ], [ 89.394031, 8.566322 ], [ 89.393883, 8.56691 ], [ 89.393223, 8.569562 ], [ 89.392966, 8.570601 ], [ 89.391496, 8.576572 ], [ 89.391148, 8.577989 ], [ 89.390935, 8.578864 ], [ 89.390721, 8.579739 ], [ 89.390037, 8.58257 ], [ 89.389872, 8.583259 ], [ 89.389397, 8.585259 ], [ 89.389145, 8.586324 ], [ 89.38899, 8.586982 ], [ 89.387704, 8.591655 ], [ 89.387487, 8.592529 ], [ 89.387269, 8.593403 ], [ 89.387051, 8.594278 ], [ 89.386833, 8.595155 ], [ 89.386615, 8.596029 ], [ 89.386398, 8.596903 ], [ 89.38618, 8.597777 ], [ 89.385962, 8.598654 ], [ 89.385744, 8.599529 ], [ 89.385526, 8.600402 ], [ 89.385309, 8.601277 ], [ 89.38509, 8.602153 ], [ 89.384873, 8.603028 ], [ 89.384655, 8.603901 ], [ 89.384437, 8.604776 ], [ 89.384219, 8.605652 ], [ 89.384001, 8.606527 ], [ 89.383784, 8.607401 ], [ 89.383566, 8.608275 ], [ 89.383348, 8.609152 ], [ 89.38313, 8.610027 ], [ 89.382913, 8.6109 ], [ 89.382695, 8.611774 ], [ 89.382477, 8.612651 ], [ 89.382259, 8.613526 ], [ 89.382041, 8.614399 ], [ 89.381824, 8.615274 ], [ 89.381605, 8.61615 ], [ 89.381388, 8.617025 ], [ 89.38117, 8.617898 ], [ 89.380952, 8.618773 ], [ 89.380734, 8.61965 ], [ 89.380516, 8.620524 ], [ 89.380299, 8.621397 ], [ 89.380081, 8.622273 ], [ 89.379863, 8.623147 ], [ 89.379645, 8.624024 ], [ 89.379427, 8.624899 ], [ 89.37921, 8.625772 ], [ 89.378992, 8.626647 ], [ 89.378774, 8.627523 ], [ 89.378556, 8.628398 ], [ 89.378339, 8.629271 ], [ 89.378121, 8.630146 ], [ 89.377902, 8.631022 ], [ 89.377685, 8.631897 ], [ 89.377467, 8.632771 ], [ 89.377249, 8.633645 ], [ 89.377031, 8.634522 ], [ 89.376813, 8.635397 ], [ 89.376596, 8.63627 ], [ 89.376378, 8.637145 ], [ 89.37616, 8.638021 ], [ 89.375942, 8.638896 ], [ 89.375724, 8.639769 ], [ 89.375507, 8.640644 ], [ 89.375288, 8.64152 ], [ 89.37507, 8.642395 ], [ 89.374853, 8.643269 ], [ 89.374635, 8.644143 ], [ 89.374417, 8.64502 ], [ 89.374374, 8.64595 ], [ 89.374135, 8.646815 ], [ 89.373887, 8.64768 ], [ 89.373679, 8.648559 ], [ 89.37347, 8.649437 ], [ 89.373201, 8.650294 ], [ 89.37296, 8.651162 ], [ 89.372749, 8.65204 ], [ 89.372546, 8.652939 ], [ 89.372299, 8.653782 ], [ 89.372078, 8.654656 ], [ 89.371858, 8.65553 ], [ 89.371637, 8.656405 ], [ 89.37144, 8.657286 ], [ 89.371195, 8.658152 ], [ 89.370974, 8.659027 ], [ 89.370753, 8.659902 ], [ 89.370551, 8.660781 ], [ 89.370312, 8.661649 ], [ 89.370091, 8.662523 ], [ 89.36987, 8.663398 ], [ 89.369661, 8.664275 ], [ 89.369429, 8.665145 ], [ 89.369208, 8.666019 ], [ 89.368986, 8.666895 ], [ 89.368772, 8.667771 ], [ 89.36855, 8.668642 ], [ 89.367936, 8.6711 ], [ 89.36674, 8.676027 ], [ 89.3662, 8.678263 ], [ 89.365904, 8.679491 ], [ 89.365768, 8.680064 ], [ 89.364636, 8.684826 ], [ 89.364354, 8.686016 ], [ 89.363787, 8.688393 ], [ 89.363345, 8.689551 ], [ 89.360979, 8.699055 ], [ 89.360685, 8.700242 ], [ 89.360098, 8.702619 ], [ 89.359805, 8.703807 ], [ 89.358695, 8.708335 ], [ 89.358061, 8.710816 ], [ 89.35757, 8.712744 ], [ 89.356452, 8.717168 ], [ 89.355897, 8.71938 ], [ 89.35568, 8.720254 ], [ 89.355461, 8.721131 ], [ 89.355243, 8.722006 ], [ 89.355026, 8.722879 ], [ 89.354808, 8.723754 ], [ 89.35459, 8.72463 ], [ 89.354372, 8.725505 ], [ 89.354154, 8.726378 ], [ 89.353936, 8.727253 ], [ 89.353718, 8.72813 ], [ 89.3535, 8.729004 ], [ 89.353282, 8.729878 ], [ 89.353064, 8.730753 ], [ 89.352846, 8.731629 ], [ 89.352628, 8.732504 ], [ 89.352411, 8.733377 ], [ 89.352193, 8.734252 ], [ 89.351975, 8.735128 ], [ 89.351757, 8.736003 ], [ 89.351539, 8.736876 ], [ 89.351321, 8.737751 ], [ 89.351103, 8.738628 ], [ 89.350885, 8.739503 ], [ 89.350667, 8.740376 ], [ 89.350449, 8.741251 ], [ 89.350231, 8.742127 ], [ 89.350013, 8.743002 ], [ 89.349796, 8.743875 ], [ 89.349578, 8.74475 ], [ 89.34936, 8.745625 ], [ 89.349141, 8.746501 ], [ 89.348923, 8.747376 ], [ 89.348706, 8.74825 ], [ 89.348488, 8.749124 ], [ 89.348269, 8.750001 ], [ 89.348052, 8.750876 ], [ 89.347834, 8.751749 ], [ 89.347616, 8.752623 ], [ 89.347398, 8.7535 ], [ 89.34718, 8.754375 ], [ 89.346962, 8.755248 ], [ 89.346744, 8.756123 ], [ 89.346526, 8.757 ], [ 89.346308, 8.757874 ], [ 89.34609, 8.758748 ], [ 89.345872, 8.759623 ], [ 89.345654, 8.760499 ], [ 89.345436, 8.761374 ], [ 89.345219, 8.762247 ], [ 89.345001, 8.763122 ], [ 89.344782, 8.763998 ], [ 89.344564, 8.764873 ], [ 89.344347, 8.765747 ], [ 89.344129, 8.766621 ], [ 89.34391, 8.767498 ], [ 89.343692, 8.768373 ], [ 89.343475, 8.769246 ], [ 89.343257, 8.770121 ], [ 89.343039, 8.770997 ], [ 89.342821, 8.771872 ], [ 89.342603, 8.772745 ], [ 89.342385, 8.77362 ], [ 89.342167, 8.774495 ], [ 89.341949, 8.775372 ], [ 89.341731, 8.776246 ], [ 89.341513, 8.77712 ], [ 89.341295, 8.777995 ], [ 89.341077, 8.778871 ], [ 89.340859, 8.779746 ], [ 89.340641, 8.780619 ], [ 89.340423, 8.781494 ], [ 89.340205, 8.78237 ], [ 89.339987, 8.783245 ], [ 89.339769, 8.784119 ], [ 89.339551, 8.784993 ], [ 89.339333, 8.78587 ], [ 89.339115, 8.786745 ], [ 89.338897, 8.787618 ], [ 89.338679, 8.788493 ], [ 89.338461, 8.789369 ], [ 89.338243, 8.790244 ], [ 89.338025, 8.791117 ], [ 89.337807, 8.791992 ], [ 89.337589, 8.792869 ], [ 89.337371, 8.793744 ], [ 89.337153, 8.794617 ], [ 89.336935, 8.795492 ], [ 89.336717, 8.796368 ], [ 89.336499, 8.797243 ], [ 89.336282, 8.798116 ], [ 89.336064, 8.798991 ], [ 89.335845, 8.799868 ], [ 89.335627, 8.800742 ], [ 89.33541, 8.801616 ], [ 89.335192, 8.802491 ], [ 89.334973, 8.803367 ], [ 89.334755, 8.804242 ], [ 89.334538, 8.805115 ], [ 89.33432, 8.80599 ], [ 89.334102, 8.806865 ], [ 89.333883, 8.807741 ], [ 89.333665, 8.808616 ], [ 89.333448, 8.80949 ], [ 89.33323, 8.810364 ], [ 89.333011, 8.811241 ], [ 89.332793, 8.812116 ], [ 89.332576, 8.812989 ], [ 89.332358, 8.813864 ], [ 89.332139, 8.81474 ], [ 89.331921, 8.815615 ], [ 89.331703, 8.816488 ], [ 89.331485, 8.817363 ], [ 89.331267, 8.81824 ], [ 89.331049, 8.819115 ], [ 89.330831, 8.819988 ], [ 89.330613, 8.820863 ], [ 89.330395, 8.821739 ], [ 89.330177, 8.822614 ], [ 89.329959, 8.823487 ], [ 89.329741, 8.824362 ], [ 89.329523, 8.825239 ], [ 89.329305, 8.826114 ], [ 89.329087, 8.826987 ], [ 89.328869, 8.827862 ], [ 89.328651, 8.828738 ], [ 89.328433, 8.829613 ], [ 89.328215, 8.830486 ], [ 89.327997, 8.831361 ], [ 89.327779, 8.832238 ], [ 89.327561, 8.833112 ], [ 89.327343, 8.833985 ], [ 89.327125, 8.834861 ], [ 89.326907, 8.835736 ], [ 89.326689, 8.836612 ], [ 89.326471, 8.837487 ], [ 89.326253, 8.83836 ], [ 89.326035, 8.839234 ], [ 89.324884, 8.843926 ], [ 89.323593, 8.849267 ], [ 89.323366, 8.850162 ], [ 89.323144, 8.851036 ], [ 89.322922, 8.851908 ], [ 89.322699, 8.852783 ], [ 89.322477, 8.853658 ], [ 89.322255, 8.854532 ], [ 89.322033, 8.855405 ], [ 89.321811, 8.856275 ], [ 89.321408, 8.857869 ], [ 89.320605, 8.861059 ], [ 89.320206, 8.862653 ], [ 89.318617, 8.869036 ], [ 89.318221, 8.870631 ], [ 89.317434, 8.873824 ], [ 89.317043, 8.875421 ], [ 89.316829, 8.876297 ], [ 89.316615, 8.877175 ], [ 89.316453, 8.877843 ], [ 89.315585, 8.881227 ], [ 89.314478, 8.885603 ], [ 89.31426, 8.886479 ], [ 89.314041, 8.887355 ], [ 89.313824, 8.888228 ], [ 89.313606, 8.889103 ], [ 89.313387, 8.889979 ], [ 89.313169, 8.890854 ], [ 89.312951, 8.891728 ], [ 89.312733, 8.892602 ], [ 89.312515, 8.893479 ], [ 89.312297, 8.894353 ], [ 89.312079, 8.895227 ], [ 89.311861, 8.896102 ], [ 89.311643, 8.896977 ], [ 89.311424, 8.897853 ], [ 89.311206, 8.898728 ], [ 89.310989, 8.899601 ], [ 89.310771, 8.900476 ], [ 89.310552, 8.901353 ], [ 89.310334, 8.902228 ], [ 89.310116, 8.903101 ], [ 89.309898, 8.903975 ], [ 89.30968, 8.904852 ], [ 89.309462, 8.905727 ], [ 89.309244, 8.906601 ], [ 89.309026, 8.907475 ], [ 89.308807, 8.908352 ], [ 89.308589, 8.909227 ], [ 89.308372, 8.9101 ], [ 89.308153, 8.910975 ], [ 89.307935, 8.911851 ], [ 89.307717, 8.912726 ], [ 89.307499, 8.913599 ], [ 89.307281, 8.914474 ], [ 89.307063, 8.915351 ], [ 89.306844, 8.916226 ], [ 89.306627, 8.917099 ], [ 89.304539, 8.925762 ], [ 89.30427, 8.926822 ], [ 89.304047, 8.927696 ], [ 89.303825, 8.92857 ], [ 89.303603, 8.929444 ], [ 89.303381, 8.930319 ], [ 89.303158, 8.931192 ], [ 89.302936, 8.932066 ], [ 89.302714, 8.932941 ], [ 89.302492, 8.933815 ], [ 89.302269, 8.93469 ], [ 89.302048, 8.935563 ], [ 89.301826, 8.936434 ], [ 89.301604, 8.937307 ], [ 89.298886, 8.948827 ], [ 89.298391, 8.950707 ], [ 89.297395, 8.954522 ], [ 89.297012, 8.955987 ], [ 89.295611, 8.961379 ], [ 89.295389, 8.962253 ], [ 89.295166, 8.963128 ], [ 89.29497, 8.963909 ], [ 89.294794, 8.964609 ], [ 89.294575, 8.965483 ], [ 89.293109, 8.971359 ], [ 89.292895, 8.972234 ], [ 89.292682, 8.97311 ], [ 89.292472, 8.973988 ], [ 89.292255, 8.974863 ], [ 89.292042, 8.975738 ], [ 89.291828, 8.976615 ], [ 89.291623, 8.977493 ], [ 89.291401, 8.978367 ], [ 89.291188, 8.979243 ], [ 89.290974, 8.980119 ], [ 89.290774, 8.980999 ], [ 89.290548, 8.981872 ], [ 89.290334, 8.982747 ], [ 89.290121, 8.983624 ], [ 89.289959, 8.984353 ], [ 89.289061, 8.987906 ], [ 89.28743, 8.99409 ], [ 89.287211, 8.994966 ], [ 89.286993, 8.995841 ], [ 89.286776, 8.996714 ], [ 89.286557, 8.997589 ], [ 89.286339, 8.998466 ], [ 89.286121, 8.999341 ], [ 89.285903, 9.000214 ], [ 89.285685, 9.001088 ], [ 89.285466, 9.001965 ], [ 89.285248, 9.00284 ], [ 89.28503, 9.003714 ], [ 89.284812, 9.004588 ], [ 89.284593, 9.005465 ], [ 89.284375, 9.00634 ], [ 89.284157, 9.007213 ], [ 89.283939, 9.008088 ], [ 89.28372, 9.008965 ], [ 89.283502, 9.009839 ], [ 89.283285, 9.010712 ], [ 89.283066, 9.011588 ], [ 89.282848, 9.012464 ], [ 89.282629, 9.013339 ], [ 89.282412, 9.014212 ], [ 89.282193, 9.015087 ], [ 89.281975, 9.015964 ], [ 89.281757, 9.016839 ], [ 89.281539, 9.017712 ], [ 89.281321, 9.018587 ], [ 89.281103, 9.01946 ], [ 89.280547, 9.021707 ], [ 89.279442, 9.026203 ], [ 89.278894, 9.02845 ], [ 89.278641, 9.029482 ], [ 89.278359, 9.03059 ], [ 89.278158, 9.03138 ], [ 89.277758, 9.032961 ], [ 89.277558, 9.033751 ], [ 89.276762, 9.036913 ], [ 89.276563, 9.037703 ], [ 89.276167, 9.039284 ], [ 89.275969, 9.040075 ], [ 89.274391, 9.046403 ], [ 89.274195, 9.047193 ], [ 89.273802, 9.048775 ], [ 89.273606, 9.049566 ], [ 89.272825, 9.052732 ], [ 89.27263, 9.053524 ], [ 89.272242, 9.055107 ], [ 89.272048, 9.055899 ], [ 89.271835, 9.056771 ], [ 89.27162, 9.05765 ], [ 89.271413, 9.058499 ], [ 89.271012, 9.060057 ], [ 89.270421, 9.062373 ], [ 89.269246, 9.067012 ], [ 89.268663, 9.069333 ], [ 89.268445, 9.070208 ], [ 89.268226, 9.071083 ], [ 89.268009, 9.071956 ], [ 89.26779, 9.072831 ], [ 89.267572, 9.073708 ], [ 89.267353, 9.074583 ], [ 89.267136, 9.075456 ], [ 89.266917, 9.076331 ], [ 89.266699, 9.077206 ], [ 89.26648, 9.078082 ], [ 89.266262, 9.078957 ], [ 89.266044, 9.079831 ], [ 89.265826, 9.080705 ], [ 89.265607, 9.081582 ], [ 89.265389, 9.082457 ], [ 89.265171, 9.08333 ], [ 89.264953, 9.084205 ], [ 89.264734, 9.085082 ], [ 89.264516, 9.085957 ], [ 89.264298, 9.08683 ], [ 89.26408, 9.087705 ], [ 89.263861, 9.088581 ], [ 89.263643, 9.089456 ], [ 89.263425, 9.090329 ], [ 89.263207, 9.091205 ], [ 89.262988, 9.092081 ], [ 89.26277, 9.092956 ], [ 89.262552, 9.093829 ], [ 89.262334, 9.094704 ], [ 89.262115, 9.095581 ], [ 89.261897, 9.096456 ], [ 89.261679, 9.097329 ], [ 89.261461, 9.098203 ], [ 89.261242, 9.09908 ], [ 89.261024, 9.099955 ], [ 89.260976, 9.100883 ], [ 89.260723, 9.101746 ], [ 89.260503, 9.102622 ], [ 89.260278, 9.103495 ], [ 89.260047, 9.104363 ], [ 89.259811, 9.105232 ], [ 89.259573, 9.106103 ], [ 89.259401, 9.106966 ], [ 89.259134, 9.107847 ], [ 89.258912, 9.108722 ], [ 89.25869, 9.109595 ], [ 89.258467, 9.110471 ], [ 89.258274, 9.111353 ], [ 89.258023, 9.112217 ], [ 89.257801, 9.113091 ], [ 89.257578, 9.113966 ], [ 89.257378, 9.114846 ], [ 89.257134, 9.115712 ], [ 89.256912, 9.116586 ], [ 89.256689, 9.117462 ], [ 89.256481, 9.118339 ], [ 89.256245, 9.119208 ], [ 89.256023, 9.120082 ], [ 89.2558, 9.120957 ], [ 89.255584, 9.121833 ], [ 89.255356, 9.122704 ], [ 89.255134, 9.123578 ], [ 89.254911, 9.124453 ], [ 89.254697, 9.125329 ], [ 89.25448, 9.126203 ], [ 89.254264, 9.127078 ], [ 89.254048, 9.127955 ], [ 89.253838, 9.128832 ], [ 89.253617, 9.129705 ], [ 89.253401, 9.13058 ], [ 89.253184, 9.131457 ], [ 89.25298, 9.132335 ], [ 89.252753, 9.133206 ], [ 89.252537, 9.134082 ], [ 89.252293, 9.1351 ], [ 89.252126, 9.135839 ], [ 89.251898, 9.13671 ], [ 89.251687, 9.137586 ], [ 89.251476, 9.138463 ], [ 89.251264, 9.139341 ], [ 89.251089, 9.140226 ], [ 89.250843, 9.141093 ], [ 89.250619, 9.141964 ], [ 89.250423, 9.142845 ], [ 89.25026, 9.14373 ], [ 89.250013, 9.144594 ], [ 89.249672, 9.14545 ], [ 89.249453, 9.146326 ], [ 89.249235, 9.147201 ], [ 89.249017, 9.148075 ], [ 89.248799, 9.14895 ], [ 89.24858, 9.149826 ], [ 89.248362, 9.150701 ], [ 89.248144, 9.151574 ], [ 89.247926, 9.152449 ], [ 89.247707, 9.153326 ], [ 89.247488, 9.154201 ], [ 89.24727, 9.155074 ], [ 89.247052, 9.155949 ], [ 89.246833, 9.156825 ], [ 89.246615, 9.1577 ], [ 89.246397, 9.158574 ], [ 89.246179, 9.159449 ], [ 89.24596, 9.160325 ], [ 89.245742, 9.1612 ], [ 89.245524, 9.162073 ], [ 89.245305, 9.162948 ], [ 89.245087, 9.163825 ], [ 89.244868, 9.1647 ], [ 89.24465, 9.165573 ], [ 89.244432, 9.166448 ], [ 89.244213, 9.167325 ], [ 89.243995, 9.1682 ], [ 89.243777, 9.169073 ], [ 89.243559, 9.169947 ], [ 89.24334, 9.170823 ], [ 89.243122, 9.171699 ], [ 89.242903, 9.172574 ], [ 89.242685, 9.173448 ], [ 89.242467, 9.174323 ], [ 89.242248, 9.175199 ], [ 89.24203, 9.176074 ], [ 89.241812, 9.176947 ], [ 89.241594, 9.177822 ], [ 89.241375, 9.178698 ], [ 89.241156, 9.179574 ], [ 89.240938, 9.180447 ], [ 89.24072, 9.181322 ], [ 89.240501, 9.182199 ], [ 89.240283, 9.183073 ], [ 89.240065, 9.183947 ], [ 89.239847, 9.184822 ], [ 89.239628, 9.185698 ], [ 89.239409, 9.186573 ], [ 89.239192, 9.187446 ], [ 89.238973, 9.188321 ], [ 89.237862, 9.19284 ], [ 89.236506, 9.198441 ], [ 89.236303, 9.199236 ], [ 89.23608, 9.200111 ], [ 89.235858, 9.200985 ], [ 89.235635, 9.201858 ], [ 89.235413, 9.202733 ], [ 89.23519, 9.203608 ], [ 89.234969, 9.204475 ], [ 89.234748, 9.205345 ], [ 89.234344, 9.206939 ], [ 89.23354, 9.210128 ], [ 89.23314, 9.211723 ], [ 89.231548, 9.218106 ], [ 89.231152, 9.219702 ], [ 89.230364, 9.222895 ], [ 89.229972, 9.224492 ], [ 89.229759, 9.225362 ], [ 89.229547, 9.226233 ], [ 89.229376, 9.22693 ], [ 89.228503, 9.230331 ], [ 89.227398, 9.234694 ], [ 89.22718, 9.235568 ], [ 89.226961, 9.236445 ], [ 89.226743, 9.23732 ], [ 89.226525, 9.238193 ], [ 89.226306, 9.239068 ], [ 89.226088, 9.239944 ], [ 89.225869, 9.240819 ], [ 89.225651, 9.241693 ], [ 89.225433, 9.242568 ], [ 89.225214, 9.243444 ], [ 89.224995, 9.244319 ], [ 89.224777, 9.245193 ], [ 89.224559, 9.246068 ], [ 89.22434, 9.246944 ], [ 89.224122, 9.247819 ], [ 89.223904, 9.248692 ], [ 89.223685, 9.249567 ], [ 89.223466, 9.250444 ], [ 89.223248, 9.251319 ], [ 89.22303, 9.252192 ], [ 89.222811, 9.253067 ], [ 89.222593, 9.253944 ], [ 89.222374, 9.254819 ], [ 89.222156, 9.255692 ], [ 89.221938, 9.256567 ], [ 89.221719, 9.257443 ], [ 89.221501, 9.258318 ], [ 89.221282, 9.259192 ], [ 89.221064, 9.260067 ], [ 89.220846, 9.260942 ], [ 89.220627, 9.261818 ], [ 89.220408, 9.262693 ], [ 89.22019, 9.263567 ], [ 89.219972, 9.264442 ], [ 89.219753, 9.265318 ], [ 89.219535, 9.266193 ], [ 89.219317, 9.267066 ], [ 89.219098, 9.267941 ], [ 89.218879, 9.268818 ], [ 89.218661, 9.269693 ], [ 89.218443, 9.270566 ], [ 89.218224, 9.271441 ], [ 89.218005, 9.272318 ], [ 89.217787, 9.273193 ], [ 89.217569, 9.274066 ], [ 89.217351, 9.274941 ], [ 89.217132, 9.275817 ], [ 89.216913, 9.276692 ], [ 89.216695, 9.277566 ], [ 89.216477, 9.278441 ], [ 89.216258, 9.279317 ], [ 89.216039, 9.280193 ], [ 89.215821, 9.281065 ], [ 89.213693, 9.289875 ], [ 89.213462, 9.290785 ], [ 89.213239, 9.29166 ], [ 89.213021, 9.292536 ], [ 89.212794, 9.293407 ], [ 89.212571, 9.294282 ], [ 89.212348, 9.295157 ], [ 89.212129, 9.296031 ], [ 89.211904, 9.296903 ], [ 89.211681, 9.297778 ], [ 89.211458, 9.298652 ], [ 89.211235, 9.299526 ], [ 89.211013, 9.300399 ], [ 89.210791, 9.30127 ], [ 89.209982, 9.304483 ], [ 89.208378, 9.310914 ], [ 89.207584, 9.314131 ], [ 89.207369, 9.31501 ], [ 89.207156, 9.315886 ], [ 89.206942, 9.316759 ], [ 89.206729, 9.317635 ], [ 89.206514, 9.318514 ], [ 89.2063, 9.319391 ], [ 89.206145, 9.320026 ], [ 89.204241, 9.32744 ], [ 89.204023, 9.328313 ], [ 89.203805, 9.329188 ], [ 89.203586, 9.330065 ], [ 89.203367, 9.33094 ], [ 89.203149, 9.331813 ], [ 89.202931, 9.332688 ], [ 89.202712, 9.333564 ], [ 89.200524, 9.342615 ], [ 89.200236, 9.343731 ], [ 89.200013, 9.344606 ], [ 89.19979, 9.34548 ], [ 89.199568, 9.346354 ], [ 89.199345, 9.347227 ], [ 89.199123, 9.348102 ], [ 89.1989, 9.348977 ], [ 89.198683, 9.349853 ], [ 89.198455, 9.350724 ], [ 89.198233, 9.351598 ], [ 89.19801, 9.352473 ], [ 89.197789, 9.353348 ], [ 89.197565, 9.354219 ], [ 89.197343, 9.355093 ], [ 89.195726, 9.361575 ], [ 89.195512, 9.362452 ], [ 89.195301, 9.36333 ], [ 89.195085, 9.364204 ], [ 89.194871, 9.36508 ], [ 89.194657, 9.365957 ], [ 89.19445, 9.366835 ], [ 89.19423, 9.367708 ], [ 89.194016, 9.368584 ], [ 89.193802, 9.369462 ], [ 89.192237, 9.376276 ], [ 89.19012, 9.384073 ], [ 89.189524, 9.386441 ], [ 89.189228, 9.387625 ], [ 89.186861, 9.397104 ], [ 89.186566, 9.398288 ], [ 89.185979, 9.400659 ], [ 89.185686, 9.401844 ], [ 89.184508, 9.406636 ], [ 89.18407, 9.408339 ], [ 89.183482, 9.410642 ], [ 89.182312, 9.415255 ], [ 89.181731, 9.417562 ], [ 89.181513, 9.418436 ], [ 89.181294, 9.419311 ], [ 89.181075, 9.420187 ], [ 89.180857, 9.421062 ], [ 89.180638, 9.421936 ], [ 89.18042, 9.422811 ], [ 89.180201, 9.423687 ], [ 89.179982, 9.424562 ], [ 89.179764, 9.425435 ], [ 89.179546, 9.42631 ], [ 89.179327, 9.427187 ], [ 89.179108, 9.428062 ], [ 89.17889, 9.428936 ], [ 89.178671, 9.429811 ], [ 89.178452, 9.430687 ], [ 89.178234, 9.431562 ], [ 89.178015, 9.432436 ], [ 89.177797, 9.43331 ], [ 89.177578, 9.434187 ], [ 89.177359, 9.435062 ], [ 89.177141, 9.435935 ], [ 89.176922, 9.43681 ], [ 89.176703, 9.437687 ], [ 89.176485, 9.438562 ], [ 89.176266, 9.439435 ], [ 89.176048, 9.44031 ], [ 89.175829, 9.441185 ], [ 89.17561, 9.442062 ], [ 89.175392, 9.442937 ], [ 89.175173, 9.44381 ], [ 89.174955, 9.444685 ], [ 89.174736, 9.445562 ], [ 89.174517, 9.446437 ], [ 89.174299, 9.44731 ], [ 89.17408, 9.448185 ], [ 89.173861, 9.449062 ], [ 89.173643, 9.449937 ], [ 89.173424, 9.45081 ], [ 89.173206, 9.451685 ], [ 89.172987, 9.452561 ], [ 89.172768, 9.453436 ], [ 89.17255, 9.45431 ], [ 89.172331, 9.455185 ], [ 89.172112, 9.456062 ], [ 89.171894, 9.456937 ], [ 89.171675, 9.45781 ], [ 89.171457, 9.458685 ], [ 89.171238, 9.459562 ], [ 89.171019, 9.460437 ], [ 89.170801, 9.46131 ], [ 89.170582, 9.462185 ], [ 89.170363, 9.463062 ], [ 89.170145, 9.463937 ], [ 89.169926, 9.46481 ], [ 89.169708, 9.465685 ], [ 89.169489, 9.466562 ], [ 89.16927, 9.467437 ], [ 89.169052, 9.46831 ], [ 89.168833, 9.469185 ], [ 89.168615, 9.47006 ], [ 89.168396, 9.470936 ], [ 89.168177, 9.471812 ], [ 89.167959, 9.472685 ], [ 89.16774, 9.47356 ], [ 89.167521, 9.474437 ], [ 89.167302, 9.475311 ], [ 89.167084, 9.476185 ], [ 89.166865, 9.47706 ], [ 89.166646, 9.477936 ], [ 89.166428, 9.478811 ], [ 89.166209, 9.479685 ], [ 89.165991, 9.48056 ], [ 89.165772, 9.481436 ], [ 89.165553, 9.482311 ], [ 89.165335, 9.483185 ], [ 89.165116, 9.48406 ], [ 89.164897, 9.484936 ], [ 89.164678, 9.485811 ], [ 89.16446, 9.486685 ], [ 89.164242, 9.487559 ], [ 89.164023, 9.488436 ], [ 89.163804, 9.489311 ], [ 89.163586, 9.490185 ], [ 89.163367, 9.49106 ], [ 89.163148, 9.491936 ], [ 89.162929, 9.492811 ], [ 89.162711, 9.493685 ], [ 89.162492, 9.49456 ], [ 89.162273, 9.495436 ], [ 89.162055, 9.496311 ], [ 89.161836, 9.497184 ], [ 89.161618, 9.49806 ], [ 89.161398, 9.498936 ], [ 89.16118, 9.499811 ], [ 89.160962, 9.500685 ], [ 89.160743, 9.50156 ], [ 89.160524, 9.502435 ], [ 89.160305, 9.503311 ], [ 89.160086, 9.504186 ], [ 89.159868, 9.505059 ], [ 89.15965, 9.505934 ], [ 89.15943, 9.506811 ], [ 89.159212, 9.507686 ], [ 89.159196, 9.508601 ], [ 89.158915, 9.509456 ], [ 89.158634, 9.510311 ], [ 89.158358, 9.511161 ], [ 89.158072, 9.512021 ], [ 89.157792, 9.512876 ], [ 89.15751, 9.513732 ], [ 89.156997, 9.514487 ], [ 89.156654, 9.515322 ], [ 89.156311, 9.516158 ], [ 89.155968, 9.516992 ], [ 89.155625, 9.517828 ], [ 89.155282, 9.518664 ], [ 89.154939, 9.519498 ], [ 89.154596, 9.520333 ], [ 89.154253, 9.521169 ], [ 89.15391, 9.522003 ], [ 89.153567, 9.522838 ], [ 89.153224, 9.523675 ], [ 89.152881, 9.524509 ], [ 89.152538, 9.525344 ], [ 89.152195, 9.52618 ], [ 89.151852, 9.527014 ], [ 89.151509, 9.527849 ], [ 89.151166, 9.528685 ], [ 89.150823, 9.529519 ], [ 89.15048, 9.530354 ], [ 89.150137, 9.531191 ], [ 89.149794, 9.532025 ], [ 89.149451, 9.53286 ], [ 89.149108, 9.533696 ], [ 89.148765, 9.53453 ], [ 89.148422, 9.535365 ], [ 89.148079, 9.536202 ], [ 89.147736, 9.537035 ], [ 89.147393, 9.53787 ], [ 89.147049, 9.538707 ], [ 89.146707, 9.539541 ], [ 89.146364, 9.540376 ], [ 89.146021, 9.541212 ], [ 89.145678, 9.542046 ], [ 89.145335, 9.542881 ], [ 89.144991, 9.543718 ], [ 89.144649, 9.544551 ], [ 89.144306, 9.545387 ], [ 89.143962, 9.546223 ], [ 89.14362, 9.547057 ], [ 89.143277, 9.547892 ], [ 89.142933, 9.548729 ], [ 89.142591, 9.549562 ], [ 89.142248, 9.550397 ], [ 89.141905, 9.551232 ], [ 89.138427, 9.559914 ], [ 89.138, 9.560925 ], [ 89.137649, 9.561758 ], [ 89.135979, 9.565804 ], [ 89.135801, 9.566228 ], [ 89.13546, 9.567059 ], [ 89.135203, 9.567686 ], [ 89.134177, 9.57019 ], [ 89.13392, 9.570818 ], [ 89.132648, 9.573901 ], [ 89.13183, 9.57581 ], [ 89.13077, 9.578394 ], [ 89.129749, 9.5809 ], [ 89.128607, 9.58372 ], [ 89.12835, 9.584359 ], [ 89.127773, 9.58578 ], [ 89.127434, 9.58662 ], [ 89.1271, 9.587456 ], [ 89.12676, 9.588292 ], [ 89.126421, 9.589133 ], [ 89.126026, 9.590124 ], [ 89.125846, 9.59057 ], [ 89.123764, 9.595477 ], [ 89.123419, 9.59631 ], [ 89.123073, 9.597146 ], [ 89.122727, 9.59798 ], [ 89.122382, 9.598813 ], [ 89.122036, 9.599648 ], [ 89.121692, 9.600478 ], [ 89.12135, 9.601304 ], [ 89.121101, 9.601905 ], [ 89.120604, 9.603108 ], [ 89.120356, 9.60371 ], [ 89.119364, 9.606117 ], [ 89.119116, 9.606719 ], [ 89.118621, 9.607922 ], [ 89.118374, 9.608524 ], [ 89.1164, 9.613342 ], [ 89.116153, 9.613944 ], [ 89.115661, 9.615149 ], [ 89.115415, 9.615751 ], [ 89.114433, 9.618162 ], [ 89.114187, 9.618765 ], [ 89.113697, 9.619971 ], [ 89.113452, 9.620574 ], [ 89.113117, 9.621402 ], [ 89.112904, 9.621928 ], [ 89.110935, 9.626659 ], [ 89.110356, 9.628054 ], [ 89.109202, 9.630845 ], [ 89.108627, 9.632241 ], [ 89.108284, 9.633076 ], [ 89.10794, 9.633912 ], [ 89.107598, 9.634746 ], [ 89.107255, 9.635581 ], [ 89.106911, 9.636418 ], [ 89.106568, 9.637252 ], [ 89.106225, 9.638087 ], [ 89.105882, 9.638923 ], [ 89.105539, 9.639757 ], [ 89.105196, 9.640592 ], [ 89.104852, 9.641429 ], [ 89.10451, 9.642263 ], [ 89.104167, 9.643098 ], [ 89.103823, 9.643934 ], [ 89.103481, 9.644767 ], [ 89.103137, 9.645603 ], [ 89.102793, 9.64644 ], [ 89.102451, 9.647273 ], [ 89.102108, 9.648109 ], [ 89.101764, 9.648945 ], [ 89.101422, 9.649779 ], [ 89.101078, 9.650614 ], [ 89.100735, 9.651451 ], [ 89.100392, 9.652284 ], [ 89.100049, 9.653119 ], [ 89.099705, 9.653956 ], [ 89.099363, 9.65479 ], [ 89.09902, 9.655625 ], [ 89.098676, 9.656462 ], [ 89.098334, 9.657295 ], [ 89.09799, 9.65813 ], [ 89.097647, 9.658967 ], [ 89.097304, 9.659801 ], [ 89.096961, 9.660636 ], [ 89.096617, 9.661472 ], [ 89.096275, 9.662306 ], [ 89.095931, 9.663141 ], [ 89.095588, 9.663978 ], [ 89.095245, 9.664812 ], [ 89.094902, 9.665647 ], [ 89.094558, 9.666483 ], [ 89.094216, 9.667317 ], [ 89.093873, 9.668152 ], [ 89.093529, 9.668989 ], [ 89.093187, 9.669822 ], [ 89.092843, 9.670657 ], [ 89.092499, 9.671494 ], [ 89.092157, 9.672328 ], [ 89.091814, 9.673163 ], [ 89.09147, 9.674 ], [ 89.091127, 9.674834 ], [ 89.090784, 9.675669 ], [ 89.090441, 9.676505 ], [ 89.090098, 9.677339 ], [ 89.089755, 9.678174 ], [ 89.089411, 9.679011 ], [ 89.089069, 9.679845 ], [ 89.088725, 9.68068 ], [ 89.088382, 9.681516 ], [ 89.088039, 9.68235 ], [ 89.087696, 9.683185 ], [ 89.087352, 9.684021 ], [ 89.08701, 9.684855 ], [ 89.086666, 9.685691 ], [ 89.086323, 9.686527 ], [ 89.08598, 9.687361 ], [ 89.085637, 9.688196 ], [ 89.085293, 9.689033 ], [ 89.084951, 9.689866 ], [ 89.084607, 9.690702 ], [ 89.084264, 9.691538 ], [ 89.083921, 9.692372 ], [ 89.083578, 9.693207 ], [ 89.083234, 9.694044 ], [ 89.082892, 9.694877 ], [ 89.082549, 9.695712 ], [ 89.082205, 9.696549 ], [ 89.081862, 9.697383 ], [ 89.081519, 9.698218 ], [ 89.081175, 9.699055 ], [ 89.080833, 9.699888 ], [ 89.080489, 9.700724 ], [ 89.080146, 9.70156 ], [ 89.079803, 9.702394 ], [ 89.07946, 9.703229 ], [ 89.079116, 9.704066 ], [ 89.078774, 9.704899 ], [ 89.07843, 9.705735 ], [ 89.078087, 9.706571 ], [ 89.077744, 9.707405 ], [ 89.077401, 9.70824 ], [ 89.077057, 9.709076 ], [ 89.076715, 9.70991 ], [ 89.076371, 9.710746 ], [ 89.076028, 9.711582 ], [ 89.075685, 9.712416 ], [ 89.075342, 9.713251 ], [ 89.074998, 9.714088 ], [ 89.074655, 9.714921 ], [ 89.074312, 9.715757 ], [ 89.073968, 9.716593 ], [ 89.073626, 9.717427 ], [ 89.073283, 9.718262 ], [ 89.072939, 9.719099 ], [ 89.072596, 9.719933 ], [ 89.072253, 9.720768 ], [ 89.07191, 9.721604 ], [ 89.071567, 9.722437 ], [ 89.071223, 9.723273 ], [ 89.07088, 9.72411 ], [ 89.070537, 9.724944 ], [ 89.070194, 9.725779 ], [ 89.069851, 9.726613 ], [ 89.069403, 9.727706 ], [ 89.068509, 9.729894 ], [ 89.068062, 9.730988 ], [ 89.066281, 9.735366 ], [ 89.065837, 9.736461 ], [ 89.06495, 9.738651 ], [ 89.064508, 9.739746 ], [ 89.060977, 9.748516 ], [ 89.060537, 9.749611 ], [ 89.059658, 9.751804 ], [ 89.05922, 9.7529 ], [ 89.05747, 9.75729 ], [ 89.057034, 9.758387 ], [ 89.056163, 9.760582 ], [ 89.055729, 9.761679 ], [ 89.048789, 9.779266 ], [ 89.048293, 9.780527 ], [ 89.047302, 9.783053 ], [ 89.046808, 9.784316 ], [ 89.044836, 9.789373 ], [ 89.044345, 9.790637 ], [ 89.043364, 9.793167 ], [ 89.042875, 9.794432 ], [ 89.038971, 9.804564 ], [ 89.038362, 9.806151 ], [ 89.037147, 9.809328 ], [ 89.036542, 9.810916 ], [ 89.034128, 9.817278 ], [ 89.033387, 9.819238 ], [ 89.031912, 9.823162 ], [ 89.031178, 9.825126 ], [ 89.030566, 9.826769 ], [ 89.030194, 9.827769 ], [ 89.02802, 9.833628 ], [ 89.027763, 9.834322 ], [ 89.027191, 9.83587 ], [ 89.026995, 9.8364 ], [ 89.025974, 9.839172 ], [ 89.025719, 9.839865 ], [ 89.02521, 9.84125 ], [ 89.024956, 9.841942 ], [ 89.019927, 9.855682 ], [ 89.019301, 9.857399 ], [ 89.018053, 9.860836 ], [ 89.017432, 9.862555 ], [ 89.014955, 9.869438 ], [ 89.014339, 9.871158 ], [ 89.01311, 9.874602 ], [ 89.012498, 9.876324 ], [ 89.007619, 9.890117 ], [ 89.007012, 9.89184 ], [ 89.005802, 9.895291 ], [ 89.005199, 9.897016 ], [ 89.002798, 9.903925 ], [ 89.0022, 9.905652 ], [ 89.001009, 9.909109 ], [ 89.000416, 9.910837 ], [ 88.995688, 9.924682 ], [ 88.995099, 9.926412 ], [ 88.993927, 9.929875 ], [ 88.993344, 9.931607 ], [ 88.991017, 9.938541 ], [ 88.990439, 9.940274 ], [ 88.989285, 9.943744 ], [ 88.988711, 9.945478 ], [ 88.984134, 9.959373 ], [ 88.983565, 9.961109 ], [ 88.98243, 9.964585 ], [ 88.981866, 9.966323 ], [ 88.979615, 9.973282 ], [ 88.979056, 9.975021 ], [ 88.97794, 9.978503 ], [ 88.977385, 9.980243 ], [ 88.97296, 9.994187 ], [ 88.97241, 9.995929 ], [ 88.971313, 9.999416 ], [ 88.970768, 10.00116 ], [ 88.968593, 10.008143 ], [ 88.968053, 10.009888 ], [ 88.966975, 10.013382 ], [ 88.966439, 10.015128 ], [ 88.962167, 10.029118 ], [ 88.961635, 10.030866 ], [ 88.960577, 10.034365 ], [ 88.960051, 10.036115 ], [ 88.957953, 10.043121 ], [ 88.957431, 10.044872 ], [ 88.956392, 10.048377 ], [ 88.955875, 10.050129 ], [ 88.951755, 10.064164 ], [ 88.951243, 10.065917 ], [ 88.950223, 10.069428 ], [ 88.949716, 10.071183 ], [ 88.947695, 10.078211 ], [ 88.947192, 10.079968 ], [ 88.946191, 10.083483 ], [ 88.945694, 10.085241 ], [ 88.941728, 10.09932 ], [ 88.941235, 10.101078 ], [ 88.940253, 10.104599 ], [ 88.939765, 10.10636 ], [ 88.937821, 10.113409 ], [ 88.937337, 10.115171 ], [ 88.936375, 10.118697 ], [ 88.935897, 10.12046 ], [ 88.932085, 10.134581 ], [ 88.931611, 10.136345 ], [ 88.930668, 10.139876 ], [ 88.930199, 10.141642 ], [ 88.928332, 10.148712 ], [ 88.927868, 10.150479 ], [ 88.926944, 10.154015 ], [ 88.926485, 10.155783 ], [ 88.922828, 10.169944 ], [ 88.922373, 10.171713 ], [ 88.921469, 10.175254 ], [ 88.92102, 10.177025 ], [ 88.91923, 10.184114 ], [ 88.918785, 10.185886 ], [ 88.9179, 10.189432 ], [ 88.91746, 10.191205 ], [ 88.913958, 10.205404 ], [ 88.913523, 10.207178 ], [ 88.912658, 10.210729 ], [ 88.912227, 10.212504 ], [ 88.910515, 10.219612 ], [ 88.91009, 10.221389 ], [ 88.909244, 10.224944 ], [ 88.908824, 10.226722 ], [ 88.905477, 10.240958 ], [ 88.905061, 10.242736 ], [ 88.904235, 10.246296 ], [ 88.903824, 10.248076 ], [ 88.90219, 10.255202 ], [ 88.901784, 10.256983 ], [ 88.900977, 10.260548 ], [ 88.900576, 10.262329 ], [ 88.897385, 10.276601 ], [ 88.896989, 10.278383 ], [ 88.896202, 10.281952 ], [ 88.89581, 10.283736 ], [ 88.894254, 10.29088 ], [ 88.893868, 10.292665 ], [ 88.8931, 10.296238 ], [ 88.892718, 10.298024 ], [ 88.889684, 10.312328 ], [ 88.889308, 10.314115 ], [ 88.888559, 10.317692 ], [ 88.888187, 10.31948 ], [ 88.88671, 10.32664 ], [ 88.886343, 10.328429 ], [ 88.885614, 10.33201 ], [ 88.885252, 10.3338 ], [ 88.882375, 10.348137 ], [ 88.88216, 10.349212 ], [ 88.881731, 10.351366 ], [ 88.881518, 10.352443 ], [ 88.880667, 10.356755 ], [ 88.880455, 10.357832 ], [ 88.880034, 10.359988 ], [ 88.879824, 10.361065 ], [ 88.878151, 10.369695 ], [ 88.877874, 10.371132 ], [ 88.877323, 10.374009 ], [ 88.877049, 10.375447 ], [ 88.875959, 10.381203 ], [ 88.875641, 10.382892 ], [ 88.87501, 10.386272 ], [ 88.874697, 10.387962 ], [ 88.87449, 10.389088 ], [ 88.874351, 10.389843 ], [ 88.873395, 10.395066 ], [ 88.87327, 10.39575 ], [ 88.873086, 10.396757 ], [ 88.872991, 10.397283 ], [ 88.872548, 10.399724 ], [ 88.872438, 10.400333 ], [ 88.872218, 10.401556 ], [ 88.872109, 10.402162 ], [ 88.869834, 10.414843 ], [ 88.869552, 10.416427 ], [ 88.868991, 10.419597 ], [ 88.868713, 10.421182 ], [ 88.867606, 10.427527 ], [ 88.867332, 10.429112 ], [ 88.866786, 10.432285 ], [ 88.866516, 10.433871 ], [ 88.864364, 10.446573 ], [ 88.864097, 10.448159 ], [ 88.863567, 10.451335 ], [ 88.863304, 10.452922 ], [ 88.862258, 10.459277 ], [ 88.861999, 10.460866 ], [ 88.861484, 10.464043 ], [ 88.861229, 10.465632 ], [ 88.8592, 10.478353 ], [ 88.858948, 10.479942 ], [ 88.858449, 10.483122 ], [ 88.858201, 10.484712 ], [ 88.857218, 10.491077 ], [ 88.856974, 10.492668 ], [ 88.85649, 10.49585 ], [ 88.85625, 10.497441 ], [ 88.854344, 10.510181 ], [ 88.854107, 10.511772 ], [ 88.853639, 10.514957 ], [ 88.853406, 10.51655 ], [ 88.852484, 10.522923 ], [ 88.852256, 10.524516 ], [ 88.851803, 10.527703 ], [ 88.851578, 10.529296 ], [ 88.849795, 10.542053 ], [ 88.849574, 10.543647 ], [ 88.849137, 10.546836 ], [ 88.84892, 10.548431 ], [ 88.848059, 10.554813 ], [ 88.847846, 10.556408 ], [ 88.847424, 10.559599 ], [ 88.847214, 10.561194 ], [ 88.845555, 10.573968 ], [ 88.84535, 10.575563 ], [ 88.844943, 10.578756 ], [ 88.844741, 10.580353 ], [ 88.843942, 10.586742 ], [ 88.843745, 10.588339 ], [ 88.843353, 10.591534 ], [ 88.843159, 10.593131 ], [ 88.841624, 10.60592 ], [ 88.841434, 10.607518 ], [ 88.841058, 10.610714 ], [ 88.840872, 10.612313 ], [ 88.840135, 10.61871 ], [ 88.839952, 10.620308 ], [ 88.839592, 10.623507 ], [ 88.839414, 10.625106 ], [ 88.838002, 10.637909 ], [ 88.837401, 10.64358 ], [ 88.836236, 10.655043 ], [ 88.836133, 10.656016 ], [ 88.835735, 10.65983 ], [ 88.834952, 10.668715 ], [ 88.834756, 10.67064 ], [ 88.834329, 10.67449 ], [ 88.83419, 10.675752 ], [ 88.834124, 10.676414 ], [ 88.833495, 10.682822 ], [ 88.833308, 10.684731 ], [ 88.832939, 10.688551 ], [ 88.832764, 10.690462 ], [ 88.831993, 10.699486 ], [ 88.831664, 10.703392 ], [ 88.831614, 10.704086 ], [ 88.830519, 10.715549 ], [ 88.830035, 10.721221 ], [ 88.828995, 10.734059 ], [ 88.828867, 10.735662 ], [ 88.828615, 10.738871 ], [ 88.828491, 10.740475 ], [ 88.828003, 10.746896 ], [ 88.827882, 10.7485 ], [ 88.827646, 10.75171 ], [ 88.82753, 10.753314 ], [ 88.826614, 10.766161 ], [ 88.826502, 10.767765 ], [ 88.826281, 10.770976 ], [ 88.826173, 10.772582 ], [ 88.825746, 10.779006 ], [ 88.825641, 10.780612 ], [ 88.825436, 10.783824 ], [ 88.825335, 10.785429 ], [ 88.824545, 10.798284 ], [ 88.824448, 10.799889 ], [ 88.824258, 10.803102 ], [ 88.824165, 10.804709 ], [ 88.823801, 10.811137 ], [ 88.823712, 10.812743 ], [ 88.823538, 10.815957 ], [ 88.823452, 10.817563 ], [ 88.822786, 10.830425 ], [ 88.822705, 10.832031 ], [ 88.822546, 10.835246 ], [ 88.822469, 10.836853 ], [ 88.822167, 10.843285 ], [ 88.822094, 10.844892 ], [ 88.821951, 10.848107 ], [ 88.821881, 10.849714 ], [ 88.82134, 10.862581 ], [ 88.821306, 10.863384 ], [ 88.821241, 10.864991 ], [ 88.821208, 10.865795 ], [ 88.821081, 10.869011 ], [ 88.821049, 10.869815 ], [ 88.820988, 10.871422 ], [ 88.820957, 10.872226 ], [ 88.820718, 10.878661 ], [ 88.820688, 10.879465 ], [ 88.82063, 10.881073 ], [ 88.820602, 10.881877 ], [ 88.82049, 10.885095 ], [ 88.820463, 10.885899 ], [ 88.820409, 10.887508 ], [ 88.820382, 10.888312 ], [ 88.820353, 10.88921 ], [ 88.820324, 10.890107 ], [ 88.820295, 10.891004 ], [ 88.820266, 10.891901 ], [ 88.820237, 10.892799 ], [ 88.820208, 10.893696 ], [ 88.820179, 10.894593 ], [ 88.82015, 10.89549 ], [ 88.820121, 10.896386 ], [ 88.820092, 10.897283 ], [ 88.820063, 10.898182 ], [ 88.820033, 10.899079 ], [ 88.820004, 10.899976 ], [ 88.819975, 10.900873 ], [ 88.819946, 10.901771 ], [ 88.819917, 10.902668 ], [ 88.819888, 10.903565 ], [ 88.819859, 10.904462 ], [ 88.81983, 10.90536 ], [ 88.819801, 10.906257 ], [ 88.819772, 10.907154 ], [ 88.819743, 10.908051 ], [ 88.819714, 10.908948 ], [ 88.819685, 10.909845 ], [ 88.819656, 10.910743 ], [ 88.819627, 10.91164 ], [ 88.819598, 10.912537 ], [ 88.819569, 10.913434 ], [ 88.81954, 10.91433 ], [ 88.819511, 10.915227 ], [ 88.819481, 10.916126 ], [ 88.819452, 10.917023 ], [ 88.819423, 10.91792 ], [ 88.819394, 10.918818 ], [ 88.819365, 10.919715 ], [ 88.819336, 10.920612 ], [ 88.819307, 10.921509 ], [ 88.819278, 10.922406 ], [ 88.819249, 10.923304 ], [ 88.81922, 10.924201 ], [ 88.819191, 10.925098 ], [ 88.819162, 10.925995 ], [ 88.819133, 10.926893 ], [ 88.819104, 10.92779 ], [ 88.819075, 10.928687 ], [ 88.819045, 10.929584 ], [ 88.819016, 10.930481 ], [ 88.818987, 10.931377 ], [ 88.818958, 10.932274 ], [ 88.818929, 10.933173 ], [ 88.8189, 10.93407 ], [ 88.818871, 10.934967 ], [ 88.818842, 10.935865 ], [ 88.818813, 10.936762 ], [ 88.818784, 10.937659 ], [ 88.818755, 10.938556 ], [ 88.818726, 10.939454 ], [ 88.818696, 10.940351 ], [ 88.818667, 10.941248 ], [ 88.818638, 10.942145 ], [ 88.818609, 10.943042 ], [ 88.81858, 10.94394 ], [ 88.818551, 10.944837 ], [ 88.818522, 10.945734 ], [ 88.818493, 10.946631 ], [ 88.818464, 10.947528 ], [ 88.818435, 10.948425 ], [ 88.818406, 10.949321 ], [ 88.818377, 10.950218 ], [ 88.818347, 10.951117 ], [ 88.818318, 10.952014 ], [ 88.818289, 10.952912 ], [ 88.81826, 10.953809 ], [ 88.818231, 10.954706 ], [ 88.818202, 10.955603 ], [ 88.818173, 10.9565 ], [ 88.818144, 10.957398 ], [ 88.818115, 10.958295 ], [ 88.818085, 10.959192 ], [ 88.818056, 10.960089 ], [ 88.818027, 10.960986 ], [ 88.817998, 10.961884 ], [ 88.817969, 10.962781 ], [ 88.81794, 10.963678 ], [ 88.817911, 10.964576 ], [ 88.817882, 10.965473 ], [ 88.817853, 10.966368 ], [ 88.817824, 10.967265 ], [ 88.817794, 10.968164 ], [ 88.817765, 10.969061 ], [ 88.817736, 10.969958 ], [ 88.817707, 10.970856 ], [ 88.817678, 10.971753 ], [ 88.817649, 10.97265 ], [ 88.81762, 10.973547 ], [ 88.817591, 10.974445 ], [ 88.817561, 10.975342 ], [ 88.817532, 10.976239 ], [ 88.817503, 10.977136 ], [ 88.817474, 10.978034 ], [ 88.817445, 10.978931 ], [ 88.817416, 10.979828 ], [ 88.817387, 10.980725 ], [ 88.817358, 10.981622 ], [ 88.817328, 10.982519 ], [ 88.817299, 10.983417 ], [ 88.81727, 10.984312 ], [ 88.817241, 10.98521 ], [ 88.817212, 10.986108 ], [ 88.817183, 10.987006 ], [ 88.817154, 10.987903 ], [ 88.817125, 10.9888 ], [ 88.817095, 10.989697 ], [ 88.817066, 10.990594 ], [ 88.817037, 10.991492 ], [ 88.817008, 10.992389 ], [ 88.816979, 10.993286 ], [ 88.81695, 10.994183 ], [ 88.816921, 10.995081 ], [ 88.816891, 10.995978 ], [ 88.816862, 10.996875 ], [ 88.816833, 10.997772 ], [ 88.816804, 10.998669 ], [ 88.816775, 10.999566 ], [ 88.816746, 11.000464 ], [ 88.816717, 11.001359 ], [ 88.816687, 11.002257 ], [ 88.816658, 11.003155 ], [ 88.816629, 11.004053 ], [ 88.8166, 11.00495 ], [ 88.816571, 11.005847 ], [ 88.816542, 11.006744 ], [ 88.816512, 11.007641 ], [ 88.816483, 11.008539 ], [ 88.816454, 11.009436 ], [ 88.816335, 11.016173 ], [ 88.815999, 11.024853 ], [ 88.815883, 11.027894 ], [ 88.815842, 11.028945 ], [ 88.815818, 11.029688 ], [ 88.815645, 11.035071 ], [ 88.81558, 11.037381 ], [ 88.815551, 11.038289 ], [ 88.815525, 11.039176 ], [ 88.815498, 11.040074 ], [ 88.815473, 11.04097 ], [ 88.815403, 11.043021 ], [ 88.815378, 11.043919 ], [ 88.815353, 11.044816 ], [ 88.815297, 11.048501 ], [ 88.814961, 11.056031 ], [ 88.814928, 11.056929 ], [ 88.814896, 11.057826 ], [ 88.814864, 11.058724 ], [ 88.814832, 11.059621 ], [ 88.814791, 11.060792 ], [ 88.814712, 11.063133 ], [ 88.814673, 11.064304 ], [ 88.814522, 11.068987 ], [ 88.814486, 11.070157 ], [ 88.814414, 11.072499 ], [ 88.81438, 11.07367 ], [ 88.814354, 11.074567 ], [ 88.814328, 11.075465 ], [ 88.814302, 11.076363 ], [ 88.814277, 11.07726 ], [ 88.814251, 11.078157 ], [ 88.814225, 11.079055 ], [ 88.814201, 11.079952 ], [ 88.814174, 11.080855 ], [ 88.814139, 11.081716 ], [ 88.813907, 11.08796 ], [ 88.813797, 11.091082 ], [ 88.813768, 11.091979 ], [ 88.813739, 11.092876 ], [ 88.81371, 11.093774 ], [ 88.81368, 11.094671 ], [ 88.813651, 11.095568 ], [ 88.813622, 11.096466 ], [ 88.813562, 11.098394 ], [ 88.813447, 11.10225 ], [ 88.813393, 11.104177 ], [ 88.813338, 11.106255 ], [ 88.813312, 11.106924 ], [ 88.813282, 11.10776 ], [ 88.813221, 11.109432 ], [ 88.813191, 11.110268 ], [ 88.813074, 11.113612 ], [ 88.813046, 11.114448 ], [ 88.812989, 11.116119 ], [ 88.812962, 11.116955 ], [ 88.812745, 11.123644 ], [ 88.812718, 11.124479 ], [ 88.812666, 11.126151 ], [ 88.812641, 11.126986 ], [ 88.812541, 11.130331 ], [ 88.812516, 11.131167 ], [ 88.812468, 11.132839 ], [ 88.812453, 11.133389 ], [ 88.812286, 11.13787 ], [ 88.81223, 11.139407 ], [ 88.812123, 11.14248 ], [ 88.812071, 11.144017 ], [ 88.812042, 11.144915 ], [ 88.812012, 11.145812 ], [ 88.811983, 11.146709 ], [ 88.811954, 11.147606 ], [ 88.811924, 11.148504 ], [ 88.811895, 11.149401 ], [ 88.811866, 11.150298 ], [ 88.811837, 11.151195 ], [ 88.811807, 11.152093 ], [ 88.811778, 11.15299 ], [ 88.811749, 11.153887 ], [ 88.811719, 11.154784 ], [ 88.81169, 11.155681 ], [ 88.811661, 11.156579 ], [ 88.811631, 11.157476 ], [ 88.811602, 11.158373 ], [ 88.811573, 11.159268 ], [ 88.811544, 11.160166 ], [ 88.811514, 11.161065 ], [ 88.811485, 11.161962 ], [ 88.811456, 11.162859 ], [ 88.811426, 11.163756 ], [ 88.811397, 11.164653 ], [ 88.811368, 11.165551 ], [ 88.811338, 11.166448 ], [ 88.811309, 11.167345 ], [ 88.81128, 11.168242 ], [ 88.81125, 11.16914 ], [ 88.811221, 11.170037 ], [ 88.811192, 11.170934 ], [ 88.811163, 11.171831 ], [ 88.811133, 11.172728 ], [ 88.811104, 11.173625 ], [ 88.811075, 11.174523 ], [ 88.811045, 11.17542 ], [ 88.811016, 11.176317 ], [ 88.810987, 11.177213 ], [ 88.810957, 11.17811 ], [ 88.810928, 11.179009 ], [ 88.810899, 11.179906 ], [ 88.810869, 11.180803 ], [ 88.81084, 11.181701 ], [ 88.810811, 11.182598 ], [ 88.810781, 11.183495 ], [ 88.810752, 11.184392 ], [ 88.810723, 11.185289 ], [ 88.810693, 11.186186 ], [ 88.810664, 11.187084 ], [ 88.810635, 11.187981 ], [ 88.810605, 11.188878 ], [ 88.810576, 11.189776 ], [ 88.810547, 11.190673 ], [ 88.810517, 11.19157 ], [ 88.810488, 11.192467 ], [ 88.810459, 11.193364 ], [ 88.810429, 11.19426 ], [ 88.8104, 11.195157 ], [ 88.810371, 11.196056 ], [ 88.810341, 11.196953 ], [ 88.810312, 11.19785 ], [ 88.810283, 11.198748 ], [ 88.810253, 11.199645 ], [ 88.810224, 11.200542 ], [ 88.810195, 11.201439 ], [ 88.810165, 11.202336 ], [ 88.810136, 11.203234 ], [ 88.810107, 11.204131 ], [ 88.810077, 11.205028 ], [ 88.810048, 11.205925 ], [ 88.810019, 11.206822 ], [ 88.809989, 11.20772 ], [ 88.80996, 11.208617 ], [ 88.80993, 11.209514 ], [ 88.809901, 11.210411 ], [ 88.809872, 11.211309 ], [ 88.809842, 11.212204 ], [ 88.809813, 11.213101 ], [ 88.809784, 11.214 ], [ 88.809754, 11.214897 ], [ 88.809725, 11.215795 ], [ 88.809696, 11.216692 ], [ 88.809666, 11.217589 ], [ 88.809637, 11.218486 ], [ 88.809608, 11.219384 ], [ 88.809578, 11.220281 ], [ 88.809549, 11.221178 ], [ 88.809519, 11.222075 ], [ 88.80949, 11.222972 ], [ 88.809461, 11.22387 ], [ 88.809431, 11.224767 ], [ 88.809402, 11.225664 ], [ 88.809373, 11.226561 ], [ 88.809343, 11.227458 ], [ 88.809314, 11.228356 ], [ 88.809285, 11.229251 ], [ 88.809255, 11.230148 ], [ 88.809226, 11.231047 ], [ 88.809196, 11.231944 ], [ 88.809167, 11.232842 ], [ 88.80893, 11.242003 ], [ 88.8089, 11.242839 ], [ 88.808715, 11.247521 ], [ 88.808683, 11.248418 ], [ 88.808651, 11.249316 ], [ 88.80862, 11.250213 ], [ 88.808587, 11.25111 ], [ 88.808554, 11.252008 ], [ 88.808523, 11.252905 ], [ 88.80849, 11.253803 ], [ 88.808458, 11.254701 ], [ 88.808351, 11.257865 ], [ 88.808154, 11.264194 ], [ 88.808099, 11.266109 ], [ 88.808039, 11.268116 ], [ 88.808013, 11.269014 ], [ 88.807991, 11.269911 ], [ 88.807962, 11.270809 ], [ 88.807937, 11.271707 ], [ 88.807911, 11.272604 ], [ 88.80788, 11.273947 ], [ 88.807833, 11.275361 ], [ 88.807688, 11.278832 ], [ 88.80756, 11.284885 ], [ 88.807518, 11.285782 ], [ 88.807477, 11.286679 ], [ 88.807435, 11.287575 ], [ 88.807405, 11.288254 ], [ 88.807364, 11.289368 ], [ 88.80733, 11.290265 ], [ 88.807297, 11.291162 ], [ 88.807263, 11.292059 ], [ 88.80723, 11.292956 ], [ 88.807196, 11.293853 ], [ 88.807162, 11.29475 ], [ 88.807129, 11.295647 ], [ 88.807095, 11.296544 ], [ 88.807062, 11.297442 ], [ 88.807028, 11.298338 ], [ 88.806995, 11.299234 ], [ 88.806961, 11.300131 ], [ 88.806939, 11.30103 ], [ 88.806916, 11.301927 ], [ 88.806893, 11.302824 ], [ 88.806871, 11.303722 ], [ 88.806848, 11.304619 ], [ 88.806826, 11.305517 ], [ 88.806803, 11.306414 ], [ 88.80678, 11.307311 ], [ 88.806758, 11.308209 ], [ 88.806735, 11.309106 ], [ 88.806712, 11.310003 ], [ 88.80669, 11.3109 ], [ 88.806667, 11.311798 ], [ 88.806645, 11.312695 ], [ 88.806622, 11.313592 ], [ 88.806599, 11.31449 ], [ 88.806577, 11.315387 ], [ 88.806554, 11.316284 ], [ 88.806488, 11.31718 ], [ 88.806441, 11.318077 ], [ 88.806439, 11.318976 ], [ 88.80646, 11.32007 ], [ 88.806409, 11.320766 ], [ 88.806408, 11.321663 ], [ 88.806376, 11.322559 ], [ 88.806357, 11.323455 ], [ 88.806166, 11.324357 ], [ 88.806136, 11.325255 ], [ 88.806107, 11.326152 ], [ 88.806077, 11.327049 ], [ 88.806048, 11.327946 ], [ 88.806019, 11.328843 ], [ 88.805989, 11.32974 ], [ 88.80596, 11.330638 ], [ 88.80593, 11.331535 ], [ 88.805901, 11.332432 ], [ 88.805871, 11.33333 ], [ 88.805842, 11.334225 ], [ 88.805812, 11.335122 ], [ 88.805783, 11.336021 ], [ 88.805753, 11.336918 ], [ 88.805724, 11.337815 ], [ 88.805694, 11.338713 ], [ 88.805665, 11.33961 ], [ 88.805635, 11.340507 ], [ 88.805606, 11.341404 ], [ 88.805576, 11.342302 ], [ 88.805547, 11.343199 ], [ 88.805517, 11.344096 ], [ 88.805488, 11.344993 ], [ 88.805458, 11.34589 ], [ 88.805429, 11.346788 ], [ 88.805399, 11.347685 ], [ 88.80537, 11.348582 ], [ 88.80534, 11.349479 ], [ 88.805311, 11.350376 ], [ 88.805281, 11.351274 ], [ 88.805252, 11.352169 ], [ 88.805222, 11.353066 ], [ 88.805193, 11.353965 ], [ 88.805163, 11.354863 ], [ 88.805134, 11.35576 ], [ 88.805104, 11.356657 ], [ 88.805075, 11.357554 ], [ 88.805045, 11.358451 ], [ 88.805016, 11.359349 ], [ 88.804986, 11.360246 ], [ 88.804957, 11.361143 ], [ 88.804927, 11.36204 ], [ 88.804898, 11.362937 ], [ 88.804868, 11.363835 ], [ 88.804839, 11.364732 ], [ 88.804809, 11.365629 ], [ 88.80478, 11.366527 ], [ 88.80475, 11.367423 ], [ 88.804721, 11.368321 ], [ 88.804691, 11.369216 ], [ 88.804662, 11.370114 ], [ 88.804632, 11.371012 ], [ 88.804603, 11.37191 ], [ 88.804573, 11.372807 ], [ 88.804544, 11.373704 ], [ 88.804514, 11.374601 ], [ 88.804485, 11.375499 ], [ 88.804455, 11.376396 ], [ 88.804426, 11.377293 ], [ 88.804396, 11.37819 ], [ 88.804367, 11.379088 ], [ 88.804337, 11.379985 ], [ 88.804308, 11.380882 ], [ 88.804278, 11.381779 ], [ 88.804249, 11.382676 ], [ 88.804219, 11.383573 ], [ 88.804189, 11.38447 ], [ 88.80416, 11.385368 ], [ 88.80413, 11.386265 ], [ 88.804101, 11.387161 ], [ 88.804071, 11.388058 ], [ 88.804042, 11.388957 ], [ 88.804012, 11.389854 ], [ 88.803983, 11.390751 ], [ 88.803953, 11.391648 ], [ 88.803924, 11.392546 ], [ 88.803894, 11.393443 ], [ 88.803865, 11.39434 ], [ 88.803835, 11.395237 ], [ 88.803806, 11.396134 ], [ 88.803776, 11.397032 ], [ 88.803746, 11.397929 ], [ 88.803717, 11.398826 ], [ 88.803687, 11.399723 ], [ 88.803658, 11.400621 ], [ 88.803535, 11.404738 ], [ 88.803426, 11.408822 ], [ 88.8034, 11.409535 ], [ 88.803368, 11.410432 ], [ 88.803335, 11.41133 ], [ 88.803304, 11.412227 ], [ 88.803271, 11.413124 ], [ 88.803238, 11.414021 ], [ 88.803206, 11.414919 ], [ 88.803187, 11.415448 ], [ 88.803167, 11.415999 ], [ 88.803141, 11.416711 ], [ 88.803108, 11.41761 ], [ 88.803067, 11.418782 ], [ 88.802986, 11.421126 ], [ 88.802947, 11.422297 ], [ 88.802794, 11.426986 ], [ 88.802661, 11.434627 ], [ 88.802595, 11.43614 ], [ 88.802317, 11.442734 ], [ 88.802152, 11.447147 ], [ 88.802096, 11.448707 ], [ 88.802065, 11.449605 ], [ 88.802033, 11.450502 ], [ 88.802002, 11.4514 ], [ 88.801971, 11.452297 ], [ 88.801939, 11.453195 ], [ 88.801793, 11.457852 ], [ 88.801686, 11.461716 ], [ 88.801607, 11.464783 ], [ 88.801524, 11.468326 ], [ 88.801477, 11.469359 ], [ 88.801402, 11.473393 ], [ 88.801015, 11.480896 ], [ 88.80098, 11.48201 ], [ 88.800962, 11.482567 ], [ 88.800892, 11.484795 ], [ 88.800875, 11.485352 ], [ 88.800841, 11.486466 ], [ 88.800825, 11.487023 ], [ 88.800798, 11.487921 ], [ 88.800772, 11.488818 ], [ 88.800745, 11.489716 ], [ 88.800719, 11.490613 ], [ 88.800692, 11.49151 ], [ 88.800666, 11.492407 ], [ 88.800639, 11.493305 ], [ 88.800613, 11.494202 ], [ 88.800586, 11.4951 ], [ 88.80056, 11.495997 ], [ 88.800533, 11.496895 ], [ 88.800507, 11.497792 ], [ 88.80048, 11.498689 ], [ 88.800454, 11.499587 ], [ 88.800431, 11.500356 ], [ 88.800388, 11.501894 ], [ 88.800367, 11.502662 ], [ 88.800283, 11.505738 ], [ 88.800262, 11.506506 ], [ 88.800222, 11.508044 ], [ 88.800203, 11.508812 ], [ 88.800154, 11.510758 ], [ 88.799888, 11.519899 ], [ 88.799843, 11.521503 ], [ 88.799758, 11.524711 ], [ 88.799717, 11.526315 ], [ 88.799561, 11.532735 ], [ 88.799524, 11.534339 ], [ 88.799454, 11.537549 ], [ 88.799421, 11.539152 ], [ 88.79917, 11.552065 ], [ 88.799134, 11.554077 ], [ 88.799068, 11.558103 ], [ 88.799038, 11.560115 ], [ 88.798931, 11.568168 ], [ 88.798904, 11.570496 ], [ 88.798858, 11.575153 ], [ 88.798839, 11.577481 ], [ 88.79883, 11.578898 ], [ 88.798825, 11.579845 ], [ 88.798793, 11.585884 ], [ 88.798789, 11.586666 ], [ 88.798784, 11.587924 ], [ 88.798781, 11.588565 ], [ 88.798772, 11.59142 ], [ 88.798771, 11.59203 ], [ 88.798767, 11.593559 ], [ 88.798766, 11.594272 ], [ 88.798751, 11.608887 ], [ 88.798752, 11.610713 ], [ 88.798758, 11.614365 ], [ 88.798764, 11.616191 ], [ 88.798797, 11.623498 ], [ 88.798807, 11.625323 ], [ 88.798834, 11.628976 ], [ 88.79885, 11.630801 ], [ 88.798996, 11.645416 ], [ 88.799017, 11.647241 ], [ 88.799064, 11.650893 ], [ 88.799089, 11.652719 ], [ 88.799203, 11.660025 ], [ 88.799234, 11.66185 ], [ 88.799301, 11.665502 ], [ 88.799337, 11.667327 ], [ 88.799645, 11.68194 ], [ 88.799686, 11.683764 ], [ 88.799773, 11.687416 ], [ 88.799819, 11.689241 ], [ 88.800013, 11.696545 ], [ 88.800064, 11.698371 ], [ 88.800171, 11.702021 ], [ 88.800227, 11.703846 ], [ 88.800697, 11.718454 ], [ 88.800758, 11.720278 ], [ 88.800885, 11.723929 ], [ 88.800952, 11.725753 ], [ 88.801227, 11.733055 ], [ 88.801298, 11.734879 ], [ 88.801445, 11.738529 ], [ 88.801522, 11.740353 ], [ 88.802153, 11.754955 ], [ 88.802234, 11.756779 ], [ 88.802402, 11.760427 ], [ 88.802488, 11.762251 ], [ 88.802844, 11.769549 ], [ 88.802936, 11.771373 ], [ 88.803124, 11.775021 ], [ 88.80322, 11.776843 ], [ 88.804012, 11.791438 ], [ 88.804114, 11.793261 ], [ 88.804322, 11.796907 ], [ 88.804429, 11.79873 ], [ 88.804865, 11.806024 ], [ 88.804977, 11.807847 ], [ 88.805205, 11.811492 ], [ 88.805322, 11.813314 ], [ 88.806276, 11.827899 ], [ 88.806398, 11.82972 ], [ 88.806646, 11.833364 ], [ 88.806773, 11.835186 ], [ 88.80729, 11.842475 ], [ 88.807422, 11.844296 ], [ 88.807691, 11.847939 ], [ 88.807827, 11.849759 ], [ 88.808943, 11.864333 ], [ 88.809085, 11.866153 ], [ 88.809374, 11.869794 ], [ 88.80952, 11.871614 ], [ 88.810118, 11.878897 ], [ 88.81027, 11.880717 ], [ 88.810579, 11.884357 ], [ 88.810736, 11.886175 ], [ 88.812013, 11.900737 ], [ 88.812175, 11.902555 ], [ 88.812504, 11.906193 ], [ 88.812671, 11.908011 ], [ 88.81335, 11.915287 ], [ 88.813522, 11.917105 ], [ 88.813872, 11.920741 ], [ 88.814049, 11.922558 ], [ 88.815487, 11.937105 ], [ 88.815669, 11.938921 ], [ 88.816038, 11.942555 ], [ 88.816226, 11.944372 ], [ 88.816985, 11.95164 ], [ 88.817177, 11.953456 ], [ 88.817567, 11.957088 ], [ 88.817764, 11.958903 ], [ 88.819363, 11.973433 ], [ 88.819566, 11.975248 ], [ 88.819975, 11.978878 ], [ 88.820183, 11.980692 ], [ 88.821023, 11.987952 ], [ 88.821235, 11.989765 ], [ 88.821665, 11.993393 ], [ 88.821882, 11.995206 ], [ 88.823643, 12.009718 ], [ 88.823865, 12.01153 ], [ 88.824315, 12.015155 ], [ 88.824542, 12.016967 ], [ 88.825463, 12.024218 ], [ 88.825695, 12.026029 ], [ 88.826165, 12.029652 ], [ 88.826403, 12.031462 ], [ 88.828324, 12.045954 ], [ 88.828567, 12.047764 ], [ 88.829057, 12.051384 ], [ 88.829304, 12.053194 ], [ 88.830305, 12.060434 ], [ 88.830558, 12.062242 ], [ 88.831068, 12.06586 ], [ 88.831326, 12.067668 ], [ 88.833408, 12.082139 ], [ 88.83367, 12.083945 ], [ 88.834201, 12.08756 ], [ 88.834468, 12.089367 ], [ 88.835549, 12.096596 ], [ 88.835822, 12.098401 ], [ 88.836372, 12.102013 ], [ 88.83665, 12.103818 ], [ 88.838893, 12.118266 ], [ 88.839064, 12.119362 ], [ 88.839408, 12.121557 ], [ 88.839581, 12.122653 ], [ 88.840278, 12.127043 ], [ 88.840453, 12.12814 ], [ 88.840805, 12.130334 ], [ 88.840982, 12.13143 ], [ 88.842405, 12.140207 ], [ 88.842648, 12.141697 ], [ 88.843139, 12.144677 ], [ 88.843385, 12.146167 ], [ 88.84438, 12.152128 ], [ 88.844683, 12.15393 ], [ 88.845295, 12.157534 ], [ 88.845603, 12.159335 ], [ 88.845846, 12.160741 ], [ 88.846008, 12.161679 ], [ 88.847045, 12.167652 ], [ 88.84718, 12.168425 ], [ 88.847397, 12.169666 ], [ 88.847507, 12.170298 ], [ 88.848003, 12.173119 ], [ 88.848112, 12.173738 ], [ 88.848377, 12.175233 ], [ 88.848502, 12.175936 ], [ 88.851065, 12.190332 ], [ 88.851388, 12.19213 ], [ 88.852038, 12.195726 ], [ 88.852366, 12.197523 ], [ 88.853687, 12.204713 ], [ 88.85402, 12.206509 ], [ 88.854691, 12.210101 ], [ 88.855028, 12.211896 ], [ 88.857751, 12.226263 ], [ 88.858094, 12.228057 ], [ 88.858785, 12.231646 ], [ 88.859132, 12.233439 ], [ 88.860534, 12.240614 ], [ 88.860886, 12.242407 ], [ 88.861597, 12.245992 ], [ 88.861954, 12.247783 ], [ 88.864837, 12.26212 ], [ 88.8652, 12.26391 ], [ 88.86593, 12.267491 ], [ 88.866298, 12.269281 ], [ 88.867779, 12.276441 ], [ 88.868151, 12.278229 ], [ 88.868902, 12.281806 ], [ 88.869279, 12.283593 ], [ 88.872321, 12.297899 ], [ 88.872704, 12.299685 ], [ 88.873474, 12.303258 ], [ 88.873861, 12.305043 ], [ 88.875422, 12.312187 ], [ 88.875814, 12.313971 ], [ 88.876605, 12.31754 ], [ 88.877002, 12.319323 ], [ 88.880203, 12.333595 ], [ 88.880605, 12.335376 ], [ 88.881415, 12.338941 ], [ 88.881823, 12.340722 ], [ 88.883463, 12.347848 ], [ 88.883875, 12.349628 ], [ 88.884705, 12.353189 ], [ 88.885122, 12.354967 ], [ 88.888482, 12.369204 ], [ 88.888904, 12.370981 ], [ 88.889754, 12.374537 ], [ 88.890181, 12.376313 ], [ 88.891901, 12.383422 ], [ 88.892333, 12.385197 ], [ 88.893202, 12.388748 ], [ 88.893639, 12.390522 ], [ 88.897158, 12.404722 ], [ 88.897599, 12.406494 ], [ 88.898489, 12.410041 ], [ 88.898936, 12.411813 ], [ 88.900734, 12.418902 ], [ 88.901186, 12.420673 ], [ 88.902095, 12.424214 ], [ 88.902552, 12.425983 ], [ 88.906228, 12.440144 ], [ 88.90669, 12.441912 ], [ 88.907619, 12.445449 ], [ 88.908085, 12.447216 ], [ 88.909963, 12.454285 ], [ 88.910434, 12.456051 ], [ 88.911383, 12.459583 ], [ 88.911859, 12.461347 ], [ 88.915693, 12.475467 ], [ 88.916175, 12.47723 ], [ 88.917143, 12.480756 ], [ 88.917629, 12.482518 ], [ 88.919585, 12.489567 ], [ 88.920077, 12.491328 ], [ 88.921064, 12.494849 ], [ 88.92156, 12.496608 ], [ 88.925552, 12.510687 ], [ 88.926053, 12.512444 ], [ 88.92706, 12.51596 ], [ 88.927566, 12.517716 ], [ 88.929601, 12.524744 ], [ 88.930112, 12.526499 ], [ 88.931139, 12.530009 ], [ 88.931655, 12.531763 ], [ 88.935803, 12.545798 ], [ 88.936324, 12.54755 ], [ 88.93737, 12.551054 ], [ 88.937896, 12.552805 ], [ 88.940009, 12.559811 ], [ 88.940539, 12.56156 ], [ 88.941605, 12.565059 ], [ 88.942141, 12.566807 ], [ 88.946446, 12.580797 ], [ 88.946986, 12.582543 ], [ 88.948071, 12.586036 ], [ 88.948616, 12.587781 ], [ 88.950808, 12.594764 ], [ 88.951358, 12.596508 ], [ 88.952463, 12.599995 ], [ 88.953017, 12.601737 ], [ 88.957478, 12.615679 ], [ 88.958038, 12.61742 ], [ 88.959163, 12.620901 ], [ 88.959727, 12.62264 ], [ 88.961996, 12.629598 ], [ 88.962566, 12.631336 ], [ 88.96371, 12.634811 ], [ 88.964284, 12.636547 ], [ 88.9689, 12.650441 ], [ 88.969479, 12.652175 ], [ 88.970643, 12.655644 ], [ 88.971227, 12.657377 ], [ 88.973574, 12.664311 ], [ 88.974162, 12.666042 ], [ 88.975345, 12.669505 ], [ 88.975939, 12.671235 ], [ 88.98071, 12.685078 ], [ 88.981071, 12.686121 ], [ 88.981794, 12.688207 ], [ 88.982156, 12.68925 ], [ 88.983611, 12.693423 ], [ 88.983975, 12.694466 ], [ 88.984705, 12.69655 ], [ 88.985071, 12.697592 ], [ 88.988008, 12.70593 ], [ 88.988505, 12.707336 ], [ 88.989503, 12.710149 ], [ 88.990004, 12.711554 ], [ 88.992013, 12.717176 ], [ 88.992704, 12.719101 ], [ 88.994093, 12.72295 ], [ 88.994798, 12.724895 ], [ 88.995637, 12.727196 ], [ 88.995848, 12.727775 ], [ 88.996227, 12.728812 ], [ 88.998896, 12.736098 ], [ 88.99922, 12.73698 ], [ 88.999874, 12.738759 ], [ 89.000194, 12.739627 ], [ 89.001498, 12.743156 ], [ 89.001824, 12.744037 ], [ 89.002479, 12.7458 ], [ 89.002806, 12.74668 ], [ 89.009125, 12.763631 ], [ 89.009918, 12.765747 ], [ 89.011512, 12.769978 ], [ 89.012313, 12.772092 ], [ 89.015531, 12.780546 ], [ 89.016338, 12.782657 ], [ 89.017961, 12.786877 ], [ 89.018776, 12.788985 ], [ 89.02533, 12.805851 ], [ 89.026152, 12.807956 ], [ 89.027804, 12.812166 ], [ 89.028634, 12.814268 ], [ 89.031968, 12.822679 ], [ 89.032805, 12.824779 ], [ 89.034487, 12.828977 ], [ 89.03533, 12.831074 ], [ 89.042117, 12.847852 ], [ 89.042968, 12.849946 ], [ 89.044678, 12.854133 ], [ 89.045537, 12.856225 ], [ 89.048988, 12.86459 ], [ 89.049853, 12.866679 ], [ 89.051593, 12.870854 ], [ 89.052465, 12.87294 ], [ 89.059483, 12.889626 ], [ 89.060363, 12.891708 ], [ 89.062132, 12.895873 ], [ 89.063019, 12.897953 ], [ 89.066585, 12.906271 ], [ 89.06748, 12.908348 ], [ 89.069277, 12.912501 ], [ 89.070179, 12.914574 ], [ 89.077427, 12.931166 ], [ 89.078336, 12.933236 ], [ 89.080162, 12.937377 ], [ 89.081078, 12.939445 ], [ 89.084759, 12.947715 ], [ 89.085683, 12.94978 ], [ 89.087537, 12.953909 ], [ 89.088467, 12.95597 ], [ 89.095945, 12.972464 ], [ 89.096882, 12.974522 ], [ 89.098765, 12.978638 ], [ 89.09971, 12.980694 ], [ 89.103506, 12.988915 ], [ 89.104458, 12.990967 ], [ 89.106369, 12.99507 ], [ 89.107328, 12.997119 ], [ 89.115034, 13.013512 ], [ 89.115515, 13.014534 ], [ 89.116481, 13.01658 ], [ 89.116965, 13.017603 ], [ 89.118905, 13.021694 ], [ 89.119391, 13.022715 ], [ 89.120364, 13.024759 ], [ 89.120852, 13.025779 ], [ 89.124761, 13.03395 ], [ 89.125251, 13.03497 ], [ 89.126231, 13.037011 ], [ 89.126723, 13.03803 ], [ 89.128692, 13.042109 ], [ 89.129185, 13.043128 ], [ 89.130173, 13.045166 ], [ 89.130847, 13.04611 ], [ 89.131203, 13.046926 ], [ 89.131586, 13.047726 ], [ 89.131984, 13.048521 ], [ 89.132351, 13.049332 ], [ 89.132717, 13.050141 ], [ 89.13312, 13.050933 ], [ 89.133557, 13.051875 ], [ 89.133875, 13.052541 ], [ 89.134258, 13.053342 ], [ 89.134642, 13.054143 ], [ 89.135028, 13.054948 ], [ 89.135412, 13.055749 ], [ 89.135796, 13.056551 ], [ 89.136181, 13.057354 ], [ 89.136565, 13.058155 ], [ 89.136948, 13.058955 ], [ 89.137333, 13.059758 ], [ 89.137718, 13.060561 ], [ 89.138103, 13.061364 ], [ 89.138486, 13.062164 ], [ 89.138871, 13.062967 ], [ 89.139256, 13.06377 ], [ 89.139639, 13.06457 ], [ 89.140023, 13.065372 ], [ 89.140409, 13.066176 ], [ 89.140793, 13.066977 ], [ 89.141185, 13.067773 ], [ 89.141579, 13.068573 ], [ 89.141972, 13.06937 ], [ 89.142365, 13.070166 ], [ 89.142758, 13.070964 ], [ 89.143152, 13.071763 ], [ 89.143545, 13.072562 ], [ 89.143937, 13.073357 ], [ 89.144331, 13.074156 ], [ 89.144725, 13.074954 ], [ 89.145117, 13.07575 ], [ 89.145511, 13.076549 ], [ 89.145904, 13.077348 ], [ 89.146363, 13.078279 ], [ 89.146695, 13.078939 ], [ 89.147096, 13.079733 ], [ 89.147497, 13.080526 ], [ 89.147897, 13.081319 ], [ 89.148297, 13.082111 ], [ 89.148672, 13.082921 ], [ 89.149081, 13.083709 ], [ 89.149488, 13.084497 ], [ 89.149872, 13.085299 ], [ 89.150287, 13.086084 ], [ 89.150678, 13.086878 ], [ 89.150916, 13.087766 ], [ 89.151305, 13.088566 ], [ 89.151695, 13.089367 ], [ 89.152084, 13.090164 ], [ 89.152474, 13.090965 ], [ 89.152863, 13.091765 ], [ 89.153252, 13.092563 ], [ 89.153641, 13.093363 ], [ 89.154031, 13.094164 ], [ 89.15442, 13.094963 ], [ 89.154809, 13.095762 ], [ 89.155199, 13.096562 ], [ 89.155588, 13.097362 ], [ 89.155978, 13.098162 ], [ 89.156366, 13.09896 ], [ 89.156756, 13.099761 ], [ 89.157146, 13.100561 ], [ 89.157534, 13.101359 ], [ 89.157924, 13.10216 ], [ 89.158314, 13.102959 ], [ 89.158702, 13.103757 ], [ 89.159092, 13.104558 ], [ 89.159481, 13.105358 ], [ 89.159871, 13.106158 ], [ 89.16026, 13.106957 ], [ 89.16065, 13.107758 ], [ 89.165495, 13.116898 ], [ 89.166756, 13.119594 ], [ 89.167221, 13.120596 ], [ 89.167595, 13.121404 ], [ 89.167949, 13.122223 ], [ 89.168364, 13.122946 ], [ 89.172482, 13.132043 ], [ 89.172847, 13.132792 ], [ 89.17435, 13.135857 ], [ 89.175356, 13.137894 ], [ 89.175791, 13.138778 ], [ 89.176025, 13.139254 ], [ 89.177988, 13.143208 ], [ 89.178172, 13.143582 ], [ 89.178784, 13.144877 ], [ 89.182451, 13.152533 ], [ 89.182841, 13.153334 ], [ 89.183229, 13.154133 ], [ 89.183618, 13.154932 ], [ 89.184008, 13.155733 ], [ 89.184398, 13.156532 ], [ 89.184786, 13.157331 ], [ 89.185176, 13.158131 ], [ 89.185566, 13.158932 ], [ 89.185955, 13.159731 ], [ 89.186343, 13.160529 ], [ 89.186733, 13.161329 ], [ 89.187123, 13.16213 ], [ 89.187512, 13.162929 ], [ 89.1879, 13.163727 ], [ 89.18829, 13.164528 ], [ 89.18868, 13.165328 ], [ 89.189069, 13.166126 ], [ 89.189459, 13.166927 ], [ 89.189848, 13.167726 ], [ 89.190236, 13.168524 ], [ 89.190626, 13.169325 ], [ 89.191015, 13.170125 ], [ 89.191405, 13.170925 ], [ 89.191793, 13.171723 ], [ 89.192183, 13.172524 ], [ 89.192573, 13.173324 ], [ 89.192961, 13.174121 ], [ 89.19335, 13.174921 ], [ 89.193741, 13.175723 ], [ 89.19413, 13.176522 ], [ 89.194518, 13.177319 ], [ 89.194908, 13.178121 ], [ 89.195297, 13.178921 ], [ 89.195686, 13.179719 ], [ 89.196075, 13.180519 ], [ 89.196465, 13.181319 ], [ 89.196855, 13.18212 ], [ 89.197243, 13.182917 ], [ 89.197633, 13.183718 ], [ 89.198022, 13.184518 ], [ 89.198411, 13.185316 ], [ 89.1988, 13.186116 ], [ 89.19919, 13.186916 ], [ 89.199579, 13.187716 ], [ 89.199969, 13.188516 ], [ 89.200358, 13.189316 ], [ 89.200747, 13.190115 ], [ 89.201136, 13.190914 ], [ 89.201525, 13.191713 ], [ 89.201915, 13.192514 ], [ 89.202304, 13.193313 ], [ 89.202693, 13.194112 ], [ 89.203083, 13.194913 ], [ 89.203472, 13.195712 ], [ 89.203861, 13.19651 ], [ 89.20425, 13.19731 ], [ 89.204639, 13.198109 ], [ 89.205029, 13.19891 ], [ 89.205417, 13.199708 ], [ 89.205807, 13.200509 ], [ 89.206197, 13.201309 ], [ 89.206585, 13.202107 ], [ 89.206975, 13.202908 ], [ 89.207365, 13.203709 ], [ 89.207753, 13.204507 ], [ 89.208143, 13.205307 ], [ 89.208532, 13.206106 ], [ 89.208921, 13.206906 ], [ 89.20931, 13.207705 ], [ 89.209699, 13.208504 ], [ 89.210089, 13.209305 ], [ 89.210478, 13.210105 ], [ 89.210867, 13.210902 ], [ 89.211257, 13.211703 ], [ 89.211646, 13.212503 ], [ 89.212034, 13.213301 ], [ 89.212424, 13.214101 ], [ 89.212813, 13.214902 ], [ 89.213203, 13.215701 ], [ 89.213592, 13.2165 ], [ 89.213981, 13.217301 ], [ 89.21437, 13.218099 ], [ 89.214759, 13.218898 ], [ 89.215148, 13.219698 ], [ 89.215538, 13.220498 ], [ 89.215927, 13.221298 ], [ 89.216315, 13.222095 ], [ 89.216706, 13.222898 ], [ 89.217095, 13.223697 ], [ 89.217483, 13.224494 ], [ 89.217873, 13.225296 ], [ 89.218263, 13.226096 ], [ 89.218652, 13.226895 ], [ 89.21904, 13.227693 ], [ 89.21943, 13.228494 ], [ 89.21982, 13.229294 ], [ 89.220208, 13.230092 ], [ 89.220597, 13.230892 ], [ 89.220987, 13.231693 ], [ 89.221376, 13.232492 ], [ 89.221765, 13.233291 ], [ 89.222155, 13.234091 ], [ 89.222544, 13.23489 ], [ 89.222933, 13.235689 ], [ 89.223322, 13.236488 ], [ 89.223712, 13.237289 ], [ 89.224101, 13.238089 ], [ 89.224489, 13.238887 ], [ 89.224879, 13.239688 ], [ 89.225268, 13.240488 ], [ 89.225657, 13.241286 ], [ 89.226046, 13.242086 ], [ 89.226436, 13.242887 ], [ 89.226825, 13.243686 ], [ 89.227214, 13.244485 ], [ 89.227604, 13.245286 ], [ 89.227993, 13.246084 ], [ 89.228381, 13.246882 ], [ 89.22877, 13.247682 ], [ 89.229161, 13.248484 ], [ 89.22955, 13.249284 ], [ 89.233665, 13.257534 ], [ 89.234047, 13.258331 ], [ 89.234774, 13.25978 ], [ 89.23653, 13.263454 ], [ 89.238142, 13.26675 ], [ 89.239622, 13.269845 ], [ 89.24008, 13.270784 ], [ 89.240471, 13.271584 ], [ 89.240862, 13.272363 ], [ 89.241263, 13.273176 ], [ 89.241656, 13.273977 ], [ 89.243617, 13.277993 ], [ 89.244092, 13.278975 ], [ 89.244507, 13.279855 ], [ 89.249543, 13.290277 ], [ 89.25013, 13.291484 ], [ 89.251069, 13.293404 ], [ 89.251446, 13.294173 ], [ 89.252053, 13.295409 ], [ 89.252701, 13.296724 ], [ 89.255296, 13.302146 ], [ 89.257179, 13.306047 ], [ 89.257569, 13.30685 ], [ 89.257958, 13.307648 ], [ 89.258348, 13.308449 ], [ 89.258737, 13.309248 ], [ 89.259126, 13.310048 ], [ 89.259515, 13.310848 ], [ 89.259904, 13.311646 ], [ 89.260293, 13.312446 ], [ 89.260683, 13.313247 ], [ 89.261072, 13.314046 ], [ 89.26146, 13.314844 ], [ 89.261945, 13.315633 ], [ 89.262194, 13.31645 ], [ 89.262661, 13.320336 ], [ 89.262902, 13.322146 ], [ 89.26339, 13.325767 ], [ 89.263636, 13.327576 ], [ 89.264632, 13.334817 ], [ 89.264883, 13.336626 ], [ 89.265391, 13.340244 ], [ 89.265648, 13.342051 ], [ 89.26772, 13.356524 ], [ 89.267982, 13.358331 ], [ 89.26851, 13.361946 ], [ 89.268776, 13.363753 ], [ 89.269853, 13.370982 ], [ 89.270124, 13.372788 ], [ 89.270672, 13.376401 ], [ 89.270949, 13.378205 ], [ 89.273183, 13.392655 ], [ 89.273357, 13.393773 ], [ 89.273707, 13.396012 ], [ 89.273883, 13.397131 ], [ 89.274592, 13.40161 ], [ 89.27477, 13.402729 ], [ 89.275128, 13.404967 ], [ 89.275307, 13.406085 ], [ 89.276756, 13.41504 ], [ 89.277009, 13.416596 ], [ 89.27752, 13.41971 ], [ 89.277778, 13.421266 ], [ 89.278816, 13.427492 ], [ 89.279118, 13.429294 ], [ 89.27973, 13.432898 ], [ 89.280046, 13.434749 ], [ 89.280296, 13.436195 ], [ 89.281357, 13.442327 ], [ 89.281528, 13.443306 ], [ 89.281647, 13.44399 ], [ 89.281775, 13.444723 ], [ 89.28228, 13.447603 ], [ 89.2824, 13.448286 ], [ 89.282641, 13.449651 ], [ 89.282747, 13.450247 ], [ 89.284388, 13.458887 ], [ 89.284893, 13.462101 ], [ 89.285004, 13.462971 ], [ 89.285141, 13.463851 ], [ 89.285256, 13.464734 ], [ 89.285391, 13.465614 ], [ 89.285516, 13.466496 ], [ 89.28564, 13.467377 ], [ 89.285761, 13.46826 ], [ 89.28589, 13.469141 ], [ 89.286014, 13.470023 ], [ 89.28614, 13.470904 ], [ 89.286273, 13.471785 ], [ 89.286411, 13.472664 ], [ 89.28654, 13.473546 ], [ 89.286682, 13.474425 ], [ 89.286806, 13.475306 ], [ 89.286953, 13.476185 ], [ 89.287073, 13.477067 ], [ 89.287224, 13.477946 ], [ 89.28736, 13.478824 ], [ 89.287473, 13.479708 ], [ 89.287631, 13.480585 ], [ 89.28774, 13.481469 ], [ 89.287902, 13.482345 ], [ 89.288007, 13.48323 ], [ 89.288173, 13.484105 ], [ 89.288273, 13.484991 ], [ 89.288444, 13.485865 ], [ 89.28854, 13.486751 ], [ 89.288652, 13.487636 ], [ 89.288785, 13.488516 ], [ 89.288917, 13.489397 ], [ 89.289085, 13.490347 ], [ 89.28921, 13.491148 ], [ 89.289343, 13.492029 ], [ 89.289534, 13.492898 ], [ 89.289633, 13.493784 ], [ 89.289787, 13.494658 ], [ 89.289749, 13.495575 ], [ 89.289878, 13.496457 ], [ 89.290007, 13.497338 ], [ 89.290136, 13.498219 ], [ 89.290265, 13.4991 ], [ 89.290394, 13.499981 ], [ 89.290523, 13.500862 ], [ 89.290651, 13.501743 ], [ 89.29078, 13.502624 ], [ 89.290909, 13.503505 ], [ 89.291038, 13.504387 ], [ 89.291167, 13.505268 ], [ 89.291296, 13.506149 ], [ 89.292109, 13.511177 ], [ 89.292198, 13.512316 ], [ 89.292327, 13.513198 ], [ 89.292456, 13.514079 ], [ 89.292585, 13.51496 ], [ 89.292714, 13.515841 ], [ 89.292843, 13.516722 ], [ 89.292971, 13.517603 ], [ 89.2931, 13.518484 ], [ 89.293229, 13.519366 ], [ 89.293358, 13.520247 ], [ 89.293487, 13.521128 ], [ 89.293616, 13.522009 ], [ 89.293745, 13.52289 ], [ 89.293874, 13.523772 ], [ 89.295158, 13.532173 ], [ 89.296072, 13.537904 ], [ 89.29669, 13.542368 ], [ 89.296862, 13.543515 ], [ 89.296947, 13.544084 ], [ 89.297414, 13.54698 ], [ 89.298143, 13.552798 ], [ 89.298291, 13.553776 ], [ 89.298368, 13.55429 ], [ 89.299047, 13.558741 ], [ 89.299324, 13.560532 ], [ 89.299965, 13.565226 ], [ 89.300831, 13.571349 ], [ 89.30096, 13.572232 ], [ 89.301089, 13.573113 ], [ 89.301218, 13.573994 ], [ 89.301347, 13.574875 ], [ 89.301475, 13.575756 ], [ 89.301604, 13.576637 ], [ 89.301733, 13.577519 ], [ 89.301862, 13.5784 ], [ 89.301991, 13.579281 ], [ 89.302119, 13.580162 ], [ 89.302248, 13.581043 ], [ 89.302377, 13.581924 ], [ 89.302506, 13.582805 ], [ 89.302635, 13.58369 ], [ 89.30275, 13.584472 ], [ 89.30298, 13.586035 ], [ 89.303096, 13.586816 ], [ 89.303561, 13.589942 ], [ 89.303677, 13.590723 ], [ 89.303912, 13.592286 ], [ 89.304029, 13.593066 ], [ 89.304974, 13.599316 ], [ 89.305092, 13.600097 ], [ 89.30533, 13.601658 ], [ 89.305449, 13.602439 ], [ 89.305929, 13.605562 ], [ 89.306049, 13.606342 ], [ 89.306291, 13.607902 ], [ 89.306412, 13.608681 ], [ 89.308362, 13.621172 ], [ 89.308518, 13.622173 ], [ 89.308834, 13.624175 ], [ 89.308993, 13.625176 ], [ 89.30963, 13.629181 ], [ 89.309791, 13.630182 ], [ 89.310113, 13.632183 ], [ 89.310274, 13.633183 ], [ 89.311575, 13.641192 ], [ 89.311812, 13.642638 ], [ 89.312288, 13.645531 ], [ 89.312528, 13.646976 ], [ 89.313494, 13.652761 ], [ 89.313771, 13.654408 ], [ 89.31433, 13.657701 ], [ 89.314618, 13.659387 ], [ 89.314822, 13.660567 ], [ 89.315781, 13.666114 ], [ 89.315883, 13.666702 ], [ 89.316081, 13.667844 ], [ 89.316204, 13.668546 ], [ 89.316682, 13.671279 ], [ 89.316796, 13.671932 ], [ 89.317024, 13.673222 ], [ 89.317137, 13.673866 ], [ 89.319611, 13.687836 ], [ 89.3199, 13.689458 ], [ 89.320523, 13.69292 ], [ 89.320836, 13.694651 ], [ 89.322101, 13.701574 ], [ 89.322419, 13.703304 ], [ 89.32306, 13.706763 ], [ 89.323383, 13.708491 ], [ 89.325986, 13.722326 ], [ 89.326314, 13.724053 ], [ 89.326974, 13.727509 ], [ 89.327306, 13.729236 ], [ 89.328645, 13.736146 ], [ 89.328981, 13.737872 ], [ 89.32966, 13.741324 ], [ 89.330001, 13.743049 ], [ 89.332754, 13.756857 ], [ 89.3331, 13.758581 ], [ 89.333797, 13.76203 ], [ 89.334148, 13.763753 ], [ 89.335561, 13.770649 ], [ 89.335916, 13.772371 ], [ 89.336632, 13.775816 ], [ 89.336992, 13.777538 ], [ 89.339893, 13.791316 ], [ 89.340258, 13.793036 ], [ 89.340992, 13.796478 ], [ 89.341361, 13.798198 ], [ 89.342849, 13.805078 ], [ 89.343223, 13.806797 ], [ 89.343976, 13.810235 ], [ 89.344354, 13.811952 ], [ 89.347404, 13.8257 ], [ 89.347787, 13.827416 ], [ 89.348558, 13.83085 ], [ 89.348946, 13.832566 ], [ 89.350508, 13.839431 ], [ 89.350901, 13.841146 ], [ 89.35169, 13.844576 ], [ 89.352087, 13.846289 ], [ 89.355285, 13.860005 ], [ 89.355687, 13.861717 ], [ 89.356495, 13.865143 ], [ 89.356902, 13.866854 ], [ 89.358537, 13.873703 ], [ 89.358949, 13.875414 ], [ 89.359775, 13.878835 ], [ 89.360191, 13.880544 ], [ 89.363537, 13.894227 ], [ 89.363957, 13.895935 ], [ 89.364802, 13.899352 ], [ 89.365227, 13.901059 ], [ 89.366937, 13.907891 ], [ 89.367366, 13.909597 ], [ 89.36823, 13.91301 ], [ 89.368664, 13.914715 ], [ 89.372157, 13.928362 ], [ 89.372596, 13.930065 ], [ 89.373478, 13.933473 ], [ 89.373921, 13.935176 ], [ 89.375705, 13.94199 ], [ 89.376153, 13.943692 ], [ 89.377053, 13.947095 ], [ 89.377506, 13.948796 ], [ 89.381146, 13.962406 ], [ 89.381603, 13.964105 ], [ 89.382522, 13.967504 ], [ 89.382984, 13.969202 ], [ 89.384841, 13.975997 ], [ 89.385307, 13.977694 ], [ 89.386245, 13.981089 ], [ 89.386715, 13.982784 ], [ 89.390503, 13.996356 ], [ 89.390979, 13.99805 ], [ 89.391934, 14.00144 ], [ 89.392414, 14.003133 ], [ 89.394345, 14.009909 ], [ 89.394829, 14.011601 ], [ 89.395803, 14.014985 ], [ 89.396292, 14.016676 ], [ 89.400227, 14.030208 ], [ 89.40072, 14.031897 ], [ 89.401713, 14.035277 ], [ 89.402211, 14.036965 ], [ 89.404214, 14.04372 ], [ 89.404717, 14.045407 ], [ 89.405728, 14.048781 ], [ 89.406235, 14.050467 ], [ 89.410316, 14.063958 ], [ 89.410828, 14.065642 ], [ 89.411857, 14.069011 ], [ 89.412373, 14.070694 ], [ 89.41445, 14.077428 ], [ 89.414971, 14.07911 ], [ 89.416018, 14.082474 ], [ 89.416544, 14.084154 ], [ 89.42077, 14.097602 ], [ 89.4213, 14.099281 ], [ 89.422366, 14.102639 ], [ 89.4229, 14.104317 ], [ 89.42505, 14.11103 ], [ 89.425589, 14.112706 ], [ 89.426672, 14.116059 ], [ 89.427216, 14.117733 ], [ 89.431588, 14.131137 ], [ 89.432136, 14.132811 ], [ 89.433238, 14.136158 ], [ 89.433791, 14.13783 ], [ 89.436013, 14.14452 ], [ 89.43657, 14.146191 ], [ 89.43769, 14.149532 ], [ 89.438252, 14.151201 ], [ 89.442769, 14.164559 ], [ 89.443051, 14.165393 ], [ 89.443618, 14.16706 ], [ 89.443902, 14.167894 ], [ 89.44504, 14.17123 ], [ 89.445324, 14.172063 ], [ 89.445896, 14.17373 ], [ 89.446182, 14.174562 ], [ 89.448476, 14.18123 ], [ 89.448763, 14.182062 ], [ 89.449339, 14.183728 ], [ 89.449628, 14.184561 ], [ 89.450784, 14.187891 ], [ 89.451074, 14.188724 ], [ 89.451654, 14.190388 ], [ 89.451945, 14.19122 ], [ 89.45224, 14.192064 ], [ 89.452534, 14.192904 ], [ 89.452828, 14.193743 ], [ 89.453122, 14.194581 ], [ 89.453416, 14.195421 ], [ 89.45371, 14.19626 ], [ 89.454002, 14.197095 ], [ 89.454297, 14.197936 ], [ 89.454591, 14.198776 ], [ 89.454885, 14.199615 ], [ 89.455178, 14.200453 ], [ 89.455472, 14.201292 ], [ 89.455766, 14.202132 ], [ 89.45606, 14.20297 ], [ 89.456353, 14.203809 ], [ 89.456647, 14.204647 ], [ 89.456941, 14.205487 ], [ 89.457235, 14.206326 ], [ 89.457528, 14.207164 ], [ 89.457822, 14.208003 ], [ 89.458116, 14.208842 ], [ 89.458409, 14.20968 ], [ 89.458703, 14.210519 ], [ 89.458997, 14.211359 ], [ 89.459291, 14.212198 ], [ 89.459585, 14.213036 ], [ 89.459878, 14.213875 ], [ 89.460172, 14.214714 ], [ 89.460466, 14.215553 ], [ 89.460759, 14.216391 ], [ 89.461053, 14.21723 ], [ 89.461347, 14.21807 ], [ 89.461641, 14.218908 ], [ 89.461934, 14.219747 ], [ 89.462228, 14.220586 ], [ 89.462522, 14.221423 ], [ 89.462815, 14.222262 ], [ 89.463109, 14.223102 ], [ 89.463403, 14.223941 ], [ 89.463697, 14.22478 ], [ 89.46399, 14.225618 ], [ 89.464284, 14.226457 ], [ 89.464578, 14.227297 ], [ 89.464872, 14.228136 ], [ 89.465166, 14.228974 ], [ 89.465459, 14.229813 ], [ 89.465753, 14.230652 ], [ 89.466047, 14.231491 ], [ 89.46634, 14.232329 ], [ 89.466634, 14.233168 ], [ 89.466928, 14.234006 ], [ 89.467222, 14.234846 ], [ 89.467515, 14.235685 ], [ 89.467809, 14.236524 ], [ 89.468103, 14.237362 ], [ 89.468396, 14.238201 ], [ 89.46869, 14.23904 ], [ 89.468984, 14.239879 ], [ 89.469278, 14.240719 ], [ 89.469571, 14.241556 ], [ 89.469865, 14.242395 ], [ 89.470159, 14.243235 ], [ 89.470453, 14.244074 ], [ 89.470746, 14.244912 ], [ 89.47104, 14.24575 ], [ 89.471334, 14.24659 ], [ 89.471627, 14.247427 ], [ 89.471921, 14.248266 ], [ 89.472215, 14.249107 ], [ 89.472509, 14.249946 ], [ 89.472802, 14.250784 ], [ 89.473096, 14.251622 ], [ 89.47339, 14.252462 ], [ 89.473683, 14.253301 ], [ 89.473977, 14.254139 ], [ 89.474271, 14.254979 ], [ 89.474565, 14.255817 ], [ 89.474858, 14.256656 ], [ 89.475152, 14.257494 ], [ 89.475445, 14.258332 ], [ 89.475739, 14.259173 ], [ 89.476033, 14.260011 ], [ 89.476326, 14.260849 ], [ 89.47662, 14.261689 ], [ 89.476914, 14.262528 ], [ 89.477208, 14.263366 ], [ 89.477501, 14.264205 ], [ 89.477795, 14.265044 ], [ 89.478089, 14.265883 ], [ 89.478383, 14.266722 ], [ 89.478676, 14.26756 ], [ 89.47897, 14.268399 ], [ 89.479264, 14.269238 ], [ 89.479557, 14.270076 ], [ 89.479851, 14.270915 ], [ 89.480144, 14.271753 ], [ 89.480438, 14.272594 ], [ 89.480732, 14.273432 ], [ 89.481026, 14.274271 ], [ 89.481319, 14.27511 ], [ 89.481613, 14.275949 ], [ 89.481907, 14.276787 ], [ 89.4822, 14.277626 ], [ 89.482494, 14.278465 ], [ 89.482787, 14.279303 ], [ 89.483081, 14.280143 ], [ 89.483375, 14.280982 ], [ 89.483669, 14.281821 ], [ 89.483962, 14.282659 ], [ 89.484256, 14.283498 ], [ 89.48455, 14.284337 ], [ 89.484843, 14.285176 ], [ 89.485137, 14.286014 ], [ 89.485431, 14.286853 ], [ 89.485724, 14.287692 ], [ 89.486018, 14.288531 ], [ 89.486312, 14.28937 ], [ 89.486606, 14.290209 ], [ 89.486899, 14.291048 ], [ 89.487193, 14.291886 ], [ 89.487486, 14.292725 ], [ 89.48778, 14.293564 ], [ 89.488074, 14.294404 ], [ 89.488367, 14.295241 ], [ 89.48866, 14.296078 ], [ 89.488955, 14.29692 ], [ 89.489248, 14.297758 ], [ 89.489542, 14.298596 ], [ 89.489836, 14.299435 ], [ 89.490129, 14.300275 ], [ 89.490423, 14.301114 ], [ 89.490716, 14.301951 ], [ 89.49101, 14.302791 ], [ 89.491304, 14.30363 ], [ 89.491597, 14.304468 ], [ 89.491891, 14.305307 ], [ 89.492185, 14.306146 ], [ 89.492479, 14.306986 ], [ 89.492772, 14.307823 ], [ 89.493066, 14.308662 ], [ 89.49336, 14.309502 ], [ 89.493653, 14.310341 ], [ 89.493947, 14.311179 ], [ 89.49424, 14.312017 ], [ 89.494534, 14.312857 ], [ 89.494828, 14.313695 ], [ 89.495121, 14.314534 ], [ 89.495415, 14.315373 ], [ 89.495709, 14.316212 ], [ 89.496002, 14.31705 ], [ 89.496296, 14.317889 ], [ 89.496589, 14.318728 ], [ 89.496883, 14.319567 ], [ 89.497176, 14.320404 ], [ 89.49747, 14.321245 ], [ 89.497764, 14.322084 ], [ 89.498058, 14.322923 ], [ 89.498351, 14.323761 ], [ 89.498645, 14.324599 ], [ 89.498939, 14.325439 ], [ 89.499233, 14.326279 ], [ 89.499526, 14.327116 ], [ 89.49982, 14.327955 ], [ 89.500113, 14.328794 ], [ 89.500407, 14.329632 ], [ 89.500702, 14.330476 ], [ 89.50096, 14.331213 ], [ 89.501478, 14.332686 ], [ 89.501737, 14.333422 ], [ 89.502776, 14.336367 ], [ 89.503036, 14.337102 ], [ 89.503557, 14.338574 ], [ 89.503762, 14.339153 ], [ 89.504527, 14.341312 ], [ 89.504767, 14.342007 ], [ 89.505528, 14.344206 ], [ 89.505718, 14.344755 ], [ 89.5061, 14.345854 ], [ 89.50629, 14.346403 ], [ 89.50782, 14.350798 ], [ 89.508011, 14.351347 ], [ 89.508394, 14.352445 ], [ 89.508586, 14.352994 ], [ 89.509355, 14.35519 ], [ 89.509547, 14.355738 ], [ 89.509932, 14.356836 ], [ 89.510125, 14.357385 ], [ 89.510423, 14.35823 ], [ 89.510719, 14.359072 ], [ 89.511014, 14.359911 ], [ 89.511326, 14.360797 ], [ 89.511645, 14.361705 ], [ 89.51222, 14.36333 ], [ 89.513373, 14.366579 ], [ 89.513952, 14.368202 ], [ 89.515794, 14.37335 ], [ 89.516292, 14.374785 ], [ 89.516987, 14.376776 ], [ 89.517549, 14.37838 ], [ 89.517838, 14.379232 ], [ 89.518904, 14.382355 ], [ 89.521051, 14.388589 ], [ 89.522132, 14.391703 ], [ 89.522426, 14.392543 ], [ 89.522719, 14.39338 ], [ 89.523013, 14.394221 ], [ 89.523307, 14.395059 ], [ 89.5236, 14.395898 ], [ 89.523894, 14.396736 ], [ 89.524361, 14.397529 ], [ 89.524643, 14.398369 ], [ 89.52494, 14.399204 ], [ 89.525209, 14.40005 ], [ 89.525476, 14.400897 ], [ 89.525742, 14.401744 ], [ 89.526026, 14.402583 ], [ 89.526346, 14.403414 ], [ 89.526627, 14.404257 ], [ 89.526907, 14.4051 ], [ 89.52721, 14.406012 ], [ 89.527476, 14.406782 ], [ 89.527765, 14.407622 ], [ 89.528054, 14.408463 ], [ 89.528344, 14.409303 ], [ 89.528633, 14.410143 ], [ 89.528923, 14.410985 ], [ 89.529211, 14.411823 ], [ 89.529501, 14.412664 ], [ 89.52979, 14.413504 ], [ 89.53008, 14.414345 ], [ 89.530369, 14.415184 ], [ 89.530658, 14.416024 ], [ 89.530947, 14.416865 ], [ 89.531236, 14.417704 ], [ 89.531526, 14.418545 ], [ 89.531823, 14.419383 ], [ 89.532121, 14.42022 ], [ 89.532418, 14.421058 ], [ 89.532715, 14.421895 ], [ 89.533013, 14.422733 ], [ 89.53331, 14.423571 ], [ 89.533607, 14.424407 ], [ 89.533894, 14.425248 ], [ 89.534202, 14.426083 ], [ 89.534499, 14.426921 ], [ 89.534796, 14.427757 ], [ 89.535093, 14.428594 ], [ 89.535432, 14.429549 ], [ 89.535694, 14.430266 ], [ 89.535999, 14.4311 ], [ 89.536277, 14.431945 ], [ 89.53661, 14.432769 ], [ 89.536916, 14.433603 ], [ 89.537221, 14.434436 ], [ 89.537497, 14.435281 ], [ 89.537811, 14.436112 ], [ 89.538124, 14.436942 ], [ 89.538409, 14.437782 ], [ 89.538731, 14.43861 ], [ 89.539025, 14.439446 ], [ 89.539157, 14.440353 ], [ 89.539451, 14.441192 ], [ 89.539744, 14.442029 ], [ 89.540038, 14.44287 ], [ 89.540332, 14.443708 ], [ 89.540625, 14.444548 ], [ 89.540919, 14.445387 ], [ 89.541212, 14.446225 ], [ 89.541506, 14.447064 ], [ 89.541799, 14.447903 ], [ 89.542093, 14.448742 ], [ 89.542386, 14.44958 ], [ 89.54268, 14.450418 ], [ 89.542974, 14.451259 ], [ 89.543267, 14.452097 ], [ 89.54356, 14.452935 ], [ 89.543854, 14.453773 ], [ 89.544147, 14.454613 ], [ 89.547568, 14.464115 ], [ 89.547864, 14.464976 ], [ 89.548144, 14.465788 ], [ 89.548439, 14.466642 ], [ 89.548691, 14.467371 ], [ 89.549162, 14.468724 ], [ 89.551052, 14.474143 ], [ 89.551338, 14.474962 ], [ 89.553414, 14.480879 ], [ 89.554008, 14.482545 ], [ 89.55431, 14.483376 ], [ 89.554642, 14.484373 ], [ 89.555068, 14.485563 ], [ 89.558129, 14.494553 ], [ 89.558457, 14.495483 ], [ 89.55871, 14.496197 ], [ 89.55933, 14.497952 ], [ 89.55958, 14.498661 ], [ 89.559908, 14.499589 ], [ 89.560206, 14.500431 ], [ 89.560563, 14.50144 ], [ 89.560948, 14.502531 ], [ 89.561622, 14.504424 ], [ 89.561921, 14.505309 ], [ 89.564103, 14.511648 ], [ 89.564396, 14.512488 ], [ 89.56469, 14.513326 ], [ 89.564983, 14.514165 ], [ 89.565276, 14.515002 ], [ 89.56557, 14.515842 ], [ 89.565863, 14.516681 ], [ 89.566157, 14.51752 ], [ 89.56645, 14.518359 ], [ 89.566744, 14.519198 ], [ 89.567037, 14.520036 ], [ 89.567331, 14.520875 ], [ 89.567624, 14.521714 ], [ 89.567917, 14.522552 ], [ 89.568211, 14.523391 ], [ 89.568504, 14.52423 ], [ 89.568798, 14.525069 ], [ 89.569091, 14.525907 ], [ 89.569435, 14.52689 ], [ 89.569725, 14.527717 ], [ 89.570208, 14.529096 ], [ 89.570499, 14.529923 ], [ 89.571372, 14.532404 ], [ 89.571663, 14.533231 ], [ 89.572149, 14.534608 ], [ 89.572441, 14.535434 ], [ 89.57405, 14.539981 ], [ 89.574221, 14.540464 ], [ 89.574564, 14.541431 ], [ 89.574736, 14.541915 ], [ 89.575424, 14.543848 ], [ 89.575596, 14.544332 ], [ 89.57594, 14.545298 ], [ 89.576113, 14.545781 ], [ 89.577494, 14.549647 ], [ 89.577819, 14.550553 ], [ 89.57847, 14.552365 ], [ 89.578796, 14.553271 ], [ 89.580102, 14.556894 ], [ 89.580512, 14.558026 ], [ 89.581333, 14.56029 ], [ 89.581761, 14.561466 ], [ 89.582247, 14.562797 ], [ 89.584376, 14.568618 ], [ 89.584747, 14.569631 ], [ 89.584985, 14.570279 ], [ 89.58521, 14.570891 ], [ 89.586209, 14.573605 ], [ 89.586448, 14.574253 ], [ 89.586926, 14.575547 ], [ 89.587158, 14.576173 ], [ 89.592234, 14.589872 ], [ 89.592869, 14.59158 ], [ 89.594145, 14.594995 ], [ 89.594786, 14.596701 ], [ 89.597358, 14.603526 ], [ 89.598003, 14.60523 ], [ 89.599299, 14.608639 ], [ 89.599948, 14.610341 ], [ 89.60517, 14.623965 ], [ 89.605825, 14.625666 ], [ 89.607139, 14.629067 ], [ 89.607799, 14.630766 ], [ 89.610448, 14.637563 ], [ 89.611112, 14.639261 ], [ 89.612446, 14.642655 ], [ 89.613115, 14.644351 ], [ 89.61849, 14.657919 ], [ 89.619163, 14.659612 ], [ 89.620516, 14.662999 ], [ 89.621195, 14.664691 ], [ 89.62392, 14.67146 ], [ 89.624604, 14.673151 ], [ 89.625975, 14.67653 ], [ 89.626663, 14.678218 ], [ 89.632191, 14.691729 ], [ 89.632883, 14.693415 ], [ 89.634274, 14.696787 ], [ 89.634972, 14.698472 ], [ 89.637773, 14.705212 ], [ 89.638475, 14.706895 ], [ 89.639885, 14.71026 ], [ 89.640592, 14.711941 ], [ 89.646271, 14.725391 ], [ 89.646983, 14.72707 ], [ 89.648412, 14.730428 ], [ 89.649128, 14.732105 ], [ 89.652005, 14.738814 ], [ 89.652727, 14.74049 ], [ 89.654174, 14.74384 ], [ 89.6549, 14.745513 ], [ 89.66073, 14.758902 ], [ 89.661461, 14.760573 ], [ 89.662927, 14.763916 ], [ 89.663663, 14.765585 ], [ 89.666615, 14.772264 ], [ 89.667355, 14.773931 ], [ 89.668841, 14.777266 ], [ 89.669585, 14.778931 ], [ 89.675566, 14.792258 ], [ 89.67594, 14.793089 ], [ 89.676689, 14.794752 ], [ 89.677065, 14.795584 ], [ 89.678569, 14.798911 ], [ 89.678945, 14.799742 ], [ 89.6797, 14.801404 ], [ 89.680077, 14.802234 ], [ 89.683105, 14.808881 ], [ 89.683484, 14.809711 ], [ 89.684243, 14.811372 ], [ 89.684623, 14.812201 ], [ 89.686147, 14.815521 ], [ 89.686528, 14.81635 ], [ 89.687292, 14.818009 ], [ 89.687675, 14.818838 ], [ 89.688048, 14.819646 ], [ 89.688419, 14.820449 ], [ 89.688791, 14.821252 ], [ 89.689162, 14.822056 ], [ 89.689534, 14.82286 ], [ 89.689905, 14.823663 ], [ 89.690277, 14.824467 ], [ 89.690648, 14.82527 ], [ 89.69102, 14.826076 ], [ 89.691391, 14.826878 ], [ 89.691761, 14.827679 ], [ 89.692134, 14.828485 ], [ 89.692505, 14.829287 ], [ 89.692876, 14.830089 ], [ 89.693248, 14.830894 ], [ 89.693619, 14.831698 ], [ 89.69399, 14.8325 ], [ 89.694362, 14.833304 ], [ 89.694733, 14.834108 ], [ 89.695104, 14.83491 ], [ 89.695477, 14.835716 ], [ 89.695848, 14.83652 ], [ 89.696219, 14.837321 ], [ 89.696591, 14.838126 ], [ 89.696962, 14.838929 ], [ 89.697333, 14.839731 ], [ 89.697705, 14.840536 ], [ 89.698076, 14.841339 ], [ 89.698447, 14.842141 ], [ 89.698819, 14.842946 ], [ 89.69919, 14.843749 ], [ 89.699561, 14.844552 ], [ 89.699934, 14.845358 ], [ 89.700305, 14.846161 ], [ 89.700676, 14.846964 ], [ 89.701047, 14.847767 ], [ 89.701418, 14.84857 ], [ 89.701789, 14.849373 ], [ 89.702161, 14.850177 ], [ 89.702533, 14.85098 ], [ 89.702904, 14.851784 ], [ 89.703275, 14.852587 ], [ 89.703646, 14.85339 ], [ 89.704018, 14.854193 ], [ 89.70439, 14.854998 ], [ 89.704762, 14.855802 ], [ 89.705133, 14.856606 ], [ 89.705504, 14.857408 ], [ 89.705875, 14.858211 ], [ 89.706326, 14.859187 ], [ 89.708345, 14.864019 ], [ 89.709051, 14.86571 ], [ 89.710469, 14.869091 ], [ 89.71118, 14.87078 ], [ 89.716892, 14.884295 ], [ 89.717608, 14.885982 ], [ 89.719046, 14.889357 ], [ 89.719767, 14.891043 ], [ 89.722662, 14.897787 ], [ 89.723388, 14.899471 ], [ 89.724844, 14.902838 ], [ 89.725575, 14.904519 ], [ 89.731442, 14.917977 ], [ 89.732177, 14.919657 ], [ 89.733653, 14.923018 ], [ 89.734394, 14.924696 ], [ 89.737366, 14.931411 ], [ 89.738112, 14.933089 ], [ 89.739609, 14.936446 ], [ 89.74036, 14.938124 ], [ 89.740706, 14.938894 ], [ 89.74199, 14.941793 ], [ 89.742737, 14.943475 ], [ 89.744235, 14.946835 ], [ 89.744986, 14.948512 ], [ 89.751004, 14.961902 ], [ 89.751758, 14.963573 ], [ 89.753271, 14.966915 ], [ 89.75403, 14.968585 ], [ 89.757076, 14.975263 ], [ 89.757839, 14.97693 ], [ 89.759372, 14.980264 ], [ 89.76014, 14.981929 ], [ 89.766308, 14.995254 ], [ 89.767081, 14.996917 ], [ 89.768632, 15.000243 ], [ 89.76941, 15.001904 ], [ 89.772532, 15.008549 ], [ 89.773314, 15.010208 ], [ 89.774884, 15.013526 ], [ 89.775671, 15.015183 ], [ 89.78199, 15.028441 ], [ 89.782782, 15.030095 ], [ 89.784371, 15.033404 ], [ 89.785167, 15.035057 ], [ 89.788364, 15.041669 ], [ 89.789165, 15.04332 ], [ 89.790773, 15.04662 ], [ 89.791578, 15.048268 ], [ 89.798048, 15.061458 ], [ 89.798859, 15.063105 ], [ 89.800485, 15.066396 ], [ 89.8013, 15.068041 ], [ 89.804572, 15.074618 ], [ 89.805392, 15.07626 ], [ 89.807037, 15.079543 ], [ 89.807861, 15.081183 ], [ 89.81448, 15.094303 ], [ 89.815309, 15.09594 ], [ 89.816973, 15.099215 ], [ 89.817807, 15.10085 ], [ 89.821153, 15.107392 ], [ 89.821992, 15.109025 ], [ 89.823674, 15.112291 ], [ 89.824516, 15.113921 ], [ 89.831284, 15.12697 ], [ 89.832132, 15.128599 ], [ 89.833833, 15.131855 ], [ 89.834685, 15.133482 ], [ 89.838106, 15.139987 ], [ 89.838963, 15.141612 ], [ 89.840682, 15.144859 ], [ 89.841543, 15.146481 ], [ 89.848459, 15.159457 ], [ 89.849325, 15.161076 ], [ 89.851063, 15.164314 ], [ 89.851933, 15.165931 ], [ 89.855428, 15.1724 ], [ 89.856303, 15.174015 ], [ 89.858059, 15.177244 ], [ 89.858939, 15.178856 ], [ 89.866002, 15.191758 ], [ 89.866886, 15.193368 ], [ 89.868661, 15.196587 ], [ 89.86955, 15.198195 ], [ 89.873118, 15.204626 ], [ 89.874011, 15.206232 ], [ 89.875804, 15.209442 ], [ 89.876702, 15.211045 ], [ 89.883912, 15.22387 ], [ 89.884464, 15.224851 ], [ 89.885572, 15.226814 ], [ 89.886126, 15.227794 ], [ 89.88835, 15.231717 ], [ 89.888906, 15.232697 ], [ 89.890021, 15.234656 ], [ 89.890579, 15.235635 ], [ 89.895053, 15.243469 ], [ 89.895825, 15.244817 ], [ 89.897373, 15.247512 ], [ 89.898149, 15.248858 ], [ 89.901258, 15.254242 ], [ 89.90218, 15.255833 ], [ 89.904028, 15.259013 ], [ 89.904955, 15.260601 ], [ 89.905601, 15.261707 ], [ 89.906032, 15.262443 ], [ 89.909057, 15.267603 ], [ 89.909437, 15.26825 ], [ 89.909797, 15.268863 ], [ 89.910317, 15.269748 ], [ 89.911865, 15.272375 ], [ 89.912225, 15.272987 ], [ 89.913012, 15.274319 ], [ 89.913309, 15.274821 ], [ 89.920802, 15.287479 ], [ 89.92174, 15.289058 ], [ 89.923622, 15.292216 ], [ 89.924565, 15.293793 ], [ 89.928347, 15.300101 ], [ 89.929294, 15.301676 ], [ 89.931194, 15.304824 ], [ 89.932145, 15.306396 ], [ 89.939782, 15.318973 ], [ 89.940738, 15.320542 ], [ 89.942655, 15.32368 ], [ 89.943616, 15.325247 ], [ 89.94747, 15.331515 ], [ 89.948435, 15.333079 ], [ 89.95037, 15.336207 ], [ 89.951339, 15.337769 ], [ 89.959119, 15.350263 ], [ 89.960093, 15.351822 ], [ 89.962046, 15.35494 ], [ 89.963025, 15.356497 ], [ 89.966949, 15.362722 ], [ 89.967932, 15.364277 ], [ 89.969903, 15.367383 ], [ 89.97089, 15.368935 ], [ 89.978812, 15.381346 ], [ 89.979803, 15.382894 ], [ 89.981792, 15.385991 ], [ 89.982788, 15.387537 ], [ 89.986784, 15.393721 ], [ 89.987784, 15.395264 ], [ 89.98979, 15.39835 ], [ 89.990795, 15.399891 ], [ 89.998858, 15.412217 ], [ 89.999867, 15.413755 ], [ 90.001891, 15.41683 ], [ 90.002904, 15.418365 ], [ 90.00697, 15.424506 ], [ 90.007989, 15.426039 ], [ 90.01003, 15.429103 ], [ 90.011052, 15.430633 ], [ 90.019255, 15.442872 ], [ 90.020281, 15.444399 ], [ 90.02234, 15.447453 ], [ 90.023371, 15.448977 ], [ 90.027507, 15.455074 ], [ 90.028543, 15.456596 ], [ 90.030619, 15.459639 ], [ 90.031658, 15.461158 ], [ 90.04, 15.473309 ], [ 90.041044, 15.474825 ], [ 90.043138, 15.477856 ], [ 90.044186, 15.47937 ], [ 90.048392, 15.485422 ], [ 90.049444, 15.486933 ], [ 90.051555, 15.489953 ], [ 90.052612, 15.491461 ], [ 90.061092, 15.503522 ], [ 90.062154, 15.505027 ], [ 90.064281, 15.508036 ], [ 90.065347, 15.509538 ], [ 90.069621, 15.515546 ], [ 90.070691, 15.517045 ], [ 90.072836, 15.520043 ], [ 90.07391, 15.521539 ], [ 90.082528, 15.53351 ], [ 90.083607, 15.535003 ], [ 90.085769, 15.537989 ], [ 90.086852, 15.53948 ], [ 90.091194, 15.545442 ], [ 90.092281, 15.54693 ], [ 90.09446, 15.549904 ], [ 90.095551, 15.551389 ], [ 90.104305, 15.563267 ], [ 90.105401, 15.564749 ], [ 90.107597, 15.567711 ], [ 90.108697, 15.569191 ], [ 90.113107, 15.575106 ], [ 90.114211, 15.576582 ], [ 90.116424, 15.579533 ], [ 90.117532, 15.581006 ], [ 90.126422, 15.59279 ], [ 90.127534, 15.59426 ], [ 90.129764, 15.597199 ], [ 90.130881, 15.598667 ], [ 90.135358, 15.604535 ], [ 90.136479, 15.605999 ], [ 90.138726, 15.608926 ], [ 90.139851, 15.610388 ], [ 90.148874, 15.622076 ], [ 90.150003, 15.623535 ], [ 90.152267, 15.62645 ], [ 90.1534, 15.627905 ], [ 90.157945, 15.633725 ], [ 90.159083, 15.635177 ], [ 90.161363, 15.63808 ], [ 90.162504, 15.63953 ], [ 90.171661, 15.651121 ], [ 90.172807, 15.652568 ], [ 90.175103, 15.655458 ], [ 90.176253, 15.656902 ], [ 90.180864, 15.662673 ], [ 90.182019, 15.664113 ], [ 90.184332, 15.666992 ], [ 90.18549, 15.668428 ], [ 90.194779, 15.679922 ], [ 90.195941, 15.681356 ], [ 90.198271, 15.684222 ], [ 90.199437, 15.685653 ], [ 90.204114, 15.691375 ], [ 90.205285, 15.692803 ], [ 90.207631, 15.695656 ], [ 90.208805, 15.697081 ], [ 90.218225, 15.708475 ], [ 90.218813, 15.709185 ], [ 90.219992, 15.710607 ], [ 90.220582, 15.711317 ], [ 90.222944, 15.714159 ], [ 90.223535, 15.714868 ], [ 90.224718, 15.716287 ], [ 90.22531, 15.716996 ], [ 90.226375, 15.718269 ] ] } },
{ "type": "Feature", "properties": { "LINE_ID": 3675, "LINE_NAME": "India 200 NM", "LINE_TYPE": "200 NM", "TERRITORY1": "India", "SOVEREIGN1": "India", "TERRITORY2": null, "SOVEREIGN2": null, "LENGTH_KM": 2741.27 }, "geometry": { "type": "MultiLineString", "coordinates": [ [ [ 69.478339, 7.933371 ], [ 69.477965, 7.934194 ], [ 69.477592, 7.935016 ], [ 69.477218, 7.93584 ], [ 69.476844, 7.936662 ], [ 69.476471, 7.937483 ], [ 69.476097, 7.938306 ], [ 69.475724, 7.939129 ], [ 69.47535, 7.939951 ], [ 69.474976, 7.940774 ], [ 69.474602, 7.941598 ], [ 69.474228, 7.94242 ], [ 69.473855, 7.943242 ], [ 69.473482, 7.944064 ], [ 69.473108, 7.944887 ], [ 69.472734, 7.945709 ], [ 69.472361, 7.946532 ], [ 69.471986, 7.947356 ], [ 69.471613, 7.948178 ], [ 69.47124, 7.949 ], [ 69.470866, 7.949822 ], [ 69.470492, 7.950645 ], [ 69.470119, 7.951466 ], [ 69.469515, 7.952799 ], [ 69.468311, 7.955465 ], [ 69.46771, 7.956799 ], [ 69.465696, 7.961284 ], [ 69.464774, 7.963294 ], [ 69.464394, 7.964124 ], [ 69.463634, 7.965784 ], [ 69.463255, 7.966615 ], [ 69.460224, 7.973264 ], [ 69.459847, 7.974095 ], [ 69.459091, 7.975758 ], [ 69.458714, 7.976589 ], [ 69.457208, 7.979918 ], [ 69.456832, 7.98075 ], [ 69.456082, 7.982416 ], [ 69.455707, 7.983249 ], [ 69.455339, 7.984068 ], [ 69.45496, 7.984911 ], [ 69.454651, 7.985581 ], [ 69.453767, 7.987503 ], [ 69.451959, 7.991447 ], [ 69.451059, 7.99342 ], [ 69.450686, 7.994242 ], [ 69.450312, 7.995066 ], [ 69.449938, 7.995888 ], [ 69.449565, 7.99671 ], [ 69.449191, 7.997532 ], [ 69.448817, 7.998355 ], [ 69.448444, 7.999177 ], [ 69.44807, 8.000001 ], [ 69.447696, 8.000822 ], [ 69.447322, 8.001646 ], [ 69.446948, 8.002469 ], [ 69.446575, 8.00329 ], [ 69.446201, 8.004113 ], [ 69.445827, 8.004935 ], [ 69.445454, 8.005758 ], [ 69.44508, 8.006581 ], [ 69.444706, 8.007405 ], [ 69.444332, 8.008227 ], [ 69.443958, 8.009049 ], [ 69.443585, 8.009871 ], [ 69.443212, 8.010693 ], [ 69.44072, 8.016244 ], [ 69.439299, 8.019448 ], [ 69.438913, 8.020286 ], [ 69.438536, 8.021108 ], [ 69.438159, 8.021928 ], [ 69.437782, 8.022749 ], [ 69.437404, 8.02357 ], [ 69.437027, 8.024391 ], [ 69.436649, 8.025213 ], [ 69.436272, 8.026034 ], [ 69.435894, 8.026855 ], [ 69.435517, 8.027676 ], [ 69.435142, 8.028494 ], [ 69.434766, 8.029312 ], [ 69.433752, 8.031528 ], [ 69.431733, 8.035964 ], [ 69.430727, 8.038184 ], [ 69.430357, 8.039006 ], [ 69.429986, 8.039829 ], [ 69.429614, 8.040655 ], [ 69.429242, 8.041478 ], [ 69.428872, 8.0423 ], [ 69.4285, 8.043124 ], [ 69.428129, 8.043948 ], [ 69.427758, 8.044772 ], [ 69.427386, 8.045597 ], [ 69.427014, 8.046421 ], [ 69.426643, 8.047245 ], [ 69.426272, 8.048067 ], [ 69.425865, 8.048974 ], [ 69.423027, 8.055117 ], [ 69.422654, 8.055938 ], [ 69.422281, 8.056759 ], [ 69.421907, 8.057582 ], [ 69.421533, 8.058405 ], [ 69.421159, 8.059227 ], [ 69.420786, 8.06005 ], [ 69.420411, 8.060874 ], [ 69.420037, 8.061697 ], [ 69.419664, 8.062518 ], [ 69.41929, 8.06334 ], [ 69.418917, 8.064163 ], [ 69.418543, 8.064986 ], [ 69.418169, 8.065809 ], [ 69.417795, 8.066632 ], [ 69.417421, 8.067455 ], [ 69.417048, 8.068276 ], [ 69.416674, 8.069099 ], [ 69.4163, 8.069921 ], [ 69.415926, 8.070744 ], [ 69.415552, 8.071566 ], [ 69.415179, 8.072389 ], [ 69.414804, 8.073213 ], [ 69.41443, 8.074036 ], [ 69.414057, 8.074858 ], [ 69.413683, 8.07568 ], [ 69.41331, 8.076502 ], [ 69.412936, 8.077325 ], [ 69.412562, 8.078147 ], [ 69.412188, 8.078971 ], [ 69.411814, 8.079794 ], [ 69.411441, 8.080615 ], [ 69.411067, 8.081438 ], [ 69.410693, 8.082261 ], [ 69.410319, 8.083083 ], [ 69.409945, 8.083906 ], [ 69.409571, 8.08473 ], [ 69.409197, 8.085552 ], [ 69.408824, 8.086374 ], [ 69.40845, 8.087196 ], [ 69.408076, 8.088019 ], [ 69.407703, 8.088841 ], [ 69.407329, 8.089664 ], [ 69.406954, 8.090488 ], [ 69.40658, 8.091311 ], [ 69.406207, 8.092132 ], [ 69.405834, 8.092955 ], [ 69.40546, 8.093777 ], [ 69.405086, 8.0946 ], [ 69.404852, 8.095497 ], [ 69.404479, 8.096318 ], [ 69.404077, 8.097128 ], [ 69.403712, 8.097954 ], [ 69.403319, 8.098766 ], [ 69.402925, 8.099578 ], [ 69.402531, 8.10039 ], [ 69.402104, 8.101371 ], [ 69.401783, 8.102032 ], [ 69.401405, 8.102854 ], [ 69.401028, 8.103676 ], [ 69.400651, 8.104495 ], [ 69.400274, 8.105316 ], [ 69.399897, 8.106137 ], [ 69.39952, 8.106958 ], [ 69.399142, 8.10778 ], [ 69.398764, 8.108602 ], [ 69.398387, 8.109423 ], [ 69.398011, 8.110242 ], [ 69.397633, 8.111063 ], [ 69.397256, 8.111884 ], [ 69.396879, 8.112705 ], [ 69.396502, 8.113526 ], [ 69.396124, 8.114349 ], [ 69.395746, 8.115171 ], [ 69.39537, 8.11599 ], [ 69.394993, 8.116811 ], [ 69.394621, 8.117634 ], [ 69.39425, 8.118458 ], [ 69.393879, 8.119282 ], [ 69.393508, 8.120106 ], [ 69.393136, 8.120931 ], [ 69.392764, 8.121755 ], [ 69.392394, 8.122577 ], [ 69.392022, 8.123401 ], [ 69.391651, 8.124225 ], [ 69.39128, 8.125048 ], [ 69.390909, 8.125872 ], [ 69.390537, 8.126697 ], [ 69.390165, 8.127521 ], [ 69.389813, 8.128301 ], [ 69.38943, 8.129169 ], [ 69.389064, 8.129995 ], [ 69.388698, 8.130821 ], [ 69.388331, 8.131647 ], [ 69.387965, 8.132474 ], [ 69.387583, 8.133292 ], [ 69.387231, 8.134121 ], [ 69.386875, 8.134951 ], [ 69.386502, 8.135772 ], [ 69.386157, 8.136605 ], [ 69.385794, 8.137427 ], [ 69.385272, 8.1382 ], [ 69.384898, 8.139023 ], [ 69.384525, 8.139844 ], [ 69.384151, 8.140668 ], [ 69.383777, 8.14149 ], [ 69.383403, 8.142312 ], [ 69.383029, 8.143135 ], [ 69.382656, 8.143958 ], [ 69.382281, 8.144782 ], [ 69.381907, 8.145604 ], [ 69.381534, 8.146425 ], [ 69.381161, 8.147246 ], [ 69.37993, 8.149971 ], [ 69.37748, 8.155427 ], [ 69.37662, 8.15735 ], [ 69.376232, 8.158195 ], [ 69.375854, 8.159017 ], [ 69.375476, 8.159839 ], [ 69.375099, 8.160659 ], [ 69.374721, 8.16148 ], [ 69.374346, 8.162297 ], [ 69.373971, 8.163112 ], [ 69.373463, 8.164219 ], [ 69.372449, 8.166435 ], [ 69.371943, 8.167544 ], [ 69.369923, 8.17198 ], [ 69.36942, 8.173089 ], [ 69.368414, 8.175309 ], [ 69.367912, 8.176419 ], [ 69.367542, 8.177239 ], [ 69.36717, 8.178062 ], [ 69.366799, 8.178887 ], [ 69.366427, 8.179712 ], [ 69.366055, 8.180536 ], [ 69.365684, 8.181357 ], [ 69.365313, 8.182182 ], [ 69.364941, 8.183006 ], [ 69.364569, 8.183829 ], [ 69.364226, 8.184591 ], [ 69.362624, 8.188061 ], [ 69.360969, 8.191672 ], [ 69.360596, 8.192495 ], [ 69.360222, 8.193317 ], [ 69.359848, 8.194139 ], [ 69.359475, 8.194961 ], [ 69.359101, 8.195784 ], [ 69.358727, 8.196607 ], [ 69.358353, 8.19743 ], [ 69.357978, 8.198253 ], [ 69.357604, 8.199076 ], [ 69.357231, 8.199897 ], [ 69.356857, 8.20072 ], [ 69.356483, 8.201543 ], [ 69.356109, 8.202365 ], [ 69.355735, 8.203188 ], [ 69.355361, 8.204012 ], [ 69.354987, 8.204835 ], [ 69.354614, 8.205656 ], [ 69.354239, 8.206479 ], [ 69.353866, 8.207301 ], [ 69.353492, 8.208124 ], [ 69.353118, 8.208946 ], [ 69.352743, 8.209771 ], [ 69.352369, 8.210593 ], [ 69.351996, 8.211414 ], [ 69.351622, 8.212237 ], [ 69.351248, 8.21306 ], [ 69.350874, 8.213883 ], [ 69.3505, 8.214705 ], [ 69.350127, 8.215528 ], [ 69.349752, 8.216352 ], [ 69.349378, 8.217174 ], [ 69.349005, 8.217996 ], [ 69.348631, 8.218818 ], [ 69.348257, 8.219641 ], [ 69.347883, 8.220464 ], [ 69.347509, 8.221286 ], [ 69.347134, 8.22211 ], [ 69.34676, 8.222934 ], [ 69.346387, 8.223754 ], [ 69.346013, 8.224577 ], [ 69.345639, 8.2254 ], [ 69.345265, 8.226222 ], [ 69.344891, 8.227045 ], [ 69.344517, 8.227869 ], [ 69.344143, 8.228692 ], [ 69.34377, 8.229513 ], [ 69.343395, 8.230336 ], [ 69.343022, 8.231158 ], [ 69.342648, 8.231981 ], [ 69.342274, 8.232804 ], [ 69.341899, 8.233628 ], [ 69.341525, 8.23445 ], [ 69.341152, 8.235272 ], [ 69.340778, 8.236094 ], [ 69.340404, 8.236917 ], [ 69.34003, 8.23774 ], [ 69.339656, 8.238562 ], [ 69.339282, 8.239385 ], [ 69.338908, 8.240209 ], [ 69.338534, 8.241032 ], [ 69.33816, 8.241853 ], [ 69.337786, 8.242676 ], [ 69.337412, 8.243498 ], [ 69.337039, 8.244321 ], [ 69.336665, 8.245144 ], [ 69.33629, 8.245968 ], [ 69.335916, 8.246791 ], [ 69.335543, 8.247612 ], [ 69.335169, 8.248434 ], [ 69.334795, 8.249257 ], [ 69.334421, 8.250079 ], [ 69.334047, 8.250902 ], [ 69.333672, 8.251726 ], [ 69.333298, 8.252549 ], [ 69.332925, 8.25337 ], [ 69.332551, 8.254193 ], [ 69.332177, 8.255016 ], [ 69.331803, 8.255839 ], [ 69.331429, 8.256661 ], [ 69.328334, 8.263643 ], [ 69.32783, 8.264715 ], [ 69.327454, 8.265537 ], [ 69.327077, 8.266358 ], [ 69.326701, 8.26718 ], [ 69.326324, 8.268003 ], [ 69.325947, 8.268825 ], [ 69.325571, 8.269645 ], [ 69.325195, 8.270467 ], [ 69.324818, 8.271288 ], [ 69.324442, 8.27211 ], [ 69.324065, 8.272932 ], [ 69.323688, 8.273754 ], [ 69.323312, 8.274576 ], [ 69.322936, 8.275397 ], [ 69.322559, 8.276218 ], [ 69.322183, 8.27704 ], [ 69.320941, 8.279771 ], [ 69.319806, 8.282267 ], [ 69.317986, 8.286305 ], [ 69.315641, 8.291558 ], [ 69.315051, 8.29285 ], [ 69.314616, 8.29382 ], [ 69.313654, 8.296005 ], [ 69.310123, 8.303537 ], [ 69.309117, 8.305756 ], [ 69.308866, 8.306311 ], [ 69.308363, 8.307421 ], [ 69.308113, 8.307976 ], [ 69.307743, 8.308795 ], [ 69.307372, 8.309618 ], [ 69.307, 8.310442 ], [ 69.306629, 8.311264 ], [ 69.306255, 8.312092 ], [ 69.305817, 8.313063 ], [ 69.305001, 8.314838 ], [ 69.303169, 8.318833 ], [ 69.302256, 8.320832 ], [ 69.301883, 8.321653 ], [ 69.301509, 8.322475 ], [ 69.301135, 8.323299 ], [ 69.300761, 8.324122 ], [ 69.300387, 8.324943 ], [ 69.300013, 8.325766 ], [ 69.299639, 8.326588 ], [ 69.299265, 8.327411 ], [ 69.298891, 8.328234 ], [ 69.298516, 8.329059 ], [ 69.298142, 8.329881 ], [ 69.297769, 8.330702 ], [ 69.297395, 8.331525 ], [ 69.297021, 8.332347 ], [ 69.296647, 8.33317 ], [ 69.296273, 8.333993 ], [ 69.295899, 8.334815 ], [ 69.295524, 8.335639 ], [ 69.29515, 8.336462 ], [ 69.294777, 8.337283 ], [ 69.294402, 8.338107 ], [ 69.294028, 8.338929 ], [ 69.293654, 8.339752 ], [ 69.29328, 8.340574 ], [ 69.292906, 8.341398 ], [ 69.292532, 8.342221 ], [ 69.292158, 8.343042 ], [ 69.291784, 8.343865 ], [ 69.29141, 8.344688 ], [ 69.291036, 8.345511 ], [ 69.290662, 8.346333 ], [ 69.290287, 8.347157 ], [ 69.289913, 8.34798 ], [ 69.28954, 8.348801 ], [ 69.289166, 8.349624 ], [ 69.288792, 8.350447 ], [ 69.288418, 8.351269 ], [ 69.288044, 8.352092 ], [ 69.287669, 8.352916 ], [ 69.287295, 8.353739 ], [ 69.286922, 8.35456 ], [ 69.284424, 8.36012 ], [ 69.283009, 8.363309 ], [ 69.282626, 8.364142 ], [ 69.282248, 8.364963 ], [ 69.28187, 8.365784 ], [ 69.281492, 8.366606 ], [ 69.281115, 8.367427 ], [ 69.280737, 8.368248 ], [ 69.28036, 8.369069 ], [ 69.279982, 8.36989 ], [ 69.279604, 8.370712 ], [ 69.279226, 8.371533 ], [ 69.27885, 8.372352 ], [ 69.278473, 8.37317 ], [ 69.277459, 8.375386 ], [ 69.275439, 8.379821 ], [ 69.274433, 8.382041 ], [ 69.274062, 8.382862 ], [ 69.273691, 8.383686 ], [ 69.273319, 8.38451 ], [ 69.272947, 8.385334 ], [ 69.272576, 8.386157 ], [ 69.272203, 8.386983 ], [ 69.271831, 8.387807 ], [ 69.271461, 8.388629 ], [ 69.271089, 8.389454 ], [ 69.270717, 8.390277 ], [ 69.270341, 8.391112 ], [ 69.269854, 8.39219 ], [ 69.269545, 8.392875 ], [ 69.266721, 8.398987 ], [ 69.266347, 8.399809 ], [ 69.265972, 8.400633 ], [ 69.265598, 8.401455 ], [ 69.265225, 8.402277 ], [ 69.264851, 8.4031 ], [ 69.264476, 8.403923 ], [ 69.264102, 8.404745 ], [ 69.263728, 8.405568 ], [ 69.263354, 8.40639 ], [ 69.262979, 8.407214 ], [ 69.262605, 8.408037 ], [ 69.262232, 8.408858 ], [ 69.261858, 8.409681 ], [ 69.261484, 8.410504 ], [ 69.261109, 8.411327 ], [ 69.260735, 8.412149 ], [ 69.260361, 8.412973 ], [ 69.259987, 8.413796 ], [ 69.259613, 8.414617 ], [ 69.259239, 8.41544 ], [ 69.258865, 8.416263 ], [ 69.258491, 8.417086 ], [ 69.258117, 8.417908 ], [ 69.257742, 8.418732 ], [ 69.257368, 8.419555 ], [ 69.256994, 8.420377 ], [ 69.25662, 8.421199 ], [ 69.256246, 8.422022 ], [ 69.255872, 8.422845 ], [ 69.255498, 8.423667 ], [ 69.255123, 8.424491 ], [ 69.254749, 8.425314 ], [ 69.254375, 8.426135 ], [ 69.254001, 8.426958 ], [ 69.253627, 8.427782 ], [ 69.253253, 8.428604 ], [ 69.252879, 8.429426 ], [ 69.252505, 8.430249 ], [ 69.25213, 8.431073 ], [ 69.251756, 8.431896 ], [ 69.251382, 8.432717 ], [ 69.251008, 8.43354 ], [ 69.250634, 8.434363 ], [ 69.25026, 8.435185 ], [ 69.249886, 8.436008 ], [ 69.249511, 8.436833 ], [ 69.249137, 8.437655 ], [ 69.248763, 8.438476 ], [ 69.248389, 8.439299 ], [ 69.248015, 8.440122 ], [ 69.247641, 8.440944 ], [ 69.247267, 8.441767 ], [ 69.246892, 8.442591 ], [ 69.246518, 8.443414 ], [ 69.246144, 8.444236 ], [ 69.24577, 8.445058 ], [ 69.245396, 8.445881 ], [ 69.245022, 8.446703 ], [ 69.244648, 8.447526 ], [ 69.244273, 8.44835 ], [ 69.243899, 8.449173 ], [ 69.243525, 8.449994 ], [ 69.243151, 8.450817 ], [ 69.242777, 8.45164 ], [ 69.242403, 8.452463 ], [ 69.242029, 8.453286 ], [ 69.241655, 8.454108 ], [ 69.24128, 8.454932 ], [ 69.240906, 8.455755 ], [ 69.240532, 8.456576 ], [ 69.240158, 8.457399 ], [ 69.239784, 8.458222 ], [ 69.23941, 8.459044 ], [ 69.239036, 8.459867 ], [ 69.238661, 8.460692 ], [ 69.238287, 8.461514 ], [ 69.237913, 8.462335 ], [ 69.237539, 8.463158 ], [ 69.237165, 8.463981 ], [ 69.236791, 8.464803 ], [ 69.236416, 8.465626 ], [ 69.236042, 8.46645 ], [ 69.235667, 8.467273 ], [ 69.235294, 8.468094 ], [ 69.23492, 8.468917 ], [ 69.234545, 8.46974 ], [ 69.234171, 8.470563 ], [ 69.233797, 8.471385 ], [ 69.233422, 8.472209 ], [ 69.233048, 8.473032 ], [ 69.232675, 8.473853 ], [ 69.232301, 8.474676 ], [ 69.231927, 8.475498 ], [ 69.230699, 8.478214 ], [ 69.228256, 8.483651 ], [ 69.227388, 8.485591 ], [ 69.227004, 8.486426 ], [ 69.226626, 8.487247 ], [ 69.226248, 8.488069 ], [ 69.225871, 8.488889 ], [ 69.225493, 8.489711 ], [ 69.225116, 8.490529 ], [ 69.224742, 8.491343 ], [ 69.224233, 8.492451 ], [ 69.223362, 8.494739 ], [ 69.22283, 8.495833 ], [ 69.221797, 8.49803 ], [ 69.220774, 8.500247 ], [ 69.220265, 8.501353 ], [ 69.219246, 8.503567 ], [ 69.218737, 8.504673 ], [ 69.218343, 8.505486 ], [ 69.217968, 8.506308 ], [ 69.217593, 8.507129 ], [ 69.217216, 8.507955 ], [ 69.216851, 8.508781 ], [ 69.216466, 8.509596 ], [ 69.216149, 8.510307 ], [ 69.215719, 8.511243 ], [ 69.215321, 8.512106 ], [ 69.214962, 8.512884 ], [ 69.214586, 8.513708 ], [ 69.213549, 8.516003 ], [ 69.211774, 8.519952 ], [ 69.211385, 8.520768 ], [ 69.211014, 8.521592 ], [ 69.210643, 8.522415 ], [ 69.210272, 8.523239 ], [ 69.209901, 8.524063 ], [ 69.209585, 8.524797 ], [ 69.209166, 8.525713 ], [ 69.2088, 8.526542 ], [ 69.208418, 8.527359 ], [ 69.208064, 8.528189 ], [ 69.207708, 8.529019 ], [ 69.207351, 8.529848 ], [ 69.206971, 8.530666 ], [ 69.206625, 8.5315 ], [ 69.206257, 8.532323 ], [ 69.205732, 8.533092 ], [ 69.205358, 8.533913 ], [ 69.204984, 8.534736 ], [ 69.20461, 8.53556 ], [ 69.204236, 8.536382 ], [ 69.203861, 8.537204 ], [ 69.203486, 8.538029 ], [ 69.203112, 8.538851 ], [ 69.202739, 8.539673 ], [ 69.202364, 8.540495 ], [ 69.20199, 8.541318 ], [ 69.201616, 8.542141 ], [ 69.201241, 8.542964 ], [ 69.200867, 8.543786 ], [ 69.200493, 8.544611 ], [ 69.200118, 8.545433 ], [ 69.199745, 8.546255 ], [ 69.199371, 8.547077 ], [ 69.198996, 8.5479 ], [ 69.198622, 8.548723 ], [ 69.198248, 8.549546 ], [ 69.197873, 8.55037 ], [ 69.197499, 8.551193 ], [ 69.197125, 8.552015 ], [ 69.196751, 8.552837 ], [ 69.196377, 8.553659 ], [ 69.196002, 8.554482 ], [ 69.195628, 8.555305 ], [ 69.195253, 8.556129 ], [ 69.194879, 8.556952 ], [ 69.194505, 8.557773 ], [ 69.194131, 8.558596 ], [ 69.193757, 8.559419 ], [ 69.193383, 8.560241 ], [ 69.193008, 8.561064 ], [ 69.192633, 8.561888 ], [ 69.192259, 8.562711 ], [ 69.191886, 8.563532 ], [ 69.191511, 8.564355 ], [ 69.191137, 8.565178 ], [ 69.190763, 8.566001 ], [ 69.190389, 8.566824 ], [ 69.190014, 8.567646 ], [ 69.189639, 8.568471 ], [ 69.189265, 8.569293 ], [ 69.188892, 8.570115 ], [ 69.188517, 8.570937 ], [ 69.188143, 8.57176 ], [ 69.187769, 8.572583 ], [ 69.187394, 8.573406 ], [ 69.18702, 8.57423 ], [ 69.186645, 8.575052 ], [ 69.186271, 8.575874 ], [ 69.185897, 8.576697 ], [ 69.185523, 8.577519 ], [ 69.185149, 8.578342 ], [ 69.184775, 8.579165 ], [ 69.1844, 8.579989 ], [ 69.184025, 8.580812 ], [ 69.183652, 8.581633 ], [ 69.183278, 8.582456 ], [ 69.182903, 8.583279 ], [ 69.182529, 8.584101 ], [ 69.182154, 8.584925 ], [ 69.18178, 8.585748 ], [ 69.181406, 8.586571 ], [ 69.181032, 8.587393 ], [ 69.180658, 8.588215 ], [ 69.180283, 8.589038 ], [ 69.179909, 8.589861 ], [ 69.179535, 8.590684 ], [ 69.17916, 8.591506 ], [ 69.178785, 8.592331 ], [ 69.178411, 8.593153 ], [ 69.178038, 8.593975 ], [ 69.177663, 8.594797 ], [ 69.177289, 8.59562 ], [ 69.176915, 8.596443 ], [ 69.17654, 8.597266 ], [ 69.176166, 8.59809 ], [ 69.175791, 8.598913 ], [ 69.175418, 8.599734 ], [ 69.175043, 8.600557 ], [ 69.174669, 8.60138 ], [ 69.174295, 8.602202 ], [ 69.17392, 8.603025 ], [ 69.173546, 8.603849 ], [ 69.173171, 8.604672 ], [ 69.172798, 8.605493 ], [ 69.172424, 8.606314 ], [ 69.171825, 8.607635 ], [ 69.170629, 8.610279 ], [ 69.170033, 8.611601 ], [ 69.16764, 8.616921 ], [ 69.166371, 8.619682 ], [ 69.16599, 8.620512 ], [ 69.16523, 8.622173 ], [ 69.16485, 8.623003 ], [ 69.161815, 8.629652 ], [ 69.161437, 8.630483 ], [ 69.16068, 8.632146 ], [ 69.160303, 8.632977 ], [ 69.158794, 8.636306 ], [ 69.158418, 8.637138 ], [ 69.157666, 8.638803 ], [ 69.157291, 8.639636 ], [ 69.156922, 8.640456 ], [ 69.156553, 8.641277 ], [ 69.156182, 8.642101 ], [ 69.155811, 8.642926 ], [ 69.155439, 8.643751 ], [ 69.155068, 8.644576 ], [ 69.154698, 8.645399 ], [ 69.154327, 8.646224 ], [ 69.153956, 8.647048 ], [ 69.153585, 8.647873 ], [ 69.153207, 8.648714 ], [ 69.152672, 8.649902 ], [ 69.152022, 8.651351 ], [ 69.151036, 8.653549 ], [ 69.150388, 8.654995 ], [ 69.149948, 8.655979 ], [ 69.149725, 8.65648 ], [ 69.149212, 8.65763 ], [ 69.148187, 8.659931 ], [ 69.147574, 8.661312 ], [ 69.145736, 8.665456 ], [ 69.145124, 8.666838 ], [ 69.144107, 8.669142 ], [ 69.143686, 8.670096 ], [ 69.13746, 8.683994 ], [ 69.13614, 8.686959 ], [ 69.133513, 8.692901 ], [ 69.132206, 8.695874 ], [ 69.126997, 8.70781 ], [ 69.125703, 8.710795 ], [ 69.123127, 8.716775 ], [ 69.121847, 8.719767 ], [ 69.117431, 8.73016 ], [ 69.116881, 8.731458 ], [ 69.115782, 8.734057 ], [ 69.115235, 8.735357 ], [ 69.113049, 8.740562 ], [ 69.112504, 8.741863 ], [ 69.111417, 8.744467 ], [ 69.110875, 8.745769 ], [ 69.106545, 8.756198 ], [ 69.106006, 8.757501 ], [ 69.10493, 8.760109 ], [ 69.104393, 8.761414 ], [ 69.102251, 8.766636 ], [ 69.101717, 8.767942 ], [ 69.100651, 8.770555 ], [ 69.10012, 8.771861 ], [ 69.095879, 8.782326 ], [ 69.095058, 8.784361 ], [ 69.093422, 8.788435 ], [ 69.092608, 8.790473 ], [ 69.089362, 8.798633 ], [ 69.088555, 8.800673 ], [ 69.086946, 8.804757 ], [ 69.085166, 8.809325 ], [ 69.080078, 8.822521 ], [ 69.077901, 8.82806 ], [ 69.077514, 8.82906 ], [ 69.077118, 8.830086 ], [ 69.073963, 8.83828 ], [ 69.073291, 8.840032 ], [ 69.071725, 8.844133 ], [ 69.070467, 8.847455 ], [ 69.069375, 8.850361 ], [ 69.067766, 8.854689 ], [ 69.067449, 8.855551 ], [ 69.064975, 8.862306 ], [ 69.06177, 8.870617 ], [ 69.061355, 8.871726 ], [ 69.060919, 8.872891 ], [ 69.060295, 8.874561 ], [ 69.059945, 8.875502 ], [ 69.059245, 8.877385 ], [ 69.05847, 8.87948 ], [ 69.05758, 8.881902 ], [ 69.057142, 8.883093 ], [ 69.054561, 8.890154 ], [ 69.053918, 8.891919 ], [ 69.052637, 8.895452 ], [ 69.052, 8.897218 ], [ 69.04607, 8.913719 ], [ 69.045333, 8.915781 ], [ 69.043865, 8.91991 ], [ 69.043134, 8.921975 ], [ 69.040223, 8.930243 ], [ 69.039499, 8.932311 ], [ 69.038058, 8.936449 ], [ 69.037341, 8.938519 ], [ 69.033252, 8.95038 ], [ 69.032743, 8.951862 ], [ 69.031728, 8.954829 ], [ 69.031223, 8.956312 ], [ 69.029206, 8.962252 ], [ 69.028704, 8.963736 ], [ 69.027703, 8.966707 ], [ 69.027205, 8.968193 ], [ 69.023227, 8.980092 ], [ 69.022732, 8.981578 ], [ 69.021745, 8.984554 ], [ 69.021254, 8.986042 ], [ 69.019293, 8.992 ], [ 69.018805, 8.993489 ], [ 69.017831, 8.99647 ], [ 69.017347, 8.99796 ], [ 69.013481, 9.009895 ], [ 69.013, 9.011386 ], [ 69.01204, 9.014371 ], [ 69.011563, 9.015863 ], [ 69.009658, 9.021839 ], [ 69.009183, 9.023333 ], [ 69.008238, 9.026322 ], [ 69.007767, 9.027816 ], [ 69.004013, 9.039787 ], [ 69.003546, 9.041282 ], [ 69.002614, 9.044276 ], [ 69.002151, 9.045773 ], [ 69.000301, 9.051766 ], [ 68.999841, 9.053264 ], [ 68.998924, 9.056262 ], [ 68.998467, 9.05776 ], [ 68.994825, 9.069765 ], [ 68.994371, 9.071265 ], [ 68.993468, 9.074267 ], [ 68.993018, 9.075768 ], [ 68.991225, 9.081778 ], [ 68.990779, 9.08328 ], [ 68.98989, 9.086286 ], [ 68.989447, 9.087789 ], [ 68.985917, 9.099827 ], [ 68.985478, 9.101331 ], [ 68.984603, 9.104341 ], [ 68.984167, 9.105847 ], [ 68.98243, 9.111873 ], [ 68.981998, 9.113379 ], [ 68.981137, 9.116393 ], [ 68.980709, 9.1179 ], [ 68.977291, 9.12997 ], [ 68.976866, 9.131478 ], [ 68.976019, 9.134496 ], [ 68.975597, 9.136006 ], [ 68.973917, 9.142048 ], [ 68.973499, 9.143558 ], [ 68.972666, 9.14658 ], [ 68.972252, 9.148091 ], [ 68.968947, 9.160192 ], [ 68.968536, 9.161704 ], [ 68.967718, 9.16473 ], [ 68.96731, 9.166243 ], [ 68.965686, 9.1723 ], [ 68.965282, 9.173814 ], [ 68.964478, 9.176844 ], [ 68.964078, 9.178358 ], [ 68.960887, 9.19049 ], [ 68.96049, 9.192005 ], [ 68.959699, 9.195039 ], [ 68.959306, 9.196555 ], [ 68.957739, 9.202627 ], [ 68.957349, 9.204145 ], [ 68.956573, 9.207182 ], [ 68.956187, 9.2087 ], [ 68.95311, 9.220861 ], [ 68.952727, 9.22238 ], [ 68.951965, 9.22542 ], [ 68.951586, 9.226941 ], [ 68.950076, 9.233027 ], [ 68.9497, 9.234548 ], [ 68.948953, 9.237592 ], [ 68.948581, 9.239114 ], [ 68.945617, 9.251302 ], [ 68.945249, 9.252825 ], [ 68.944515, 9.255872 ], [ 68.944151, 9.257396 ], [ 68.942698, 9.263496 ], [ 68.942336, 9.265021 ], [ 68.941617, 9.268071 ], [ 68.941259, 9.269597 ], [ 68.93841, 9.281812 ], [ 68.938056, 9.283337 ], [ 68.937351, 9.286392 ], [ 68.937001, 9.287919 ], [ 68.935605, 9.294032 ], [ 68.935258, 9.29556 ], [ 68.934567, 9.298617 ], [ 68.934224, 9.300146 ], [ 68.931489, 9.312386 ], [ 68.931319, 9.31315 ], [ 68.930979, 9.314679 ], [ 68.93081, 9.315444 ], [ 68.930133, 9.318505 ], [ 68.929965, 9.31927 ], [ 68.929628, 9.3208 ], [ 68.929461, 9.321565 ], [ 68.928122, 9.327692 ], [ 68.927955, 9.328457 ], [ 68.927622, 9.329989 ], [ 68.927457, 9.330754 ], [ 68.926794, 9.333819 ], [ 68.926629, 9.334585 ], [ 68.9263, 9.336118 ], [ 68.926136, 9.336885 ], [ 68.925948, 9.337765 ], [ 68.92576, 9.338646 ], [ 68.925571, 9.339527 ], [ 68.925383, 9.34041 ], [ 68.925195, 9.341291 ], [ 68.925007, 9.34217 ], [ 68.924818, 9.343052 ], [ 68.92463, 9.343933 ], [ 68.924442, 9.344816 ], [ 68.924253, 9.345697 ], [ 68.924065, 9.346576 ], [ 68.923877, 9.347458 ], [ 68.923689, 9.348339 ], [ 68.9235, 9.349221 ], [ 68.923312, 9.350103 ], [ 68.923124, 9.350982 ], [ 68.922936, 9.351864 ], [ 68.922748, 9.352745 ], [ 68.92256, 9.353626 ], [ 68.922371, 9.354508 ], [ 68.922183, 9.35539 ], [ 68.921995, 9.356269 ], [ 68.921807, 9.357151 ], [ 68.921618, 9.358031 ], [ 68.92143, 9.358914 ], [ 68.921242, 9.359795 ], [ 68.921054, 9.360675 ], [ 68.920865, 9.361556 ], [ 68.920677, 9.362437 ], [ 68.920489, 9.36332 ], [ 68.9203, 9.364202 ], [ 68.920112, 9.365081 ], [ 68.919924, 9.365962 ], [ 68.919736, 9.366843 ], [ 68.919548, 9.367724 ], [ 68.919359, 9.368607 ], [ 68.919171, 9.369489 ], [ 68.918983, 9.370368 ], [ 68.918795, 9.371249 ], [ 68.917902, 9.375756 ], [ 68.916856, 9.380495 ], [ 68.916665, 9.381375 ], [ 68.916474, 9.382257 ], [ 68.916283, 9.383138 ], [ 68.916095, 9.38402 ], [ 68.915901, 9.384899 ], [ 68.91571, 9.38578 ], [ 68.915519, 9.386661 ], [ 68.915328, 9.387543 ], [ 68.915138, 9.388423 ], [ 68.914947, 9.389301 ], [ 68.914756, 9.390181 ], [ 68.914205, 9.392747 ], [ 68.913113, 9.397881 ], [ 68.912571, 9.400449 ], [ 68.912388, 9.40133 ], [ 68.912204, 9.40221 ], [ 68.91202, 9.403092 ], [ 68.911838, 9.403977 ], [ 68.911651, 9.404859 ], [ 68.911467, 9.405741 ], [ 68.911284, 9.406622 ], [ 68.9111, 9.407504 ], [ 68.91092, 9.408389 ], [ 68.910722, 9.409311 ], [ 68.909868, 9.41315 ], [ 68.908627, 9.418833 ], [ 68.908439, 9.419716 ], [ 68.90825, 9.420597 ], [ 68.908062, 9.421476 ], [ 68.907874, 9.422357 ], [ 68.907686, 9.423239 ], [ 68.907497, 9.424122 ], [ 68.907309, 9.425003 ], [ 68.907121, 9.425882 ], [ 68.906932, 9.426763 ], [ 68.906744, 9.427645 ], [ 68.906556, 9.428526 ], [ 68.906367, 9.429409 ], [ 68.906179, 9.43029 ], [ 68.905991, 9.431169 ], [ 68.905802, 9.432051 ], [ 68.905614, 9.432932 ], [ 68.905426, 9.433814 ], [ 68.905237, 9.434696 ], [ 68.905049, 9.435575 ], [ 68.904861, 9.436457 ], [ 68.904673, 9.437338 ], [ 68.904484, 9.43822 ], [ 68.904296, 9.439102 ], [ 68.904108, 9.439981 ], [ 68.903919, 9.440863 ], [ 68.903731, 9.441744 ], [ 68.903543, 9.442625 ], [ 68.903354, 9.443508 ], [ 68.903166, 9.444389 ], [ 68.902978, 9.445269 ], [ 68.902789, 9.44615 ], [ 68.902601, 9.447031 ], [ 68.902412, 9.447913 ], [ 68.902224, 9.448795 ], [ 68.902036, 9.449675 ], [ 68.901848, 9.450555 ], [ 68.901659, 9.451437 ], [ 68.901471, 9.452319 ], [ 68.901282, 9.453201 ], [ 68.901094, 9.454081 ], [ 68.900906, 9.454961 ], [ 68.900718, 9.455843 ], [ 68.900529, 9.456724 ], [ 68.900341, 9.457607 ], [ 68.900152, 9.458488 ], [ 68.899964, 9.459367 ], [ 68.899776, 9.460249 ], [ 68.899587, 9.46113 ], [ 68.899399, 9.462013 ], [ 68.899211, 9.462894 ], [ 68.899023, 9.463773 ], [ 68.898834, 9.464654 ], [ 68.898646, 9.465536 ], [ 68.898457, 9.466419 ], [ 68.898269, 9.4673 ], [ 68.898081, 9.468179 ], [ 68.897892, 9.46906 ], [ 68.897704, 9.469942 ], [ 68.897516, 9.470823 ], [ 68.897327, 9.471706 ], [ 68.897139, 9.472587 ], [ 68.896951, 9.473466 ], [ 68.896762, 9.474348 ], [ 68.896574, 9.475229 ], [ 68.896385, 9.476112 ], [ 68.896197, 9.476993 ], [ 68.896009, 9.477872 ], [ 68.89582, 9.478754 ], [ 68.895632, 9.479635 ], [ 68.895443, 9.480518 ], [ 68.895255, 9.481399 ], [ 68.895067, 9.482279 ], [ 68.89503, 9.483206 ], [ 68.894838, 9.484082 ], [ 68.89462, 9.484955 ], [ 68.894439, 9.485838 ], [ 68.894264, 9.486723 ], [ 68.894026, 9.487589 ], [ 68.893817, 9.488465 ], [ 68.893637, 9.489347 ], [ 68.89344, 9.490227 ], [ 68.893251, 9.491212 ], [ 68.893051, 9.491984 ], [ 68.892859, 9.492865 ], [ 68.892667, 9.493745 ], [ 68.892475, 9.494627 ], [ 68.892304, 9.495513 ], [ 68.892111, 9.496391 ], [ 68.891085, 9.501095 ], [ 68.890744, 9.502671 ], [ 68.890559, 9.503553 ], [ 68.890371, 9.504435 ], [ 68.890182, 9.505316 ], [ 68.890025, 9.5061 ], [ 68.889787, 9.507227 ], [ 68.889628, 9.507964 ], [ 68.889441, 9.508845 ], [ 68.889253, 9.509726 ], [ 68.889055, 9.510605 ], [ 68.888866, 9.511487 ], [ 68.888692, 9.512371 ], [ 68.888505, 9.513251 ], [ 68.888248, 9.514468 ], [ 68.887745, 9.516958 ], [ 68.887496, 9.518194 ], [ 68.886344, 9.523112 ], [ 68.886083, 9.524347 ], [ 68.885561, 9.526816 ], [ 68.885302, 9.528051 ], [ 68.885117, 9.528934 ], [ 68.884932, 9.529817 ], [ 68.884748, 9.530697 ], [ 68.884564, 9.531579 ], [ 68.88438, 9.532464 ], [ 68.884194, 9.533347 ], [ 68.884039, 9.534088 ], [ 68.88364, 9.535895 ], [ 68.882336, 9.54186 ], [ 68.881691, 9.544844 ], [ 68.881502, 9.545725 ], [ 68.881313, 9.546608 ], [ 68.881125, 9.547489 ], [ 68.880937, 9.548368 ], [ 68.880749, 9.54925 ], [ 68.88056, 9.550131 ], [ 68.880371, 9.551014 ], [ 68.880183, 9.551895 ], [ 68.879995, 9.552774 ], [ 68.879806, 9.553656 ], [ 68.879618, 9.554537 ], [ 68.879429, 9.555418 ], [ 68.879241, 9.556301 ], [ 68.879052, 9.557182 ], [ 68.878864, 9.558062 ], [ 68.878676, 9.558943 ], [ 68.878487, 9.559824 ], [ 68.878299, 9.560707 ], [ 68.87811, 9.561588 ], [ 68.877922, 9.562468 ], [ 68.877733, 9.563349 ], [ 68.877545, 9.56423 ], [ 68.877356, 9.565113 ], [ 68.877168, 9.565994 ], [ 68.87698, 9.566874 ], [ 68.876791, 9.567755 ], [ 68.876603, 9.568636 ], [ 68.876414, 9.569517 ], [ 68.876226, 9.5704 ], [ 68.876037, 9.571282 ], [ 68.875849, 9.572161 ], [ 68.875661, 9.573042 ], [ 68.875472, 9.573923 ], [ 68.875283, 9.574806 ], [ 68.875095, 9.575688 ], [ 68.874907, 9.576567 ], [ 68.874718, 9.577448 ], [ 68.87453, 9.578329 ], [ 68.874341, 9.579212 ], [ 68.874152, 9.580094 ], [ 68.873964, 9.580973 ], [ 68.873776, 9.581854 ], [ 68.873587, 9.582735 ], [ 68.873399, 9.583617 ], [ 68.87321, 9.5845 ], [ 68.873022, 9.585381 ], [ 68.872834, 9.58626 ], [ 68.872645, 9.587141 ], [ 68.872457, 9.588023 ], [ 68.872268, 9.588906 ], [ 68.872079, 9.589787 ], [ 68.871891, 9.590666 ], [ 68.871703, 9.591548 ], [ 68.871514, 9.592429 ], [ 68.871325, 9.593312 ], [ 68.871137, 9.594193 ], [ 68.870949, 9.595072 ], [ 68.87076, 9.595954 ], [ 68.870572, 9.596835 ], [ 68.870383, 9.597716 ], [ 68.870195, 9.598599 ], [ 68.870006, 9.59948 ], [ 68.869818, 9.60036 ], [ 68.869629, 9.601241 ], [ 68.869441, 9.602122 ], [ 68.869252, 9.603005 ], [ 68.869064, 9.603886 ], [ 68.868876, 9.604766 ], [ 68.868687, 9.605647 ], [ 68.868499, 9.606528 ], [ 68.86831, 9.607411 ], [ 68.868121, 9.608292 ], [ 68.867933, 9.609172 ], [ 68.867745, 9.610053 ], [ 68.867556, 9.610934 ], [ 68.867368, 9.611815 ], [ 68.867179, 9.612698 ], [ 68.86699, 9.61358 ], [ 68.866802, 9.614459 ], [ 68.866614, 9.61534 ], [ 68.866425, 9.616222 ], [ 68.866236, 9.617105 ], [ 68.866048, 9.617986 ], [ 68.86586, 9.618865 ], [ 68.865671, 9.619746 ], [ 68.865483, 9.620628 ], [ 68.865294, 9.621511 ], [ 68.865105, 9.622392 ], [ 68.864917, 9.623271 ], [ 68.864729, 9.624152 ], [ 68.86454, 9.625034 ], [ 68.864352, 9.625915 ], [ 68.864163, 9.626798 ], [ 68.863974, 9.627679 ], [ 68.863786, 9.628559 ], [ 68.863598, 9.62944 ], [ 68.863409, 9.630321 ], [ 68.86322, 9.631204 ], [ 68.863032, 9.632085 ], [ 68.862844, 9.632965 ], [ 68.862655, 9.633846 ], [ 68.862466, 9.634727 ], [ 68.862278, 9.63561 ], [ 68.862089, 9.636491 ], [ 68.861901, 9.637371 ], [ 68.861712, 9.638252 ], [ 68.861524, 9.639134 ], [ 68.861335, 9.640014 ], [ 68.861147, 9.640897 ], [ 68.860958, 9.641778 ], [ 68.86077, 9.642658 ], [ 68.860581, 9.64354 ], [ 68.860393, 9.644421 ], [ 68.860204, 9.645303 ], [ 68.860015, 9.646185 ], [ 68.859551, 9.648371 ], [ 68.858631, 9.652746 ], [ 68.858168, 9.654962 ], [ 68.858024, 9.655635 ], [ 68.857833, 9.656516 ], [ 68.857641, 9.657397 ], [ 68.85745, 9.658277 ], [ 68.857259, 9.659158 ], [ 68.857069, 9.660035 ], [ 68.856878, 9.660911 ], [ 68.85675, 9.661502 ], [ 68.856494, 9.662686 ], [ 68.856366, 9.663278 ], [ 68.855856, 9.665646 ], [ 68.855729, 9.666237 ], [ 68.855475, 9.667421 ], [ 68.855349, 9.668013 ], [ 68.854338, 9.67275 ], [ 68.854212, 9.673342 ], [ 68.85396, 9.674526 ], [ 68.853021, 9.679299 ], [ 68.85166, 9.685453 ], [ 68.85149, 9.686223 ], [ 68.850938, 9.688731 ], [ 68.850262, 9.691809 ], [ 68.850071, 9.692689 ], [ 68.84988, 9.693569 ], [ 68.848747, 9.698889 ], [ 68.848564, 9.69977 ], [ 68.848379, 9.700653 ], [ 68.848199, 9.701537 ], [ 68.848011, 9.702418 ], [ 68.847827, 9.7033 ], [ 68.847643, 9.704182 ], [ 68.847459, 9.705065 ], [ 68.847284, 9.70595 ], [ 68.847091, 9.706829 ], [ 68.846907, 9.707711 ], [ 68.846723, 9.708593 ], [ 68.846539, 9.709476 ], [ 68.846383, 9.71028 ], [ 68.845288, 9.715296 ], [ 68.843799, 9.721969 ], [ 68.843611, 9.72285 ], [ 68.843422, 9.723731 ], [ 68.843233, 9.724612 ], [ 68.843044, 9.725495 ], [ 68.842856, 9.726376 ], [ 68.842668, 9.727256 ], [ 68.842479, 9.728138 ], [ 68.84229, 9.729018 ], [ 68.842101, 9.729901 ], [ 68.841913, 9.730782 ], [ 68.841725, 9.731662 ], [ 68.841536, 9.732544 ], [ 68.841347, 9.733425 ], [ 68.841158, 9.734307 ], [ 68.84097, 9.735189 ], [ 68.840781, 9.736069 ], [ 68.840593, 9.73695 ], [ 68.840404, 9.737831 ], [ 68.840216, 9.738712 ], [ 68.840027, 9.739594 ], [ 68.838735, 9.745868 ], [ 68.838468, 9.747077 ], [ 68.838277, 9.747957 ], [ 68.838085, 9.748839 ], [ 68.837894, 9.74972 ], [ 68.837706, 9.750602 ], [ 68.837511, 9.751481 ], [ 68.83732, 9.752362 ], [ 68.837129, 9.753243 ], [ 68.836937, 9.754125 ], [ 68.836747, 9.755006 ], [ 68.836554, 9.755886 ], [ 68.836363, 9.756766 ], [ 68.836172, 9.757646 ], [ 68.835981, 9.758525 ], [ 68.835326, 9.761575 ], [ 68.834335, 9.766243 ], [ 68.834074, 9.767477 ], [ 68.83396, 9.768015 ], [ 68.833794, 9.768798 ], [ 68.833427, 9.77054 ], [ 68.833243, 9.771423 ], [ 68.833058, 9.772305 ], [ 68.832874, 9.773186 ], [ 68.83269, 9.774068 ], [ 68.832509, 9.774953 ], [ 68.832321, 9.775835 ], [ 68.832136, 9.776716 ], [ 68.832032, 9.777216 ], [ 68.831316, 9.780418 ], [ 68.830028, 9.786302 ], [ 68.82984, 9.787182 ], [ 68.829652, 9.788062 ], [ 68.829463, 9.788943 ], [ 68.829274, 9.789824 ], [ 68.829085, 9.790707 ], [ 68.828897, 9.791588 ], [ 68.828708, 9.792468 ], [ 68.82852, 9.793349 ], [ 68.828331, 9.794231 ], [ 68.828142, 9.795112 ], [ 68.827953, 9.795994 ], [ 68.827765, 9.796875 ], [ 68.827576, 9.797755 ], [ 68.827388, 9.798637 ], [ 68.827199, 9.799518 ], [ 68.82701, 9.800401 ], [ 68.826821, 9.801282 ], [ 68.826633, 9.802161 ], [ 68.826444, 9.803043 ], [ 68.826256, 9.803924 ], [ 68.826067, 9.804807 ], [ 68.825878, 9.805688 ], [ 68.82569, 9.806568 ], [ 68.825501, 9.807449 ], [ 68.825312, 9.808331 ], [ 68.825124, 9.809211 ], [ 68.824935, 9.810094 ], [ 68.824746, 9.810975 ], [ 68.824557, 9.811856 ], [ 68.824369, 9.812737 ], [ 68.82418, 9.813618 ], [ 68.823991, 9.814501 ], [ 68.823802, 9.815382 ], [ 68.823614, 9.816262 ], [ 68.823425, 9.817143 ], [ 68.823237, 9.818024 ], [ 68.823048, 9.818907 ], [ 68.822859, 9.819788 ], [ 68.82267, 9.820668 ], [ 68.822482, 9.821549 ], [ 68.822293, 9.82243 ], [ 68.822104, 9.823311 ], [ 68.821915, 9.824195 ], [ 68.821727, 9.825076 ], [ 68.821538, 9.825955 ], [ 68.82135, 9.826836 ], [ 68.821161, 9.827718 ], [ 68.820972, 9.828601 ], [ 68.820783, 9.829482 ], [ 68.820595, 9.830361 ], [ 68.820406, 9.831243 ], [ 68.820217, 9.832124 ], [ 68.820028, 9.833007 ], [ 68.81984, 9.833888 ], [ 68.819651, 9.834768 ], [ 68.819463, 9.835649 ], [ 68.819274, 9.836531 ], [ 68.819085, 9.837412 ], [ 68.818896, 9.838294 ], [ 68.818707, 9.839176 ], [ 68.818519, 9.840055 ], [ 68.81833, 9.840937 ], [ 68.818142, 9.841818 ], [ 68.817953, 9.842701 ], [ 68.817764, 9.843582 ], [ 68.817575, 9.844462 ], [ 68.817387, 9.845343 ], [ 68.817198, 9.846224 ], [ 68.817009, 9.847107 ], [ 68.81682, 9.847989 ], [ 68.815831, 9.852689 ], [ 68.815227, 9.855614 ], [ 68.815134, 9.856039 ], [ 68.814943, 9.85692 ], [ 68.814751, 9.857801 ], [ 68.81456, 9.858681 ], [ 68.814368, 9.859563 ], [ 68.814177, 9.860445 ], [ 68.813986, 9.861326 ], [ 68.813794, 9.862206 ], [ 68.813602, 9.863086 ], [ 68.813411, 9.863964 ], [ 68.81322, 9.864843 ], [ 68.812954, 9.866073 ], [ 68.812424, 9.868536 ], [ 68.81216, 9.869767 ], [ 68.811108, 9.874694 ], [ 68.810846, 9.875925 ], [ 68.810325, 9.878389 ], [ 68.810066, 9.879622 ], [ 68.809882, 9.880499 ], [ 68.809698, 9.881377 ], [ 68.809513, 9.88226 ], [ 68.809328, 9.883142 ], [ 68.809142, 9.884027 ], [ 68.808931, 9.885035 ], [ 68.808562, 9.886709 ], [ 68.807268, 9.89262 ], [ 68.806628, 9.895576 ], [ 68.806439, 9.896456 ], [ 68.806251, 9.897337 ], [ 68.806062, 9.898218 ], [ 68.805873, 9.899101 ], [ 68.805684, 9.899983 ], [ 68.805495, 9.900862 ], [ 68.805307, 9.901743 ], [ 68.805118, 9.902625 ], [ 68.804929, 9.903508 ], [ 68.80474, 9.904389 ], [ 68.804552, 9.905269 ], [ 68.804363, 9.90615 ], [ 68.804174, 9.907031 ], [ 68.803985, 9.907912 ], [ 68.803933, 9.908838 ], [ 68.803746, 9.909718 ], [ 68.803531, 9.910586 ], [ 68.803323, 9.911462 ], [ 68.803113, 9.912338 ], [ 68.802932, 9.913221 ], [ 68.802772, 9.914109 ], [ 68.802539, 9.914978 ], [ 68.802343, 9.915857 ], [ 68.802146, 9.916737 ], [ 68.801949, 9.917618 ], [ 68.801789, 9.918419 ], [ 68.801563, 9.919376 ], [ 68.801371, 9.920256 ], [ 68.80118, 9.921137 ], [ 68.800988, 9.922018 ], [ 68.800797, 9.9229 ], [ 68.800614, 9.923783 ], [ 68.800414, 9.92466 ], [ 68.800223, 9.925541 ], [ 68.800031, 9.926421 ], [ 68.799839, 9.927303 ], [ 68.799651, 9.928185 ], [ 68.799457, 9.929063 ], [ 68.799265, 9.929944 ], [ 68.799082, 9.930826 ], [ 68.798897, 9.93171 ], [ 68.798721, 9.932594 ], [ 68.79853, 9.933473 ], [ 68.798346, 9.934355 ], [ 68.798162, 9.935237 ], [ 68.797978, 9.936119 ], [ 68.797794, 9.937003 ], [ 68.797631, 9.93789 ], [ 68.797426, 9.938767 ], [ 68.797242, 9.939648 ], [ 68.797058, 9.940531 ], [ 68.796874, 9.941414 ], [ 68.796724, 9.942304 ], [ 68.796506, 9.943178 ], [ 68.796322, 9.94406 ], [ 68.796138, 9.944942 ], [ 68.795936, 9.94582 ], [ 68.79579, 9.946709 ], [ 68.795591, 9.947587 ], [ 68.795414, 9.94847 ], [ 68.795224, 9.949347 ], [ 68.795059, 9.950226 ], [ 68.794734, 9.951096 ], [ 68.794545, 9.951977 ], [ 68.794356, 9.952857 ], [ 68.794167, 9.953738 ], [ 68.793979, 9.95462 ], [ 68.793789, 9.955503 ], [ 68.793601, 9.956384 ], [ 68.793412, 9.957263 ], [ 68.793223, 9.958145 ], [ 68.793034, 9.959026 ], [ 68.792845, 9.959909 ], [ 68.792657, 9.96079 ], [ 68.792468, 9.96167 ], [ 68.792279, 9.962551 ], [ 68.79209, 9.963433 ], [ 68.791901, 9.964315 ], [ 68.791712, 9.965196 ], [ 68.791524, 9.966076 ], [ 68.791335, 9.966957 ], [ 68.791146, 9.967839 ], [ 68.790957, 9.96872 ], [ 68.790768, 9.969603 ], [ 68.790579, 9.970484 ], [ 68.790391, 9.971364 ], [ 68.790202, 9.972245 ], [ 68.790013, 9.973126 ], [ 68.789824, 9.974009 ], [ 68.789635, 9.97489 ], [ 68.789446, 9.97577 ], [ 68.789258, 9.976652 ], [ 68.789069, 9.977533 ], [ 68.78888, 9.978416 ], [ 68.788691, 9.979297 ], [ 68.788502, 9.980177 ], [ 68.788313, 9.981058 ], [ 68.788125, 9.981939 ], [ 68.787936, 9.98282 ], [ 68.787747, 9.983703 ], [ 68.787558, 9.984585 ], [ 68.787369, 9.985464 ], [ 68.78718, 9.986345 ], [ 68.786991, 9.987227 ], [ 68.786802, 9.98811 ], [ 68.786613, 9.988991 ], [ 68.786425, 9.989871 ], [ 68.786236, 9.990752 ], [ 68.786047, 9.991633 ], [ 68.785858, 9.992516 ], [ 68.785669, 9.993398 ], [ 68.785481, 9.994277 ], [ 68.785292, 9.995157 ], [ 68.78482, 9.997379 ], [ 68.783883, 10.001823 ], [ 68.783473, 10.003782 ], [ 68.783055, 10.005795 ], [ 68.782862, 10.006676 ], [ 68.78267, 10.007551 ], [ 68.782478, 10.008427 ], [ 68.782285, 10.00931 ], [ 68.781901, 10.011076 ], [ 68.781709, 10.01196 ], [ 68.780944, 10.015494 ], [ 68.780753, 10.016377 ], [ 68.780373, 10.018145 ], [ 68.780184, 10.019028 ], [ 68.778673, 10.026101 ], [ 68.778485, 10.026985 ], [ 68.77811, 10.028753 ], [ 68.777923, 10.029637 ], [ 68.777177, 10.033176 ], [ 68.776966, 10.034181 ], [ 68.775804, 10.039491 ], [ 68.775482, 10.040966 ], [ 68.774843, 10.043917 ], [ 68.774525, 10.045393 ], [ 68.774336, 10.046273 ], [ 68.774147, 10.047154 ], [ 68.773958, 10.048036 ], [ 68.773769, 10.048918 ], [ 68.77358, 10.049799 ], [ 68.773391, 10.050679 ], [ 68.773202, 10.051561 ], [ 68.773013, 10.052442 ], [ 68.772825, 10.053323 ], [ 68.772635, 10.054206 ], [ 68.772446, 10.055087 ], [ 68.772258, 10.055967 ], [ 68.772069, 10.056848 ], [ 68.77188, 10.057729 ], [ 68.771691, 10.058612 ], [ 68.771502, 10.059494 ], [ 68.771313, 10.060374 ], [ 68.771124, 10.061255 ], [ 68.770935, 10.062136 ], [ 68.770746, 10.063019 ], [ 68.770557, 10.0639 ], [ 68.770368, 10.06478 ], [ 68.770179, 10.065661 ], [ 68.769991, 10.066542 ], [ 68.769802, 10.067424 ], [ 68.769612, 10.068307 ], [ 68.769423, 10.069188 ], [ 68.76853, 10.073691 ], [ 68.768139, 10.075478 ], [ 68.767234, 10.079569 ], [ 68.767042, 10.08045 ], [ 68.766857, 10.081333 ], [ 68.766659, 10.082211 ], [ 68.766468, 10.083092 ], [ 68.766276, 10.083973 ], [ 68.766084, 10.084855 ], [ 68.765896, 10.085736 ], [ 68.765701, 10.086615 ], [ 68.76551, 10.087496 ], [ 68.765318, 10.088377 ], [ 68.765126, 10.089259 ], [ 68.764934, 10.090139 ], [ 68.7638, 10.095456 ], [ 68.763616, 10.096337 ], [ 68.763432, 10.097221 ], [ 68.763247, 10.098103 ], [ 68.763063, 10.098984 ], [ 68.762878, 10.099867 ], [ 68.762701, 10.100752 ], [ 68.762509, 10.101633 ], [ 68.762325, 10.102515 ], [ 68.762141, 10.103396 ], [ 68.761956, 10.104279 ], [ 68.761782, 10.105172 ], [ 68.761587, 10.106045 ], [ 68.761403, 10.106926 ], [ 68.761218, 10.107808 ], [ 68.761002, 10.108853 ], [ 68.760552, 10.110833 ], [ 68.760365, 10.111715 ], [ 68.760179, 10.112598 ], [ 68.759711, 10.11491 ], [ 68.759529, 10.115713 ], [ 68.759123, 10.117551 ], [ 68.758225, 10.121616 ], [ 68.758034, 10.122495 ], [ 68.757842, 10.123376 ], [ 68.75765, 10.124257 ], [ 68.757458, 10.125138 ], [ 68.757266, 10.12602 ], [ 68.757075, 10.1269 ], [ 68.756883, 10.127781 ], [ 68.756691, 10.128662 ], [ 68.756499, 10.129544 ], [ 68.756309, 10.130425 ], [ 68.756116, 10.131305 ], [ 68.755925, 10.132185 ], [ 68.755733, 10.133064 ], [ 68.755182, 10.135621 ], [ 68.754089, 10.140738 ], [ 68.753548, 10.143297 ], [ 68.753363, 10.144178 ], [ 68.753179, 10.14506 ], [ 68.752995, 10.145945 ], [ 68.752808, 10.146827 ], [ 68.752624, 10.147709 ], [ 68.752439, 10.14859 ], [ 68.752254, 10.149475 ], [ 68.752049, 10.150451 ], [ 68.751388, 10.153414 ], [ 68.750147, 10.159079 ], [ 68.749958, 10.15996 ], [ 68.749769, 10.160841 ], [ 68.74958, 10.161725 ], [ 68.749391, 10.162606 ], [ 68.749202, 10.163485 ], [ 68.749013, 10.164367 ], [ 68.748824, 10.165248 ], [ 68.748635, 10.16613 ], [ 68.748446, 10.167012 ], [ 68.748257, 10.167893 ], [ 68.748068, 10.168773 ], [ 68.747879, 10.169655 ], [ 68.74769, 10.170536 ], [ 68.747501, 10.171419 ], [ 68.747312, 10.1723 ], [ 68.747123, 10.17318 ], [ 68.746934, 10.174061 ], [ 68.746745, 10.174943 ], [ 68.746555, 10.175825 ], [ 68.746366, 10.176706 ], [ 68.746178, 10.177586 ], [ 68.745988, 10.178468 ], [ 68.745799, 10.179349 ], [ 68.74561, 10.18023 ], [ 68.745421, 10.181113 ], [ 68.745232, 10.181995 ], [ 68.745043, 10.182874 ], [ 68.744854, 10.183755 ], [ 68.744665, 10.184637 ], [ 68.744476, 10.18552 ], [ 68.744287, 10.186401 ], [ 68.744098, 10.187281 ], [ 68.743909, 10.188162 ], [ 68.74372, 10.189043 ], [ 68.743531, 10.189926 ], [ 68.743341, 10.190808 ], [ 68.743153, 10.191688 ], [ 68.742964, 10.192569 ], [ 68.742775, 10.19345 ], [ 68.742586, 10.194331 ], [ 68.742396, 10.195214 ], [ 68.742207, 10.196096 ], [ 68.742018, 10.196975 ], [ 68.741829, 10.197856 ], [ 68.74164, 10.198738 ], [ 68.741451, 10.199619 ], [ 68.740463, 10.204306 ], [ 68.739808, 10.207461 ], [ 68.739571, 10.208547 ], [ 68.739379, 10.209428 ], [ 68.739188, 10.210309 ], [ 68.738996, 10.21119 ], [ 68.738804, 10.212071 ], [ 68.738612, 10.212952 ], [ 68.73842, 10.213833 ], [ 68.738228, 10.214714 ], [ 68.738037, 10.215593 ], [ 68.737846, 10.216471 ], [ 68.73758, 10.217698 ], [ 68.73705, 10.220151 ], [ 68.736787, 10.221377 ], [ 68.735737, 10.226286 ], [ 68.735476, 10.227513 ], [ 68.734956, 10.229968 ], [ 68.734697, 10.231195 ], [ 68.734511, 10.23208 ], [ 68.734326, 10.232963 ], [ 68.734141, 10.233842 ], [ 68.733956, 10.234725 ], [ 68.733771, 10.235606 ], [ 68.733564, 10.236593 ], [ 68.733174, 10.23836 ], [ 68.73188, 10.24426 ], [ 68.73124, 10.247211 ], [ 68.731051, 10.248092 ], [ 68.730862, 10.248973 ], [ 68.730673, 10.249854 ], [ 68.730484, 10.250736 ], [ 68.730294, 10.251618 ], [ 68.730105, 10.2525 ], [ 68.729916, 10.253379 ], [ 68.729727, 10.254261 ], [ 68.729538, 10.255142 ], [ 68.729349, 10.256025 ], [ 68.72916, 10.256906 ], [ 68.728971, 10.257786 ], [ 68.728782, 10.258668 ], [ 68.728592, 10.259549 ], [ 68.728403, 10.260432 ], [ 68.728214, 10.261313 ], [ 68.728025, 10.262193 ], [ 68.727836, 10.263074 ], [ 68.727647, 10.263955 ], [ 68.727458, 10.264837 ], [ 68.727268, 10.26572 ], [ 68.727079, 10.266601 ], [ 68.72689, 10.267481 ], [ 68.726701, 10.268362 ], [ 68.726512, 10.269243 ], [ 68.726376, 10.270145 ], [ 68.726279, 10.271074 ], [ 68.725994, 10.271818 ], [ 68.72576, 10.272591 ], [ 68.725415, 10.273643 ], [ 68.725222, 10.274452 ], [ 68.723085, 10.279688 ], [ 68.722838, 10.280352 ], [ 68.722344, 10.281681 ], [ 68.722097, 10.282345 ], [ 68.721585, 10.283724 ], [ 68.721183, 10.284831 ], [ 68.720875, 10.285675 ], [ 68.72034, 10.287143 ], [ 68.720106, 10.287784 ], [ 68.71984, 10.288517 ], [ 68.719483, 10.289506 ], [ 68.719149, 10.290423 ], [ 68.717766, 10.294299 ], [ 68.71744, 10.295215 ], [ 68.716787, 10.297048 ], [ 68.716462, 10.297964 ], [ 68.716131, 10.298802 ], [ 68.715826, 10.299653 ], [ 68.715556, 10.300515 ], [ 68.715126, 10.30184 ], [ 68.714837, 10.302644 ], [ 68.714558, 10.303369 ], [ 68.714202, 10.304334 ], [ 68.713884, 10.305179 ], [ 68.713596, 10.306034 ], [ 68.71334, 10.306901 ], [ 68.713, 10.307739 ], [ 68.712692, 10.308586 ], [ 68.71224, 10.309393 ], [ 68.711926, 10.310239 ], [ 68.711744, 10.310732 ], [ 68.711479, 10.311454 ], [ 68.710489, 10.314145 ], [ 68.710179, 10.314995 ], [ 68.709869, 10.315844 ], [ 68.709559, 10.316692 ], [ 68.709249, 10.31754 ], [ 68.708939, 10.318388 ], [ 68.707863, 10.321357 ], [ 68.707558, 10.322206 ], [ 68.707251, 10.323057 ], [ 68.706945, 10.323908 ], [ 68.70664, 10.324757 ], [ 68.706334, 10.325607 ], [ 68.706028, 10.326457 ], [ 68.705721, 10.327309 ], [ 68.705415, 10.32816 ], [ 68.70511, 10.329008 ], [ 68.704804, 10.329859 ], [ 68.704498, 10.330709 ], [ 68.704192, 10.331559 ], [ 68.703885, 10.332412 ], [ 68.703579, 10.333261 ], [ 68.703274, 10.334109 ], [ 68.702987, 10.334978 ], [ 68.702775, 10.335564 ], [ 68.701234, 10.339594 ], [ 68.700007, 10.342938 ], [ 68.699698, 10.343787 ], [ 68.699389, 10.344638 ], [ 68.69908, 10.345487 ], [ 68.698771, 10.346335 ], [ 68.698462, 10.347184 ], [ 68.698154, 10.348033 ], [ 68.697844, 10.348883 ], [ 68.697535, 10.349733 ], [ 68.697227, 10.350581 ], [ 68.696918, 10.35143 ], [ 68.696609, 10.352279 ], [ 68.6963, 10.353128 ], [ 68.69599, 10.353979 ], [ 68.695682, 10.354828 ], [ 68.695373, 10.355676 ], [ 68.695064, 10.356525 ], [ 68.694755, 10.357374 ], [ 68.694445, 10.358225 ], [ 68.694137, 10.359074 ], [ 68.693828, 10.359922 ], [ 68.693519, 10.36077 ], [ 68.69321, 10.36162 ], [ 68.692901, 10.362469 ], [ 68.692592, 10.36332 ], [ 68.692283, 10.364169 ], [ 68.691974, 10.365016 ], [ 68.691665, 10.365866 ], [ 68.691356, 10.366715 ], [ 68.691047, 10.367566 ], [ 68.690738, 10.368415 ], [ 68.690429, 10.369263 ], [ 68.69012, 10.370112 ], [ 68.689812, 10.37096 ], [ 68.689502, 10.37181 ], [ 68.689193, 10.372661 ], [ 68.688884, 10.37351 ], [ 68.688576, 10.374358 ], [ 68.688267, 10.375207 ], [ 68.687958, 10.376056 ], [ 68.687649, 10.376905 ], [ 68.687339, 10.377756 ], [ 68.68703, 10.378605 ], [ 68.686722, 10.379453 ], [ 68.686413, 10.380302 ], [ 68.686104, 10.381151 ], [ 68.685794, 10.382002 ], [ 68.685485, 10.38285 ], [ 68.685177, 10.383699 ], [ 68.684868, 10.384548 ], [ 68.684559, 10.385397 ], [ 68.68425, 10.386246 ], [ 68.68394, 10.387097 ], [ 68.683631, 10.387946 ], [ 68.683323, 10.388793 ], [ 68.683014, 10.389643 ], [ 68.682705, 10.390492 ], [ 68.682395, 10.391343 ], [ 68.682086, 10.392192 ], [ 68.681778, 10.39304 ], [ 68.681469, 10.393889 ], [ 68.68116, 10.394737 ], [ 68.680851, 10.395587 ], [ 68.680541, 10.396438 ], [ 68.680232, 10.397287 ], [ 68.679924, 10.398135 ], [ 68.679615, 10.398984 ], [ 68.679306, 10.399833 ], [ 68.678997, 10.400682 ], [ 68.678687, 10.401533 ], [ 68.678378, 10.402382 ], [ 68.67807, 10.40323 ], [ 68.677761, 10.404079 ], [ 68.677452, 10.404928 ], [ 68.677142, 10.405779 ], [ 68.676833, 10.406628 ], [ 68.676525, 10.407476 ], [ 68.676216, 10.408325 ], [ 68.675907, 10.409174 ], [ 68.675598, 10.410023 ], [ 68.675288, 10.410873 ], [ 68.674979, 10.411723 ], [ 68.674671, 10.412571 ], [ 68.674362, 10.41342 ], [ 68.674053, 10.414269 ], [ 68.673743, 10.41512 ], [ 68.673434, 10.415969 ], [ 68.673126, 10.416816 ], [ 68.672816, 10.417666 ], [ 68.672507, 10.418515 ], [ 68.672198, 10.419364 ], [ 68.671889, 10.420215 ], [ 68.67158, 10.421064 ], [ 68.671271, 10.421912 ], [ 68.670963, 10.42276 ], [ 68.670653, 10.42361 ], [ 68.670344, 10.424461 ], [ 68.670035, 10.42531 ], [ 68.669726, 10.426158 ], [ 68.669417, 10.427007 ], [ 68.669108, 10.427856 ], [ 68.668799, 10.428705 ], [ 68.66849, 10.429556 ], [ 68.668181, 10.430405 ], [ 68.667872, 10.431253 ], [ 68.667563, 10.432102 ], [ 68.667254, 10.432951 ], [ 68.666945, 10.4338 ], [ 68.666636, 10.434651 ], [ 68.666326, 10.4355 ], [ 68.666018, 10.436348 ], [ 68.665709, 10.437197 ], [ 68.6654, 10.438046 ], [ 68.66509, 10.438897 ], [ 68.664781, 10.439746 ], [ 68.664473, 10.440593 ], [ 68.664164, 10.441443 ], [ 68.663855, 10.442292 ], [ 68.663545, 10.443141 ], [ 68.663236, 10.443992 ], [ 68.662927, 10.444841 ], [ 68.662618, 10.445689 ], [ 68.662309, 10.446538 ], [ 68.662, 10.447387 ], [ 68.661691, 10.448238 ], [ 68.661382, 10.449087 ], [ 68.661073, 10.449935 ], [ 68.660764, 10.450784 ], [ 68.660455, 10.451633 ], [ 68.660146, 10.452483 ], [ 68.659836, 10.453333 ], [ 68.659527, 10.454182 ], [ 68.659219, 10.45503 ], [ 68.65891, 10.455879 ], [ 68.658601, 10.456728 ], [ 68.658292, 10.457578 ], [ 68.657982, 10.458428 ], [ 68.657673, 10.459278 ], [ 68.657364, 10.460125 ], [ 68.657055, 10.460975 ], [ 68.656746, 10.461824 ], [ 68.656437, 10.462674 ], [ 68.656128, 10.463524 ], [ 68.655819, 10.464371 ], [ 68.65551, 10.465221 ], [ 68.655201, 10.46607 ], [ 68.654892, 10.466919 ], [ 68.654582, 10.46777 ], [ 68.654273, 10.468618 ], [ 68.653965, 10.469467 ], [ 68.653656, 10.470316 ], [ 68.653346, 10.471165 ], [ 68.653037, 10.472016 ], [ 68.652728, 10.472865 ], [ 68.652419, 10.473713 ], [ 68.65211, 10.474561 ], [ 68.651801, 10.475411 ], [ 68.651492, 10.47626 ], [ 68.651182, 10.477111 ], [ 68.650873, 10.47796 ], [ 68.650565, 10.478808 ], [ 68.650256, 10.479657 ], [ 68.649947, 10.480506 ], [ 68.649637, 10.481357 ], [ 68.649328, 10.482206 ], [ 68.649019, 10.483054 ], [ 68.64871, 10.483903 ], [ 68.648401, 10.484752 ], [ 68.648092, 10.485601 ], [ 68.647783, 10.486451 ], [ 68.647473, 10.487301 ], [ 68.647165, 10.488149 ], [ 68.646856, 10.488998 ], [ 68.646547, 10.489847 ], [ 68.646238, 10.490696 ], [ 68.645928, 10.491547 ], [ 68.645619, 10.492396 ], [ 68.64531, 10.493244 ], [ 68.645001, 10.494093 ], [ 68.644692, 10.494943 ], [ 68.644382, 10.495793 ], [ 68.644074, 10.496642 ], [ 68.643765, 10.49749 ], [ 68.643456, 10.498339 ], [ 68.643147, 10.499189 ], [ 68.642837, 10.500038 ], [ 68.642528, 10.500888 ], [ 68.642219, 10.501738 ], [ 68.64191, 10.502585 ], [ 68.641601, 10.503435 ], [ 68.641292, 10.504284 ], [ 68.640982, 10.505135 ], [ 68.640673, 10.505984 ], [ 68.640365, 10.506831 ], [ 68.640055, 10.507681 ], [ 68.639747, 10.508529 ], [ 68.639437, 10.509379 ], [ 68.639128, 10.51023 ], [ 68.638819, 10.511079 ], [ 68.63851, 10.511927 ], [ 68.638201, 10.512776 ], [ 68.637892, 10.513625 ], [ 68.637583, 10.514474 ], [ 68.637273, 10.515325 ], [ 68.636964, 10.516174 ], [ 68.636655, 10.517022 ], [ 68.636346, 10.517871 ], [ 68.636037, 10.51872 ], [ 68.635727, 10.519571 ], [ 68.635418, 10.52042 ], [ 68.63511, 10.521268 ], [ 68.634801, 10.522117 ], [ 68.634491, 10.522966 ], [ 68.634182, 10.523816 ], [ 68.633873, 10.524666 ], [ 68.633563, 10.525516 ], [ 68.633255, 10.526363 ], [ 68.632946, 10.527213 ], [ 68.632637, 10.528062 ], [ 68.632327, 10.528912 ], [ 68.632018, 10.529762 ], [ 68.631709, 10.530609 ], [ 68.6314, 10.531459 ], [ 68.631091, 10.532308 ], [ 68.630782, 10.533157 ], [ 68.630472, 10.534008 ], [ 68.630163, 10.534856 ], [ 68.629287, 10.537422 ], [ 68.627953, 10.541028 ], [ 68.627562, 10.542087 ], [ 68.626783, 10.544205 ], [ 68.626394, 10.545265 ], [ 68.626192, 10.545817 ], [ 68.625971, 10.546421 ], [ 68.62566, 10.547269 ], [ 68.625349, 10.548119 ], [ 68.625038, 10.548968 ], [ 68.624727, 10.549817 ], [ 68.624416, 10.550665 ], [ 68.624106, 10.551512 ], [ 68.623797, 10.552357 ], [ 68.623488, 10.553201 ], [ 68.622872, 10.554889 ], [ 68.622565, 10.555734 ], [ 68.621338, 10.559112 ], [ 68.621032, 10.559956 ], [ 68.62042, 10.561646 ], [ 68.620115, 10.562492 ], [ 68.61981, 10.56334 ], [ 68.619502, 10.564193 ], [ 68.619196, 10.565043 ], [ 68.618891, 10.565891 ], [ 68.618585, 10.566741 ], [ 68.618278, 10.567592 ], [ 68.617971, 10.568445 ], [ 68.617664, 10.569295 ], [ 68.617359, 10.570143 ], [ 68.617053, 10.570994 ], [ 68.616746, 10.571845 ], [ 68.61644, 10.572693 ], [ 68.616128, 10.573561 ], [ 68.615719, 10.574695 ], [ 68.615303, 10.575851 ], [ 68.614993, 10.576715 ], [ 68.614379, 10.578429 ], [ 68.613857, 10.579891 ], [ 68.613596, 10.580598 ], [ 68.61328, 10.581447 ], [ 68.612964, 10.582296 ], [ 68.612626, 10.583209 ], [ 68.61186, 10.585287 ], [ 68.609667, 10.591272 ], [ 68.608577, 10.594268 ], [ 68.60832, 10.59498 ], [ 68.607914, 10.596109 ], [ 68.607103, 10.598367 ], [ 68.606722, 10.59943 ], [ 68.60645, 10.600168 ], [ 68.605663, 10.602313 ], [ 68.605353, 10.603163 ], [ 68.604996, 10.60414 ], [ 68.604619, 10.605174 ], [ 68.603967, 10.606969 ], [ 68.602601, 10.610751 ], [ 68.601958, 10.612461 ], [ 68.601191, 10.614545 ], [ 68.598686, 10.621379 ], [ 68.597443, 10.6248 ], [ 68.597136, 10.625651 ], [ 68.59677, 10.626667 ], [ 68.59561, 10.629808 ], [ 68.595049, 10.631334 ], [ 68.593928, 10.634388 ], [ 68.59337, 10.635915 ], [ 68.593061, 10.636763 ], [ 68.592752, 10.637612 ], [ 68.592442, 10.638463 ], [ 68.592133, 10.639312 ], [ 68.591824, 10.640159 ], [ 68.591515, 10.641009 ], [ 68.591206, 10.641858 ], [ 68.590896, 10.642709 ], [ 68.590587, 10.643558 ], [ 68.590278, 10.644406 ], [ 68.589969, 10.645255 ], [ 68.58966, 10.646104 ], [ 68.58935, 10.646954 ], [ 68.589041, 10.647804 ], [ 68.588731, 10.648654 ], [ 68.588423, 10.649501 ], [ 68.588113, 10.650351 ], [ 68.587804, 10.6512 ], [ 68.587495, 10.652049 ], [ 68.587185, 10.6529 ], [ 68.586876, 10.653749 ], [ 68.586567, 10.654597 ], [ 68.586364, 10.655501 ], [ 68.58605, 10.656339 ], [ 68.585787, 10.657203 ], [ 68.583832, 10.662426 ], [ 68.583161, 10.664237 ], [ 68.5828, 10.665189 ], [ 68.582483, 10.666035 ], [ 68.582165, 10.666882 ], [ 68.581849, 10.667729 ], [ 68.581529, 10.668575 ], [ 68.581274, 10.669266 ], [ 68.580906, 10.67027 ], [ 68.580594, 10.671119 ], [ 68.580289, 10.671971 ], [ 68.580065, 10.672585 ], [ 68.579577, 10.673925 ], [ 68.579243, 10.674846 ], [ 68.578552, 10.676751 ], [ 68.57823, 10.677595 ], [ 68.577922, 10.678444 ], [ 68.577613, 10.679294 ], [ 68.577304, 10.680145 ], [ 68.577014, 10.681001 ], [ 68.576368, 10.682794 ], [ 68.575951, 10.68399 ], [ 68.575628, 10.684833 ], [ 68.575328, 10.685687 ], [ 68.575028, 10.686539 ], [ 68.574768, 10.687405 ], [ 68.574417, 10.688241 ], [ 68.574154, 10.689106 ], [ 68.57383, 10.689948 ], [ 68.573517, 10.690795 ], [ 68.573263, 10.691661 ], [ 68.572948, 10.692511 ], [ 68.572669, 10.693366 ], [ 68.572201, 10.694169 ], [ 68.571894, 10.69502 ], [ 68.571588, 10.69587 ], [ 68.571282, 10.69672 ], [ 68.570999, 10.697577 ], [ 68.570793, 10.698147 ], [ 68.569266, 10.702134 ], [ 68.56801, 10.705554 ], [ 68.567701, 10.706401 ], [ 68.567392, 10.707251 ], [ 68.567083, 10.708099 ], [ 68.566773, 10.708949 ], [ 68.566463, 10.7098 ], [ 68.566154, 10.710649 ], [ 68.565845, 10.711497 ], [ 68.565536, 10.712346 ], [ 68.565227, 10.713195 ], [ 68.564917, 10.714046 ], [ 68.564607, 10.714895 ], [ 68.564299, 10.715743 ], [ 68.563989, 10.716592 ], [ 68.56368, 10.717442 ], [ 68.563371, 10.718291 ], [ 68.563061, 10.719142 ], [ 68.562752, 10.71999 ], [ 68.562443, 10.720839 ], [ 68.562133, 10.721688 ], [ 68.561824, 10.722537 ], [ 68.561514, 10.723388 ], [ 68.561205, 10.724237 ], [ 68.560896, 10.725085 ], [ 68.560587, 10.725934 ], [ 68.560277, 10.726784 ], [ 68.559968, 10.727633 ], [ 68.559658, 10.728484 ], [ 68.559349, 10.729333 ], [ 68.55904, 10.730181 ], [ 68.558731, 10.73103 ], [ 68.558422, 10.731879 ], [ 68.558112, 10.732728 ], [ 68.557802, 10.733579 ], [ 68.557493, 10.734428 ], [ 68.557184, 10.735276 ], [ 68.556875, 10.736125 ], [ 68.556566, 10.736975 ], [ 68.556256, 10.737826 ], [ 68.555946, 10.738675 ], [ 68.555638, 10.739523 ], [ 68.555328, 10.740372 ], [ 68.555019, 10.741221 ], [ 68.55471, 10.74207 ], [ 68.5544, 10.742921 ], [ 68.55409, 10.74377 ], [ 68.553781, 10.744618 ], [ 68.553472, 10.745467 ], [ 68.553163, 10.746317 ], [ 68.552853, 10.747167 ], [ 68.552544, 10.748016 ], [ 68.552235, 10.748865 ], [ 68.551925, 10.749714 ], [ 68.551616, 10.750563 ], [ 68.551307, 10.751412 ], [ 68.550997, 10.752263 ], [ 68.550687, 10.753112 ], [ 68.550379, 10.75396 ], [ 68.550069, 10.754809 ], [ 68.54976, 10.755659 ], [ 68.549452, 10.756505 ], [ 68.54896, 10.757861 ], [ 68.547978, 10.760574 ], [ 68.547489, 10.76193 ], [ 68.545537, 10.76736 ], [ 68.545051, 10.768718 ], [ 68.544082, 10.771434 ], [ 68.543598, 10.772792 ], [ 68.539742, 10.783669 ], [ 68.539262, 10.785027 ], [ 68.538305, 10.787747 ], [ 68.537827, 10.789107 ], [ 68.535923, 10.794552 ], [ 68.535449, 10.795913 ], [ 68.534504, 10.798636 ], [ 68.534033, 10.799997 ], [ 68.526508, 10.821814 ], [ 68.52604, 10.823175 ], [ 68.525106, 10.825902 ], [ 68.524641, 10.827266 ], [ 68.522784, 10.832727 ], [ 68.522321, 10.834092 ], [ 68.521398, 10.836823 ], [ 68.520939, 10.838189 ], [ 68.517271, 10.849129 ], [ 68.516814, 10.850496 ], [ 68.515903, 10.853232 ], [ 68.515449, 10.8546 ], [ 68.513639, 10.860078 ], [ 68.513188, 10.861448 ], [ 68.512288, 10.864189 ], [ 68.51184, 10.865559 ], [ 68.511561, 10.866416 ], [ 68.511282, 10.867274 ], [ 68.511002, 10.868133 ], [ 68.510721, 10.868994 ], [ 68.510442, 10.869853 ], [ 68.510162, 10.87071 ], [ 68.509882, 10.87157 ], [ 68.509602, 10.87243 ], [ 68.509323, 10.873288 ], [ 68.509043, 10.874147 ], [ 68.508762, 10.875008 ], [ 68.508483, 10.875865 ], [ 68.508203, 10.876725 ], [ 68.507923, 10.877585 ], [ 68.507643, 10.878444 ], [ 68.507363, 10.879302 ], [ 68.507084, 10.880161 ], [ 68.506803, 10.881022 ], [ 68.506524, 10.881879 ], [ 68.506244, 10.882739 ], [ 68.505964, 10.883599 ], [ 68.505684, 10.884458 ], [ 68.505404, 10.885316 ], [ 68.505124, 10.886175 ], [ 68.504844, 10.887036 ], [ 68.504565, 10.887894 ], [ 68.504285, 10.888753 ], [ 68.504004, 10.889613 ], [ 68.503725, 10.890471 ], [ 68.503445, 10.89133 ], [ 68.503165, 10.892191 ], [ 68.502885, 10.89305 ], [ 68.502605, 10.893908 ], [ 68.502326, 10.894767 ], [ 68.502045, 10.895628 ], [ 68.501766, 10.896485 ], [ 68.501486, 10.897344 ], [ 68.501205, 10.898205 ], [ 68.500926, 10.899063 ], [ 68.500646, 10.899922 ], [ 68.500366, 10.900783 ], [ 68.500086, 10.901641 ], [ 68.499807, 10.902499 ], [ 68.499527, 10.903359 ], [ 68.499246, 10.904219 ], [ 68.498967, 10.905077 ], [ 68.498687, 10.905936 ], [ 68.498406, 10.906797 ], [ 68.498127, 10.907656 ], [ 68.497847, 10.908514 ], [ 68.497567, 10.909373 ], [ 68.497287, 10.910233 ], [ 68.497007, 10.911091 ], [ 68.496728, 10.91195 ], [ 68.496447, 10.912811 ], [ 68.496168, 10.913669 ], [ 68.495888, 10.914528 ], [ 68.495607, 10.915388 ], [ 68.495328, 10.916248 ], [ 68.495048, 10.917105 ], [ 68.494768, 10.917964 ], [ 68.494488, 10.918825 ], [ 68.494208, 10.919683 ], [ 68.493928, 10.920542 ], [ 68.493648, 10.921403 ], [ 68.493369, 10.92226 ], [ 68.493089, 10.923119 ], [ 68.492808, 10.92398 ], [ 68.492528, 10.924839 ], [ 68.492249, 10.925697 ], [ 68.491969, 10.926556 ], [ 68.491689, 10.927417 ], [ 68.491409, 10.928275 ], [ 68.491129, 10.929134 ], [ 68.490849, 10.929994 ], [ 68.490569, 10.930854 ], [ 68.490289, 10.931711 ], [ 68.49001, 10.93257 ], [ 68.489729, 10.933431 ], [ 68.48945, 10.934289 ], [ 68.48917, 10.935148 ], [ 68.488889, 10.936009 ], [ 68.48861, 10.936866 ], [ 68.48833, 10.937725 ], [ 68.48805, 10.938586 ], [ 68.48777, 10.939445 ], [ 68.48749, 10.940303 ], [ 68.48721, 10.941162 ], [ 68.48693, 10.942023 ], [ 68.48665, 10.94288 ], [ 68.48637, 10.94374 ], [ 68.48609, 10.9446 ], [ 68.485811, 10.945458 ], [ 68.485531, 10.946317 ], [ 68.48525, 10.947178 ], [ 68.48497, 10.948037 ], [ 68.484691, 10.948894 ], [ 68.484411, 10.949753 ], [ 68.48413, 10.950615 ], [ 68.483851, 10.951472 ], [ 68.483571, 10.952331 ], [ 68.483291, 10.953192 ], [ 68.483011, 10.954049 ], [ 68.482604, 10.955302 ], [ 68.481793, 10.957809 ], [ 68.481389, 10.959063 ], [ 68.479776, 10.96408 ], [ 68.479374, 10.965334 ], [ 68.478573, 10.967844 ], [ 68.478173, 10.969098 ], [ 68.474987, 10.979146 ], [ 68.47459, 10.9804 ], [ 68.473799, 10.982912 ], [ 68.473405, 10.984169 ], [ 68.471832, 10.989197 ], [ 68.47144, 10.990453 ], [ 68.470659, 10.992968 ], [ 68.47027, 10.994224 ], [ 68.464056, 11.014367 ], [ 68.463285, 11.016884 ], [ 68.461752, 11.021923 ], [ 68.460991, 11.024444 ], [ 68.457963, 11.034538 ], [ 68.457212, 11.037061 ], [ 68.455719, 11.042113 ], [ 68.454977, 11.044639 ], [ 68.449082, 11.064875 ], [ 68.448351, 11.067403 ], [ 68.446897, 11.072466 ], [ 68.446176, 11.074998 ], [ 68.443308, 11.085138 ], [ 68.442597, 11.087672 ], [ 68.441183, 11.092746 ], [ 68.440482, 11.095283 ], [ 68.434906, 11.115608 ], [ 68.434215, 11.118147 ], [ 68.432842, 11.123232 ], [ 68.43216, 11.125775 ], [ 68.429453, 11.135957 ], [ 68.428782, 11.138503 ], [ 68.427449, 11.143598 ], [ 68.426788, 11.146145 ], [ 68.421534, 11.166554 ], [ 68.420883, 11.169104 ], [ 68.41959, 11.174209 ], [ 68.418949, 11.176762 ], [ 68.416403, 11.186985 ], [ 68.415772, 11.18954 ], [ 68.414519, 11.194655 ], [ 68.413899, 11.197213 ], [ 68.408968, 11.2177 ], [ 68.408357, 11.220259 ], [ 68.407145, 11.225384 ], [ 68.406545, 11.227946 ], [ 68.404161, 11.238208 ], [ 68.40357, 11.240773 ], [ 68.402399, 11.245906 ], [ 68.401818, 11.248473 ], [ 68.397212, 11.269033 ], [ 68.396642, 11.271602 ], [ 68.395511, 11.276745 ], [ 68.394951, 11.279316 ], [ 68.39273, 11.289613 ], [ 68.39218, 11.292187 ], [ 68.39109, 11.297338 ], [ 68.39055, 11.299913 ], [ 68.38627, 11.320542 ], [ 68.385963, 11.322027 ], [ 68.385353, 11.325001 ], [ 68.38505, 11.326488 ], [ 68.383843, 11.332441 ], [ 68.383543, 11.333929 ], [ 68.382946, 11.336906 ], [ 68.38265, 11.338394 ], [ 68.38029, 11.350313 ], [ 68.37992, 11.352195 ], [ 68.379186, 11.355962 ], [ 68.378821, 11.357845 ], [ 68.377374, 11.365383 ], [ 68.376957, 11.367574 ], [ 68.37613, 11.371958 ], [ 68.375721, 11.374151 ], [ 68.375465, 11.375529 ], [ 68.375295, 11.37645 ], [ 68.374205, 11.382374 ], [ 68.374064, 11.383141 ], [ 68.373839, 11.384372 ], [ 68.373724, 11.385 ], [ 68.373215, 11.3878 ], [ 68.373108, 11.38839 ], [ 68.372835, 11.389899 ], [ 68.372709, 11.390597 ], [ 68.370123, 11.404989 ], [ 68.369803, 11.406786 ], [ 68.369166, 11.410385 ], [ 68.368851, 11.412184 ], [ 68.367597, 11.419385 ], [ 68.367287, 11.421185 ], [ 68.36667, 11.424787 ], [ 68.366365, 11.426587 ], [ 68.363937, 11.441005 ], [ 68.363636, 11.442806 ], [ 68.363039, 11.446411 ], [ 68.362744, 11.448213 ], [ 68.36157, 11.455428 ], [ 68.361279, 11.457231 ], [ 68.360702, 11.460839 ], [ 68.360416, 11.462642 ], [ 68.358147, 11.477086 ], [ 68.357866, 11.47889 ], [ 68.357309, 11.482501 ], [ 68.357033, 11.484306 ], [ 68.355938, 11.491533 ], [ 68.355667, 11.493339 ], [ 68.35513, 11.496953 ], [ 68.354864, 11.498759 ], [ 68.352754, 11.513226 ], [ 68.352493, 11.515033 ], [ 68.351976, 11.51865 ], [ 68.35172, 11.520458 ], [ 68.350705, 11.527696 ], [ 68.350454, 11.529505 ], [ 68.349956, 11.533125 ], [ 68.34971, 11.534934 ], [ 68.347759, 11.549422 ], [ 68.347518, 11.551232 ], [ 68.347041, 11.554854 ], [ 68.346805, 11.556665 ], [ 68.345869, 11.563913 ], [ 68.345638, 11.565725 ], [ 68.345181, 11.56935 ], [ 68.344954, 11.571161 ], [ 68.343164, 11.58567 ], [ 68.342942, 11.587482 ], [ 68.342505, 11.591109 ], [ 68.342289, 11.592922 ], [ 68.341433, 11.60018 ], [ 68.341222, 11.601994 ], [ 68.340804, 11.605623 ], [ 68.340598, 11.607437 ], [ 68.338967, 11.621964 ], [ 68.338766, 11.623779 ], [ 68.338368, 11.62741 ], [ 68.338172, 11.629225 ], [ 68.337397, 11.636492 ], [ 68.337205, 11.638308 ], [ 68.336828, 11.641942 ], [ 68.336642, 11.643758 ], [ 68.335171, 11.658301 ], [ 68.33499, 11.660118 ], [ 68.334632, 11.663753 ], [ 68.334456, 11.665571 ], [ 68.333761, 11.672845 ], [ 68.333589, 11.674663 ], [ 68.333252, 11.678301 ], [ 68.333086, 11.680119 ], [ 68.331775, 11.694677 ], [ 68.331614, 11.696495 ], [ 68.331297, 11.700134 ], [ 68.33114, 11.701954 ], [ 68.330525, 11.709235 ], [ 68.330374, 11.711055 ], [ 68.330077, 11.714696 ], [ 68.329931, 11.716515 ], [ 68.328781, 11.731087 ], [ 68.32864, 11.732907 ], [ 68.328363, 11.736549 ], [ 68.328226, 11.73837 ], [ 68.327692, 11.745658 ], [ 68.327561, 11.747479 ], [ 68.327303, 11.751122 ], [ 68.327177, 11.752943 ], [ 68.326188, 11.767526 ], [ 68.326067, 11.769348 ], [ 68.32583, 11.772993 ], [ 68.325714, 11.774815 ], [ 68.32526, 11.782108 ], [ 68.325149, 11.78393 ], [ 68.324932, 11.787577 ], [ 68.324826, 11.789399 ], [ 68.323998, 11.803992 ], [ 68.323897, 11.805814 ], [ 68.3237, 11.809461 ], [ 68.323605, 11.811285 ], [ 68.323231, 11.818582 ], [ 68.32314, 11.820406 ], [ 68.322963, 11.824054 ], [ 68.322877, 11.825877 ], [ 68.322211, 11.840478 ], [ 68.32213, 11.842302 ], [ 68.321973, 11.845951 ], [ 68.321897, 11.847775 ], [ 68.321604, 11.855076 ], [ 68.321534, 11.8569 ], [ 68.321397, 11.86055 ], [ 68.321332, 11.862374 ], [ 68.320826, 11.876981 ], [ 68.320765, 11.878806 ], [ 68.320649, 11.882456 ], [ 68.320594, 11.884281 ], [ 68.320381, 11.891585 ], [ 68.320331, 11.89341 ], [ 68.320234, 11.897061 ], [ 68.320189, 11.898886 ], [ 68.319845, 11.913497 ], [ 68.319819, 11.914615 ], [ 68.319771, 11.916852 ], [ 68.319747, 11.917971 ], [ 68.319657, 11.922448 ], [ 68.319635, 11.923566 ], [ 68.319594, 11.925804 ], [ 68.319574, 11.926922 ], [ 68.319424, 11.935879 ], [ 68.3194, 11.93741 ], [ 68.319356, 11.940473 ], [ 68.319335, 11.942004 ], [ 68.319261, 11.948132 ], [ 68.319241, 11.949959 ], [ 68.319207, 11.953612 ], [ 68.319192, 11.955439 ], [ 68.319184, 11.956766 ], [ 68.319178, 11.957654 ], [ 68.319144, 11.963699 ], [ 68.31914, 11.964491 ], [ 68.319134, 11.965669 ], [ 68.319132, 11.966281 ], [ 68.319122, 11.969109 ], [ 68.31912, 11.969816 ], [ 68.319116, 11.97123 ], [ 68.319115, 11.971934 ], [ 68.319094, 11.98655 ], [ 68.319094, 11.988375 ], [ 68.319098, 11.992027 ], [ 68.319103, 11.993853 ], [ 68.319133, 12.00116 ], [ 68.319143, 12.002985 ], [ 68.319168, 12.006638 ], [ 68.319183, 12.008463 ], [ 68.319324, 12.023077 ], [ 68.319344, 12.024902 ], [ 68.319389, 12.028555 ], [ 68.319414, 12.03038 ], [ 68.319525, 12.037686 ], [ 68.319555, 12.039511 ], [ 68.319621, 12.043163 ], [ 68.319656, 12.044988 ], [ 68.319959, 12.0596 ], [ 68.319999, 12.061425 ], [ 68.320085, 12.065077 ], [ 68.32013, 12.066902 ], [ 68.320321, 12.074206 ], [ 68.320372, 12.076031 ], [ 68.320478, 12.079682 ], [ 68.320533, 12.081506 ], [ 68.320997, 12.096114 ], [ 68.321058, 12.097939 ], [ 68.321184, 12.101589 ], [ 68.32125, 12.103413 ], [ 68.321522, 12.110715 ], [ 68.321593, 12.112539 ], [ 68.321739, 12.116189 ], [ 68.321815, 12.118013 ], [ 68.322441, 12.132615 ], [ 68.322521, 12.134438 ], [ 68.322688, 12.138087 ], [ 68.322774, 12.139911 ], [ 68.323127, 12.147209 ], [ 68.323218, 12.149033 ], [ 68.323404, 12.15268 ], [ 68.3235, 12.154503 ], [ 68.324288, 12.169098 ], [ 68.324389, 12.17092 ], [ 68.324596, 12.174567 ], [ 68.324702, 12.176389 ], [ 68.325136, 12.183684 ], [ 68.325247, 12.185506 ], [ 68.325474, 12.189152 ], [ 68.32559, 12.190973 ], [ 68.32654, 12.205558 ], [ 68.326661, 12.20738 ], [ 68.326908, 12.211024 ], [ 68.327034, 12.212845 ], [ 68.32755, 12.220134 ], [ 68.327681, 12.221955 ], [ 68.327948, 12.225598 ], [ 68.328085, 12.227419 ], [ 68.329196, 12.241993 ], [ 68.329337, 12.243813 ], [ 68.329625, 12.247454 ], [ 68.329771, 12.249274 ], [ 68.330367, 12.256557 ], [ 68.330518, 12.258377 ], [ 68.330826, 12.262016 ], [ 68.330983, 12.263835 ], [ 68.332256, 12.278396 ], [ 68.332417, 12.280214 ], [ 68.332745, 12.283853 ], [ 68.332912, 12.285671 ], [ 68.333589, 12.292947 ], [ 68.33376, 12.294765 ], [ 68.334108, 12.298401 ], [ 68.334285, 12.300218 ], [ 68.335719, 12.314765 ], [ 68.335901, 12.316581 ], [ 68.33627, 12.320215 ], [ 68.336456, 12.322032 ], [ 68.337214, 12.3293 ], [ 68.337405, 12.331116 ], [ 68.337794, 12.334749 ], [ 68.337991, 12.336563 ], [ 68.339587, 12.351094 ], [ 68.339788, 12.352908 ], [ 68.340197, 12.356538 ], [ 68.340404, 12.358353 ], [ 68.341242, 12.365613 ], [ 68.341454, 12.367426 ], [ 68.341883, 12.371054 ], [ 68.3421, 12.372867 ], [ 68.343857, 12.387379 ], [ 68.344079, 12.389191 ], [ 68.344528, 12.392817 ], [ 68.344755, 12.394629 ], [ 68.345674, 12.401879 ], [ 68.345906, 12.403691 ], [ 68.346376, 12.407314 ], [ 68.346613, 12.409124 ], [ 68.348531, 12.423617 ], [ 68.348773, 12.425426 ], [ 68.349262, 12.429047 ], [ 68.34951, 12.430856 ], [ 68.350509, 12.438096 ], [ 68.350761, 12.439905 ], [ 68.351271, 12.443523 ], [ 68.351528, 12.44533 ], [ 68.353607, 12.459802 ], [ 68.353869, 12.461609 ], [ 68.354399, 12.465224 ], [ 68.354666, 12.46703 ], [ 68.355746, 12.474259 ], [ 68.356018, 12.476065 ], [ 68.356568, 12.479677 ], [ 68.356845, 12.481482 ], [ 68.359085, 12.49593 ], [ 68.359257, 12.497033 ], [ 68.359603, 12.499241 ], [ 68.359777, 12.500344 ], [ 68.360477, 12.50476 ], [ 68.360653, 12.505863 ], [ 68.361007, 12.50807 ], [ 68.361185, 12.509173 ], [ 68.362615, 12.518002 ], [ 68.362872, 12.519577 ], [ 68.363528, 12.522709 ], [ 68.363788, 12.524283 ], [ 68.364624, 12.529783 ], [ 68.364756, 12.530581 ], [ 68.365035, 12.532269 ], [ 68.365597, 12.535645 ], [ 68.365878, 12.537332 ], [ 68.366633, 12.541838 ], [ 68.366724, 12.542376 ], [ 68.366905, 12.543453 ], [ 68.366996, 12.543992 ], [ 68.367337, 12.545941 ], [ 68.367475, 12.546702 ], [ 68.367661, 12.547723 ], [ 68.367754, 12.548234 ], [ 68.369901, 12.560028 ], [ 68.370011, 12.560604 ], [ 68.370165, 12.561395 ], [ 68.370721, 12.564313 ], [ 68.370991, 12.565773 ], [ 68.371894, 12.571661 ], [ 68.37216, 12.573124 ], [ 68.372694, 12.576048 ], [ 68.372963, 12.57751 ], [ 68.375129, 12.589209 ], [ 68.375401, 12.59067 ], [ 68.375949, 12.593592 ], [ 68.376224, 12.595053 ], [ 68.377333, 12.600897 ], [ 68.377612, 12.602357 ], [ 68.378173, 12.605277 ], [ 68.378455, 12.606735 ], [ 68.380727, 12.618415 ], [ 68.381012, 12.619873 ], [ 68.381586, 12.622791 ], [ 68.381875, 12.624249 ], [ 68.383037, 12.630083 ], [ 68.383329, 12.631541 ], [ 68.383917, 12.634456 ], [ 68.384212, 12.635912 ], [ 68.386589, 12.647571 ], [ 68.386888, 12.649027 ], [ 68.387489, 12.65194 ], [ 68.38779, 12.653395 ], [ 68.389005, 12.659219 ], [ 68.389311, 12.660674 ], [ 68.389925, 12.663583 ], [ 68.390233, 12.665037 ], [ 68.392716, 12.676675 ], [ 68.393028, 12.678128 ], [ 68.393655, 12.681035 ], [ 68.39397, 12.682488 ], [ 68.395238, 12.688301 ], [ 68.395556, 12.689753 ], [ 68.396196, 12.692657 ], [ 68.396518, 12.694108 ], [ 68.399107, 12.705724 ], [ 68.399431, 12.707175 ], [ 68.400085, 12.710076 ], [ 68.400413, 12.711526 ], [ 68.401734, 12.717328 ], [ 68.402065, 12.718777 ], [ 68.402732, 12.721676 ], [ 68.403067, 12.723124 ], [ 68.405761, 12.734717 ], [ 68.406099, 12.736164 ], [ 68.406778, 12.73906 ], [ 68.40712, 12.740507 ], [ 68.408493, 12.746297 ], [ 68.408838, 12.747743 ], [ 68.40953, 12.750636 ], [ 68.409878, 12.752081 ], [ 68.412677, 12.76365 ], [ 68.413029, 12.765094 ], [ 68.413735, 12.767984 ], [ 68.414089, 12.769428 ], [ 68.415515, 12.775205 ], [ 68.415873, 12.776649 ], [ 68.416592, 12.779535 ], [ 68.416953, 12.780977 ], [ 68.419857, 12.792521 ], [ 68.420221, 12.793962 ], [ 68.420953, 12.796846 ], [ 68.421321, 12.798287 ], [ 68.422799, 12.804052 ], [ 68.42317, 12.805492 ], [ 68.423915, 12.808372 ], [ 68.424289, 12.80981 ], [ 68.427298, 12.821329 ], [ 68.427676, 12.822767 ], [ 68.428434, 12.825644 ], [ 68.428815, 12.827081 ], [ 68.430345, 12.832833 ], [ 68.430729, 12.83427 ], [ 68.431501, 12.837143 ], [ 68.431888, 12.838579 ], [ 68.435001, 12.85007 ], [ 68.435392, 12.851505 ], [ 68.436176, 12.854375 ], [ 68.43657, 12.855809 ], [ 68.438152, 12.861547 ], [ 68.43855, 12.862981 ], [ 68.439347, 12.865847 ], [ 68.439747, 12.867279 ], [ 68.442965, 12.878743 ], [ 68.443369, 12.880175 ], [ 68.444179, 12.883038 ], [ 68.444586, 12.884468 ], [ 68.446221, 12.890193 ], [ 68.446631, 12.891622 ], [ 68.447454, 12.894482 ], [ 68.447868, 12.89591 ], [ 68.451189, 12.907346 ], [ 68.451606, 12.908773 ], [ 68.452443, 12.911629 ], [ 68.452862, 12.913056 ], [ 68.454549, 12.918766 ], [ 68.454972, 12.920192 ], [ 68.455822, 12.923044 ], [ 68.456248, 12.924469 ], [ 68.459674, 12.935875 ], [ 68.460103, 12.937299 ], [ 68.460966, 12.940148 ], [ 68.461399, 12.941571 ], [ 68.463137, 12.947266 ], [ 68.463573, 12.948688 ], [ 68.464449, 12.951533 ], [ 68.464888, 12.952954 ], [ 68.468417, 12.96433 ], [ 68.468638, 12.965039 ], [ 68.46908, 12.966459 ], [ 68.469302, 12.967169 ], [ 68.470191, 12.97001 ], [ 68.470413, 12.97072 ], [ 68.470859, 12.97214 ], [ 68.471082, 12.972849 ], [ 68.472873, 12.978529 ], [ 68.473097, 12.979239 ], [ 68.473546, 12.980658 ], [ 68.473771, 12.981367 ], [ 68.474673, 12.984205 ], [ 68.474898, 12.984914 ], [ 68.475351, 12.986332 ], [ 68.475577, 12.987042 ], [ 68.47585, 12.987894 ], [ 68.476121, 12.98874 ], [ 68.476393, 12.989587 ], [ 68.476665, 12.990437 ], [ 68.47757, 12.993242 ], [ 68.479393, 12.998847 ], [ 68.480057, 13.000861 ], [ 68.480945, 13.00367 ], [ 68.481281, 13.004729 ], [ 68.481426, 13.005185 ], [ 68.481717, 13.006106 ], [ 68.483713, 13.012309 ], [ 68.486229, 13.019995 ], [ 68.48732, 13.023509 ], [ 68.487748, 13.024881 ], [ 68.488606, 13.027623 ], [ 68.489037, 13.028994 ], [ 68.489306, 13.029846 ], [ 68.489574, 13.030696 ], [ 68.489842, 13.031548 ], [ 68.490709, 13.034275 ], [ 68.492178, 13.038863 ], [ 68.492377, 13.039483 ], [ 68.492624, 13.040252 ], [ 68.493325, 13.042423 ], [ 68.494321, 13.045486 ], [ 68.494583, 13.04629 ], [ 68.494893, 13.047243 ], [ 68.495168, 13.048089 ], [ 68.495444, 13.048936 ], [ 68.495719, 13.049782 ], [ 68.495994, 13.050628 ], [ 68.49627, 13.051475 ], [ 68.496487, 13.052143 ], [ 68.497753, 13.056215 ], [ 68.499452, 13.061604 ], [ 68.499725, 13.062455 ], [ 68.499996, 13.0633 ], [ 68.500267, 13.064149 ], [ 68.500538, 13.064995 ], [ 68.500809, 13.065842 ], [ 68.501081, 13.066689 ], [ 68.501352, 13.067537 ], [ 68.504143, 13.075944 ], [ 68.504296, 13.076439 ], [ 68.504719, 13.077801 ], [ 68.504931, 13.078482 ], [ 68.505231, 13.079444 ], [ 68.50691, 13.084805 ], [ 68.507182, 13.085658 ], [ 68.507943, 13.088024 ], [ 68.508109, 13.088538 ], [ 68.508648, 13.090211 ], [ 68.50881, 13.090712 ], [ 68.51011, 13.094736 ], [ 68.510272, 13.095237 ], [ 68.510924, 13.097248 ], [ 68.511087, 13.097749 ], [ 68.512522, 13.102167 ], [ 68.513575, 13.105347 ], [ 68.515481, 13.111644 ], [ 68.516366, 13.114433 ], [ 68.516811, 13.115827 ], [ 68.517083, 13.116677 ], [ 68.517355, 13.117525 ], [ 68.517626, 13.118372 ], [ 68.517897, 13.11922 ], [ 68.518168, 13.120065 ], [ 68.518439, 13.120913 ], [ 68.51871, 13.12176 ], [ 68.518982, 13.122609 ], [ 68.519253, 13.123456 ], [ 68.519524, 13.124303 ], [ 68.519795, 13.12515 ], [ 68.520066, 13.125997 ], [ 68.520338, 13.126844 ], [ 68.520609, 13.127692 ], [ 68.52088, 13.128539 ], [ 68.521151, 13.129387 ], [ 68.521422, 13.130234 ], [ 68.521694, 13.131081 ], [ 68.521965, 13.131929 ], [ 68.522236, 13.132776 ], [ 68.522507, 13.133623 ], [ 68.522778, 13.13447 ], [ 68.523049, 13.135317 ], [ 68.52332, 13.136163 ], [ 68.523591, 13.13701 ], [ 68.523863, 13.137859 ], [ 68.524134, 13.138706 ], [ 68.524405, 13.139553 ], [ 68.524677, 13.140401 ], [ 68.524948, 13.141248 ], [ 68.525219, 13.142096 ], [ 68.52549, 13.142942 ], [ 68.525761, 13.14379 ], [ 68.526033, 13.144637 ], [ 68.526304, 13.145484 ], [ 68.526575, 13.146331 ], [ 68.526846, 13.147179 ], [ 68.527117, 13.148025 ], [ 68.527389, 13.148873 ], [ 68.527659, 13.14972 ], [ 68.527931, 13.150568 ], [ 68.528202, 13.151415 ], [ 68.528473, 13.152261 ], [ 68.528744, 13.153108 ], [ 68.529016, 13.153957 ], [ 68.529286, 13.154803 ], [ 68.529558, 13.155651 ], [ 68.529829, 13.156498 ], [ 68.5301, 13.157346 ], [ 68.530371, 13.158193 ], [ 68.530643, 13.15904 ], [ 68.530914, 13.159887 ], [ 68.531185, 13.160735 ], [ 68.531456, 13.161581 ], [ 68.531727, 13.162429 ], [ 68.531998, 13.163276 ], [ 68.53227, 13.164124 ], [ 68.532541, 13.164971 ], [ 68.532812, 13.165818 ], [ 68.533083, 13.166665 ], [ 68.533354, 13.167512 ], [ 68.533625, 13.168358 ], [ 68.533896, 13.169205 ], [ 68.534168, 13.170054 ], [ 68.534439, 13.170901 ], [ 68.53471, 13.171748 ], [ 68.534981, 13.172597 ], [ 68.535252, 13.173443 ], [ 68.535523, 13.174291 ], [ 68.535795, 13.175139 ], [ 68.536065, 13.175984 ], [ 68.536336, 13.176831 ], [ 68.536608, 13.177679 ], [ 68.536879, 13.178526 ], [ 68.53715, 13.179374 ], [ 68.537421, 13.180221 ], [ 68.537693, 13.181069 ], [ 68.537964, 13.181916 ], [ 68.538235, 13.182763 ], [ 68.538506, 13.18361 ], [ 68.538777, 13.184456 ], [ 68.539048, 13.185303 ], [ 68.539319, 13.186151 ], [ 68.53959, 13.186998 ], [ 68.539861, 13.187846 ], [ 68.540133, 13.188694 ], [ 68.540404, 13.18954 ], [ 68.540675, 13.190387 ], [ 68.540946, 13.191234 ], [ 68.541217, 13.192082 ], [ 68.541488, 13.192929 ], [ 68.54176, 13.193777 ], [ 68.542031, 13.194624 ], [ 68.542302, 13.195471 ], [ 68.542573, 13.196318 ], [ 68.542844, 13.197166 ], [ 68.543115, 13.198013 ], [ 68.543386, 13.19886 ], [ 68.543657, 13.199707 ], [ 68.543928, 13.200553 ], [ 68.544199, 13.2014 ], [ 68.544471, 13.202249 ], [ 68.544742, 13.203096 ], [ 68.545013, 13.203944 ], [ 68.545284, 13.204791 ], [ 68.545555, 13.205638 ], [ 68.545826, 13.206485 ], [ 68.546097, 13.207332 ], [ 68.546369, 13.20818 ], [ 68.546639, 13.209026 ], [ 68.546911, 13.209875 ], [ 68.547182, 13.210722 ], [ 68.547453, 13.211568 ], [ 68.547724, 13.212415 ], [ 68.547995, 13.213263 ], [ 68.548266, 13.21411 ], [ 68.548537, 13.214957 ], [ 68.548809, 13.215805 ], [ 68.549079, 13.21665 ], [ 68.549351, 13.217498 ], [ 68.549622, 13.218347 ], [ 68.549893, 13.219193 ], [ 68.550164, 13.22004 ], [ 68.550435, 13.220888 ], [ 68.550706, 13.221735 ], [ 68.550977, 13.222582 ], [ 68.551248, 13.223429 ], [ 68.55152, 13.224277 ], [ 68.551791, 13.225125 ], [ 68.552062, 13.225971 ], [ 68.552333, 13.226818 ], [ 68.552604, 13.227666 ], [ 68.552875, 13.228513 ], [ 68.553146, 13.22936 ], [ 68.553417, 13.230207 ], [ 68.553689, 13.231055 ], [ 68.553959, 13.231902 ], [ 68.55423, 13.232748 ], [ 68.554501, 13.233594 ], [ 68.554772, 13.234443 ], [ 68.555044, 13.235291 ], [ 68.555315, 13.236138 ], [ 68.555586, 13.236985 ], [ 68.555857, 13.237833 ], [ 68.556128, 13.23868 ], [ 68.556399, 13.239527 ], [ 68.55667, 13.240374 ], [ 68.556941, 13.241222 ], [ 68.557213, 13.242069 ], [ 68.557484, 13.242916 ], [ 68.557754, 13.243762 ], [ 68.558026, 13.24461 ], [ 68.558297, 13.245458 ], [ 68.558568, 13.246305 ], [ 68.558839, 13.247152 ], [ 68.55911, 13.247999 ], [ 68.55938, 13.248845 ], [ 68.559652, 13.249692 ], [ 68.559923, 13.25054 ], [ 68.560194, 13.251388 ], [ 68.560465, 13.252235 ], [ 68.560736, 13.253082 ], [ 68.561007, 13.253929 ], [ 68.561278, 13.254776 ], [ 68.56155, 13.255624 ], [ 68.56182, 13.256471 ], [ 68.562092, 13.257318 ], [ 68.562363, 13.258165 ], [ 68.562634, 13.259013 ], [ 68.562905, 13.259861 ], [ 68.563176, 13.260708 ], [ 68.563447, 13.261554 ], [ 68.563718, 13.262402 ], [ 68.563989, 13.263248 ], [ 68.56426, 13.264094 ], [ 68.564531, 13.264942 ], [ 68.564802, 13.26579 ], [ 68.565073, 13.266638 ], [ 68.565344, 13.267484 ], [ 68.565615, 13.268332 ], [ 68.565886, 13.269179 ], [ 68.566158, 13.270027 ], [ 68.566428, 13.270873 ], [ 68.5667, 13.271721 ], [ 68.566971, 13.272568 ], [ 68.567242, 13.273415 ], [ 68.567513, 13.274263 ], [ 68.567784, 13.27511 ], [ 68.568055, 13.275956 ], [ 68.568326, 13.276804 ], [ 68.568597, 13.277652 ], [ 68.568868, 13.278499 ], [ 68.569139, 13.279345 ], [ 68.569409, 13.280191 ], [ 68.569681, 13.281038 ], [ 68.569952, 13.281887 ], [ 68.570223, 13.282734 ], [ 68.570494, 13.283582 ], [ 68.570765, 13.284429 ], [ 68.571036, 13.285276 ], [ 68.571307, 13.286124 ], [ 68.571579, 13.286971 ], [ 68.571849, 13.287818 ], [ 68.57212, 13.288665 ], [ 68.572392, 13.289512 ], [ 68.572663, 13.29036 ], [ 68.572934, 13.291207 ], [ 68.573204, 13.292053 ], [ 68.573475, 13.292901 ], [ 68.573747, 13.293748 ], [ 68.574018, 13.294596 ], [ 68.574289, 13.295443 ], [ 68.574559, 13.296288 ], [ 68.57483, 13.297136 ], [ 68.575102, 13.297984 ], [ 68.575373, 13.298831 ], [ 68.575644, 13.299679 ], [ 68.575915, 13.300526 ], [ 68.576186, 13.301373 ], [ 68.576457, 13.30222 ], [ 68.576728, 13.303067 ], [ 68.576999, 13.303915 ], [ 68.57727, 13.304762 ], [ 68.577541, 13.305609 ], [ 68.577812, 13.306455 ], [ 68.578083, 13.307304 ], [ 68.578354, 13.308151 ], [ 68.578625, 13.308998 ], [ 68.578896, 13.309845 ], [ 68.579167, 13.310692 ], [ 68.579438, 13.311539 ], [ 68.579709, 13.312386 ], [ 68.57998, 13.313233 ], [ 68.580251, 13.314081 ], [ 68.580522, 13.314928 ], [ 68.580793, 13.315777 ], [ 68.581064, 13.316622 ], [ 68.581335, 13.317469 ], [ 68.581606, 13.318317 ], [ 68.581877, 13.319163 ], [ 68.582148, 13.320011 ], [ 68.582419, 13.320859 ], [ 68.58269, 13.321706 ], [ 68.582961, 13.322553 ], [ 68.583232, 13.3234 ], [ 68.583503, 13.324247 ], [ 68.583774, 13.325095 ], [ 68.584045, 13.325942 ], [ 68.584316, 13.326788 ], [ 68.584587, 13.327636 ], [ 68.584858, 13.328485 ], [ 68.585795, 13.331389 ], [ 68.587682, 13.337194 ], [ 68.588632, 13.340095 ], [ 68.588848, 13.340782 ], [ 68.58909, 13.341544 ], [ 68.589724, 13.343553 ], [ 68.590298, 13.345362 ], [ 68.591595, 13.349536 ], [ 68.592791, 13.353275 ], [ 68.594163, 13.357174 ], [ 68.594945, 13.35967 ], [ 68.595482, 13.361375 ], [ 68.596388, 13.364327 ], [ 68.597682, 13.368524 ], [ 68.598088, 13.369801 ], [ 68.59896, 13.372531 ], [ 68.599232, 13.373382 ], [ 68.60134, 13.379835 ], [ 68.601934, 13.381627 ], [ 68.602149, 13.382291 ], [ 68.602423, 13.383139 ], [ 68.602697, 13.383985 ], [ 68.60297, 13.38483 ], [ 68.603244, 13.385678 ], [ 68.603518, 13.386524 ], [ 68.603749, 13.387235 ], [ 68.604077, 13.38821 ], [ 68.60436, 13.389055 ], [ 68.604606, 13.389913 ], [ 68.604887, 13.390761 ], [ 68.605891, 13.393611 ], [ 68.60756, 13.399439 ], [ 68.608489, 13.402318 ], [ 68.608765, 13.403168 ], [ 68.609041, 13.404018 ], [ 68.609317, 13.404864 ], [ 68.609591, 13.405709 ], [ 68.609867, 13.406556 ], [ 68.610142, 13.407402 ], [ 68.610417, 13.408248 ], [ 68.610692, 13.409094 ], [ 68.610967, 13.40994 ], [ 68.611242, 13.410786 ], [ 68.611517, 13.411632 ], [ 68.611792, 13.412479 ], [ 68.61205, 13.413272 ], [ 68.613529, 13.41797 ], [ 68.615712, 13.424774 ], [ 68.616572, 13.427405 ], [ 68.616787, 13.428062 ], [ 68.617218, 13.429377 ], [ 68.617433, 13.430033 ], [ 68.620896, 13.440555 ], [ 68.62133, 13.441868 ], [ 68.622201, 13.444496 ], [ 68.622638, 13.445809 ], [ 68.624391, 13.451062 ], [ 68.624831, 13.452374 ], [ 68.625713, 13.454998 ], [ 68.626155, 13.456309 ], [ 68.629707, 13.466802 ], [ 68.630152, 13.468112 ], [ 68.631045, 13.470732 ], [ 68.631493, 13.472042 ], [ 68.633291, 13.47728 ], [ 68.633742, 13.478589 ], [ 68.634646, 13.481206 ], [ 68.6351, 13.482513 ], [ 68.638741, 13.492977 ], [ 68.639035, 13.493821 ], [ 68.639626, 13.495512 ], [ 68.639922, 13.496356 ], [ 68.641108, 13.499736 ], [ 68.641405, 13.500581 ], [ 68.642001, 13.50227 ], [ 68.642299, 13.503114 ], [ 68.644691, 13.509869 ], [ 68.64513, 13.511103 ], [ 68.646009, 13.513571 ], [ 68.64645, 13.514804 ], [ 68.648219, 13.519738 ], [ 68.648764, 13.521251 ], [ 68.649857, 13.524276 ], [ 68.650405, 13.525787 ], [ 68.650864, 13.527047 ], [ 68.651171, 13.52789 ], [ 68.653263, 13.533618 ], [ 68.653537, 13.534368 ], [ 68.653943, 13.535474 ], [ 68.654155, 13.536051 ], [ 68.655138, 13.538725 ], [ 68.655383, 13.539392 ], [ 68.655888, 13.540761 ], [ 68.656122, 13.541394 ], [ 68.661208, 13.555135 ], [ 68.661845, 13.55685 ], [ 68.663126, 13.56028 ], [ 68.663768, 13.561994 ], [ 68.666349, 13.56885 ], [ 68.666997, 13.570562 ], [ 68.668297, 13.573985 ], [ 68.668948, 13.575695 ], [ 68.674188, 13.58938 ], [ 68.674845, 13.591088 ], [ 68.676164, 13.594505 ], [ 68.676826, 13.596212 ], [ 68.679484, 13.603039 ], [ 68.68015, 13.604744 ], [ 68.681488, 13.608154 ], [ 68.682159, 13.609857 ], [ 68.687553, 13.623485 ], [ 68.688229, 13.625186 ], [ 68.689586, 13.628588 ], [ 68.690267, 13.630288 ], [ 68.693001, 13.637086 ], [ 68.693687, 13.638784 ], [ 68.695063, 13.642179 ], [ 68.695754, 13.643875 ], [ 68.7013, 13.657444 ], [ 68.701995, 13.659138 ], [ 68.70339, 13.662525 ], [ 68.70409, 13.664218 ], [ 68.706901, 13.670987 ], [ 68.707606, 13.672677 ], [ 68.709021, 13.676057 ], [ 68.70973, 13.677745 ], [ 68.715429, 13.691254 ], [ 68.716143, 13.69294 ], [ 68.717576, 13.696313 ], [ 68.718295, 13.697997 ], [ 68.721182, 13.704736 ], [ 68.721906, 13.706419 ], [ 68.723358, 13.709783 ], [ 68.724087, 13.711463 ], [ 68.729937, 13.724911 ], [ 68.73067, 13.726589 ], [ 68.732141, 13.729946 ], [ 68.732879, 13.731623 ], [ 68.735842, 13.73833 ], [ 68.736585, 13.740005 ], [ 68.738075, 13.743354 ], [ 68.738822, 13.745026 ], [ 68.744824, 13.75841 ], [ 68.745575, 13.760081 ], [ 68.747085, 13.763421 ], [ 68.747841, 13.76509 ], [ 68.750879, 13.771765 ], [ 68.751641, 13.773432 ], [ 68.753169, 13.776765 ], [ 68.753935, 13.778429 ], [ 68.760087, 13.791748 ], [ 68.760857, 13.79341 ], [ 68.762404, 13.796735 ], [ 68.76318, 13.798395 ], [ 68.766293, 13.805037 ], [ 68.767073, 13.806696 ], [ 68.768638, 13.810012 ], [ 68.769423, 13.811668 ], [ 68.775725, 13.82492 ], [ 68.776514, 13.826574 ], [ 68.778098, 13.829882 ], [ 68.778893, 13.831534 ], [ 68.78208, 13.838142 ], [ 68.782879, 13.839792 ], [ 68.784482, 13.843091 ], [ 68.785285, 13.844739 ], [ 68.791736, 13.857923 ], [ 68.792544, 13.859568 ], [ 68.794166, 13.862859 ], [ 68.794978, 13.864502 ], [ 68.79824, 13.871076 ], [ 68.799058, 13.872718 ], [ 68.800698, 13.875999 ], [ 68.80152, 13.877638 ], [ 68.808119, 13.890752 ], [ 68.808945, 13.892389 ], [ 68.810604, 13.895662 ], [ 68.811435, 13.897297 ], [ 68.814771, 13.903835 ], [ 68.815607, 13.905468 ], [ 68.817284, 13.908732 ], [ 68.818124, 13.910361 ], [ 68.824871, 13.923404 ], [ 68.825716, 13.925032 ], [ 68.827411, 13.928287 ], [ 68.828261, 13.929912 ], [ 68.831671, 13.936415 ], [ 68.832525, 13.938038 ], [ 68.834239, 13.941284 ], [ 68.835098, 13.942905 ], [ 68.841991, 13.955874 ], [ 68.842855, 13.957493 ], [ 68.844587, 13.960729 ], [ 68.845455, 13.962346 ], [ 68.848938, 13.968811 ], [ 68.84981, 13.970426 ], [ 68.85156, 13.973653 ], [ 68.852437, 13.975265 ], [ 68.859477, 13.988159 ], [ 68.860359, 13.989769 ], [ 68.862127, 13.992986 ], [ 68.863013, 13.994594 ], [ 68.866569, 14.001021 ], [ 68.86746, 14.002626 ], [ 68.869247, 14.005834 ], [ 68.870142, 14.007436 ], [ 68.877327, 14.020255 ], [ 68.877869, 14.021219 ], [ 68.878954, 14.023148 ], [ 68.879497, 14.024112 ], [ 68.881676, 14.027967 ], [ 68.882221, 14.02893 ], [ 68.883313, 14.030856 ], [ 68.88386, 14.031818 ], [ 68.888244, 14.039517 ], [ 68.888985, 14.040815 ], [ 68.890471, 14.043411 ], [ 68.891215, 14.044707 ], [ 68.894199, 14.049893 ], [ 68.895118, 14.051484 ], [ 68.89696, 14.054664 ], [ 68.897883, 14.056253 ], [ 68.898657, 14.057581 ], [ 68.899174, 14.058467 ], [ 68.902261, 14.063751 ], [ 68.902654, 14.064422 ], [ 68.903336, 14.065587 ], [ 68.90368, 14.066172 ], [ 68.905158, 14.068689 ], [ 68.905442, 14.069172 ], [ 68.906267, 14.070574 ], [ 68.906637, 14.071202 ], [ 68.914111, 14.083863 ], [ 68.915046, 14.085443 ], [ 68.916923, 14.088603 ], [ 68.917863, 14.090181 ], [ 68.921635, 14.09649 ], [ 68.92258, 14.098066 ], [ 68.924475, 14.101215 ], [ 68.925423, 14.102787 ], [ 68.93304, 14.115368 ], [ 68.933993, 14.116938 ], [ 68.935906, 14.120077 ], [ 68.936864, 14.121645 ], [ 68.940707, 14.127914 ], [ 68.94167, 14.129479 ], [ 68.9436, 14.132608 ], [ 68.944566, 14.13417 ], [ 68.952325, 14.146668 ], [ 68.953296, 14.148228 ], [ 68.955244, 14.151346 ], [ 68.95622, 14.152903 ], [ 68.960134, 14.159131 ], [ 68.961114, 14.160686 ], [ 68.963079, 14.163794 ], [ 68.964064, 14.165345 ], [ 68.971963, 14.17776 ], [ 68.972952, 14.179309 ], [ 68.974935, 14.182406 ], [ 68.975929, 14.183953 ], [ 68.979913, 14.190138 ], [ 68.980911, 14.191683 ], [ 68.982911, 14.194769 ], [ 68.983913, 14.19631 ], [ 68.991953, 14.208639 ], [ 68.992959, 14.210178 ], [ 68.994977, 14.213254 ], [ 68.995988, 14.21479 ], [ 69.000043, 14.220932 ], [ 69.001058, 14.222465 ], [ 69.003093, 14.22553 ], [ 69.004112, 14.22706 ], [ 69.012292, 14.239303 ], [ 69.013315, 14.24083 ], [ 69.015368, 14.243884 ], [ 69.016396, 14.245409 ], [ 69.02052, 14.251508 ], [ 69.021553, 14.25303 ], [ 69.023623, 14.256073 ], [ 69.024659, 14.257592 ], [ 69.032977, 14.269746 ], [ 69.034018, 14.271263 ], [ 69.036105, 14.274295 ], [ 69.037151, 14.275809 ], [ 69.041343, 14.281863 ], [ 69.042393, 14.283374 ], [ 69.044498, 14.286394 ], [ 69.045551, 14.287903 ], [ 69.054007, 14.299967 ], [ 69.055065, 14.301472 ], [ 69.057186, 14.304481 ], [ 69.058249, 14.305984 ], [ 69.06251, 14.311993 ], [ 69.063577, 14.313493 ], [ 69.065715, 14.31649 ], [ 69.066786, 14.317987 ], [ 69.075378, 14.32996 ], [ 69.076453, 14.331454 ], [ 69.078609, 14.33444 ], [ 69.079688, 14.335931 ], [ 69.084017, 14.341894 ], [ 69.085101, 14.343382 ], [ 69.087274, 14.346357 ], [ 69.088362, 14.347842 ], [ 69.097089, 14.359722 ], [ 69.098181, 14.361205 ], [ 69.10037, 14.364168 ], [ 69.101467, 14.365647 ], [ 69.105863, 14.371563 ], [ 69.106964, 14.37304 ], [ 69.10917, 14.375991 ], [ 69.110275, 14.377464 ], [ 69.119136, 14.38925 ], [ 69.120245, 14.390721 ], [ 69.122468, 14.39366 ], [ 69.123581, 14.395128 ], [ 69.128045, 14.400996 ], [ 69.129163, 14.402461 ], [ 69.131402, 14.405389 ], [ 69.132523, 14.40685 ], [ 69.141518, 14.41854 ], [ 69.142644, 14.419999 ], [ 69.1449, 14.422914 ], [ 69.14603, 14.42437 ], [ 69.15056, 14.43019 ], [ 69.151694, 14.431643 ], [ 69.153967, 14.434546 ], [ 69.155105, 14.435996 ], [ 69.164232, 14.447589 ], [ 69.165374, 14.449035 ], [ 69.167664, 14.451926 ], [ 69.16881, 14.45337 ], [ 69.173406, 14.459141 ], [ 69.174557, 14.460582 ], [ 69.176862, 14.463461 ], [ 69.178016, 14.464898 ], [ 69.187275, 14.476392 ], [ 69.188434, 14.477826 ], [ 69.190756, 14.480693 ], [ 69.191918, 14.482124 ], [ 69.19658, 14.487846 ], [ 69.197747, 14.489274 ], [ 69.200085, 14.492128 ], [ 69.203068, 14.495743 ], [ 69.207901, 14.501558 ], [ 69.209852, 14.503934 ], [ 69.210199, 14.504357 ], [ 69.211584, 14.506042 ], [ 69.211927, 14.506459 ], [ 69.214702, 14.509828 ], [ 69.216201, 14.511642 ], [ 69.217594, 14.513321 ], [ 69.219816, 14.515986 ], [ 69.224463, 14.521529 ], [ 69.228369, 14.526146 ], [ 69.229342, 14.527286 ], [ 69.229813, 14.527837 ], [ 69.231686, 14.530025 ], [ 69.23214, 14.530556 ], [ 69.232585, 14.531075 ], [ 69.236822, 14.53622 ], [ 69.238028, 14.537634 ], [ 69.238766, 14.5385 ], [ 69.242981, 14.543434 ], [ 69.243481, 14.544019 ], [ 69.244479, 14.545184 ], [ 69.244884, 14.545658 ], [ 69.246977, 14.548096 ], [ 69.247477, 14.548678 ], [ 69.248477, 14.549841 ], [ 69.248977, 14.550421 ], [ 69.258761, 14.561768 ], [ 69.259985, 14.563183 ], [ 69.262439, 14.566012 ], [ 69.263667, 14.567425 ], [ 69.268591, 14.573071 ], [ 69.269824, 14.57448 ], [ 69.272293, 14.577296 ], [ 69.273529, 14.578701 ], [ 69.283444, 14.589941 ], [ 69.284684, 14.591343 ], [ 69.28717, 14.594145 ], [ 69.288415, 14.595544 ], [ 69.293404, 14.601136 ], [ 69.294652, 14.602532 ], [ 69.297154, 14.605321 ], [ 69.298407, 14.606713 ], [ 69.308451, 14.617844 ], [ 69.309078, 14.618538 ], [ 69.310334, 14.619927 ], [ 69.310963, 14.62062 ], [ 69.313481, 14.623396 ], [ 69.314111, 14.624089 ], [ 69.315372, 14.625474 ], [ 69.316003, 14.626166 ], [ 69.321057, 14.631705 ], [ 69.321689, 14.632396 ], [ 69.322954, 14.633778 ], [ 69.323587, 14.634469 ], [ 69.326122, 14.637231 ], [ 69.326756, 14.637921 ], [ 69.328026, 14.639301 ], [ 69.328661, 14.63999 ], [ 69.329239, 14.640617 ], [ 69.329814, 14.64124 ], [ 69.330387, 14.64186 ], [ 69.330959, 14.64248 ], [ 69.331533, 14.643102 ], [ 69.332108, 14.643724 ], [ 69.33268, 14.644345 ], [ 69.333253, 14.644966 ], [ 69.333826, 14.645587 ], [ 69.334401, 14.646209 ], [ 69.334974, 14.64683 ], [ 69.335546, 14.647451 ], [ 69.33612, 14.648072 ], [ 69.336695, 14.648695 ], [ 69.337268, 14.649316 ], [ 69.33784, 14.649935 ], [ 69.338414, 14.650557 ], [ 69.338989, 14.65118 ], [ 69.339562, 14.651801 ], [ 69.340139, 14.652426 ], [ 69.341076, 14.65344 ], [ 69.342952, 14.655465 ], [ 69.343891, 14.656476 ], [ 69.347653, 14.660518 ], [ 69.348594, 14.661527 ], [ 69.350479, 14.663544 ], [ 69.351422, 14.664551 ], [ 69.35898, 14.672606 ], [ 69.359925, 14.673611 ], [ 69.361818, 14.67562 ], [ 69.362765, 14.676623 ], [ 69.36656, 14.680634 ], [ 69.367509, 14.681635 ], [ 69.36941, 14.683636 ], [ 69.37036, 14.684634 ], [ 69.385613, 14.700622 ], [ 69.387522, 14.702614 ], [ 69.391351, 14.706594 ], [ 69.393269, 14.70858 ], [ 69.400963, 14.716512 ], [ 69.40289, 14.71849 ], [ 69.406752, 14.722439 ], [ 69.408686, 14.724409 ], [ 69.42421, 14.74015 ], [ 69.426153, 14.742112 ], [ 69.430049, 14.746031 ], [ 69.432001, 14.747985 ], [ 69.439829, 14.755793 ], [ 69.441789, 14.75774 ], [ 69.445718, 14.761627 ], [ 69.447686, 14.763565 ], [ 69.463476, 14.779056 ], [ 69.465452, 14.780987 ], [ 69.469415, 14.784842 ], [ 69.4714, 14.786765 ], [ 69.47936, 14.794447 ], [ 69.481353, 14.796362 ], [ 69.485348, 14.800186 ], [ 69.487349, 14.802093 ], [ 69.503401, 14.817329 ], [ 69.50541, 14.819227 ], [ 69.509438, 14.823019 ], [ 69.511455, 14.82491 ], [ 69.519546, 14.832463 ], [ 69.521571, 14.834346 ], [ 69.525631, 14.838105 ], [ 69.527664, 14.83998 ], [ 69.543975, 14.854957 ], [ 69.546016, 14.856824 ], [ 69.550108, 14.86055 ], [ 69.552157, 14.862409 ], [ 69.560375, 14.869831 ], [ 69.562433, 14.871682 ], [ 69.566557, 14.875376 ], [ 69.568621, 14.877217 ], [ 69.585186, 14.891932 ], [ 69.587258, 14.893765 ], [ 69.591414, 14.897426 ], [ 69.593494, 14.899251 ], [ 69.601838, 14.906541 ], [ 69.603927, 14.908359 ], [ 69.608114, 14.911986 ], [ 69.610209, 14.913795 ], [ 69.627023, 14.928242 ], [ 69.628182, 14.929235 ], [ 69.630503, 14.93122 ], [ 69.631665, 14.932212 ], [ 69.63632, 14.936175 ], [ 69.637484, 14.937163 ], [ 69.639815, 14.939139 ], [ 69.640981, 14.940125 ], [ 69.65033, 14.948012 ], [ 69.651727, 14.949187 ], [ 69.654526, 14.951535 ], [ 69.655926, 14.952706 ], [ 69.661538, 14.957388 ], [ 69.663317, 14.958868 ], [ 69.666883, 14.961821 ], [ 69.668674, 14.9633 ], [ 69.670281, 14.964623 ], [ 69.670694, 14.964962 ], [ 69.671513, 14.965635 ], [ 69.67654, 14.969759 ], [ 69.677059, 14.970184 ], [ 69.678362, 14.971251 ], [ 69.67897, 14.971748 ], [ 69.681404, 14.973735 ], [ 69.682012, 14.974231 ], [ 69.683229, 14.975222 ], [ 69.683837, 14.975717 ], [ 69.69537, 14.985088 ], [ 69.696812, 14.986257 ], [ 69.699701, 14.988591 ], [ 69.701147, 14.989756 ], [ 69.706939, 14.99441 ], [ 69.708388, 14.995571 ], [ 69.71129, 14.99789 ], [ 69.712742, 14.999046 ], [ 69.724382, 15.008293 ], [ 69.725837, 15.009446 ], [ 69.728752, 15.011749 ], [ 69.730211, 15.012899 ], [ 69.736057, 15.01749 ], [ 69.737519, 15.018636 ], [ 69.740448, 15.020923 ], [ 69.741913, 15.022064 ], [ 69.753658, 15.031186 ], [ 69.755126, 15.032323 ], [ 69.758068, 15.034595 ], [ 69.75954, 15.035729 ], [ 69.765438, 15.040257 ], [ 69.766913, 15.041387 ], [ 69.769868, 15.043643 ], [ 69.771346, 15.044768 ], [ 69.783195, 15.053764 ], [ 69.784676, 15.054885 ], [ 69.787644, 15.057125 ], [ 69.789129, 15.058243 ], [ 69.795078, 15.062708 ], [ 69.796566, 15.063822 ], [ 69.799547, 15.066046 ], [ 69.801038, 15.067156 ], [ 69.812989, 15.076024 ], [ 69.814483, 15.077129 ], [ 69.817477, 15.079337 ], [ 69.818974, 15.080439 ], [ 69.824975, 15.08484 ], [ 69.826476, 15.085938 ], [ 69.829481, 15.08813 ], [ 69.830985, 15.089224 ], [ 69.843038, 15.097963 ], [ 69.844544, 15.099052 ], [ 69.847563, 15.101228 ], [ 69.849073, 15.102314 ], [ 69.855124, 15.106651 ], [ 69.856637, 15.107732 ], [ 69.859668, 15.109892 ], [ 69.861184, 15.110969 ], [ 69.873336, 15.119579 ], [ 69.874855, 15.120652 ], [ 69.877898, 15.122795 ], [ 69.879421, 15.123865 ], [ 69.885521, 15.128137 ], [ 69.887047, 15.129202 ], [ 69.890102, 15.131329 ], [ 69.891631, 15.13239 ], [ 69.903881, 15.140869 ], [ 69.905413, 15.141926 ], [ 69.90848, 15.144036 ], [ 69.910015, 15.145089 ], [ 69.916164, 15.149295 ], [ 69.917702, 15.150344 ], [ 69.920781, 15.152439 ], [ 69.922322, 15.153483 ], [ 69.934669, 15.16183 ], [ 69.936213, 15.162871 ], [ 69.939304, 15.164948 ], [ 69.940851, 15.165985 ], [ 69.947048, 15.170125 ], [ 69.948598, 15.171157 ], [ 69.951702, 15.173218 ], [ 69.953254, 15.174246 ], [ 69.965697, 15.18246 ], [ 69.967252, 15.183484 ], [ 69.970367, 15.185529 ], [ 69.971926, 15.186548 ], [ 69.97817, 15.190622 ], [ 69.979732, 15.191637 ], [ 69.982859, 15.193665 ], [ 69.984423, 15.194676 ], [ 69.996959, 15.202757 ], [ 69.998526, 15.203764 ], [ 70.001665, 15.205775 ], [ 70.003235, 15.206778 ], [ 70.009526, 15.210784 ], [ 70.011099, 15.211783 ], [ 70.014249, 15.213777 ], [ 70.015825, 15.214771 ], [ 70.028454, 15.222717 ], [ 70.030032, 15.223707 ], [ 70.033194, 15.225684 ], [ 70.034776, 15.226671 ], [ 70.041112, 15.230609 ], [ 70.042697, 15.231591 ], [ 70.04587, 15.233551 ], [ 70.047457, 15.234529 ], [ 70.060176, 15.242339 ], [ 70.061766, 15.243312 ], [ 70.063293, 15.244319 ], [ 70.063065, 15.245226 ], [ 70.062854, 15.246104 ], [ 70.062643, 15.246983 ], [ 70.062432, 15.247861 ], [ 70.062221, 15.24874 ], [ 70.06201, 15.249618 ], [ 70.061798, 15.250497 ], [ 70.061587, 15.251377 ], [ 70.061376, 15.252255 ], [ 70.061165, 15.253133 ], [ 70.060954, 15.254012 ], [ 70.060743, 15.25489 ], [ 70.060532, 15.255769 ], [ 70.060321, 15.256648 ], [ 70.060109, 15.257528 ], [ 70.059898, 15.258405 ], [ 70.059687, 15.259284 ], [ 70.059476, 15.260162 ], [ 70.059265, 15.261041 ], [ 70.059054, 15.261922 ], [ 70.058843, 15.262799 ], [ 70.058632, 15.263677 ], [ 70.058421, 15.264556 ], [ 70.05821, 15.265434 ], [ 70.057998, 15.266313 ], [ 70.057787, 15.267192 ], [ 70.057576, 15.268072 ], [ 70.057365, 15.26895 ], [ 70.057154, 15.269828 ], [ 70.056943, 15.270707 ], [ 70.056732, 15.271586 ], [ 70.056521, 15.272464 ], [ 70.056309, 15.273343 ], [ 70.056098, 15.274223 ], [ 70.055887, 15.2751 ], [ 70.055676, 15.275979 ], [ 70.055465, 15.276858 ], [ 70.055254, 15.277736 ], [ 70.055043, 15.278615 ], [ 70.054832, 15.279493 ], [ 70.05462, 15.280374 ], [ 70.054409, 15.281251 ], [ 70.054198, 15.28213 ], [ 70.053987, 15.283008 ], [ 70.053776, 15.283887 ], [ 70.053565, 15.284765 ], [ 70.053354, 15.285644 ], [ 70.053142, 15.286525 ], [ 70.052931, 15.287402 ], [ 70.05272, 15.288281 ], [ 70.052509, 15.289159 ], [ 70.052298, 15.290038 ], [ 70.052087, 15.290917 ], [ 70.051876, 15.291795 ], [ 70.051664, 15.292675 ], [ 70.051453, 15.293553 ], [ 70.051242, 15.294431 ], [ 70.051031, 15.29531 ], [ 70.05082, 15.296189 ], [ 70.050608, 15.297069 ], [ 70.050398, 15.297946 ], [ 70.050186, 15.298825 ], [ 70.049975, 15.299703 ], [ 70.049764, 15.300582 ], [ 70.049553, 15.301461 ], [ 70.049342, 15.302339 ], [ 70.04913, 15.30322 ], [ 70.04892, 15.304097 ], [ 70.048708, 15.304975 ], [ 70.048497, 15.305854 ], [ 70.048286, 15.306733 ], [ 70.048075, 15.307612 ], [ 70.047864, 15.30849 ], [ 70.047652, 15.30937 ], [ 70.047441, 15.310247 ], [ 70.04723, 15.311126 ], [ 70.047019, 15.312005 ], [ 70.046808, 15.312884 ], [ 70.046597, 15.313762 ], [ 70.046386, 15.314641 ], [ 70.046174, 15.315521 ], [ 70.045963, 15.316398 ], [ 70.045752, 15.317277 ], [ 70.045541, 15.318156 ], [ 70.04533, 15.319034 ], [ 70.045118, 15.319913 ], [ 70.044907, 15.320792 ], [ 70.044696, 15.321672 ], [ 70.044485, 15.322549 ], [ 70.044274, 15.323428 ], [ 70.044063, 15.324306 ], [ 70.043851, 15.325185 ], [ 70.04364, 15.326064 ], [ 70.043429, 15.326943 ], [ 70.043217, 15.327823 ], [ 70.043007, 15.3287 ], [ 70.042796, 15.329578 ], [ 70.042584, 15.330457 ], [ 70.042373, 15.331336 ], [ 70.042161, 15.332216 ], [ 70.041951, 15.333094 ], [ 70.04174, 15.333972 ], [ 70.041528, 15.334851 ], [ 70.041317, 15.33573 ], [ 70.041106, 15.336608 ], [ 70.040895, 15.337487 ], [ 70.040683, 15.338367 ], [ 70.040472, 15.339244 ], [ 70.040261, 15.340123 ], [ 70.04005, 15.341002 ], [ 70.039839, 15.341881 ], [ 70.039628, 15.342759 ], [ 70.039416, 15.343638 ], [ 70.039205, 15.344518 ], [ 70.038994, 15.345395 ], [ 70.038783, 15.346274 ], [ 70.038572, 15.347153 ], [ 70.03836, 15.348031 ], [ 70.038149, 15.34891 ], [ 70.037938, 15.349788 ], [ 70.037726, 15.350669 ], [ 70.037515, 15.351546 ], [ 70.037304, 15.352425 ], [ 70.037093, 15.353304 ], [ 70.036882, 15.354182 ], [ 70.036671, 15.355061 ], [ 70.036459, 15.35594 ], [ 70.036248, 15.35682 ], [ 70.036037, 15.357697 ], [ 70.035826, 15.358576 ], [ 70.035615, 15.359454 ], [ 70.035403, 15.360333 ], [ 70.035192, 15.361212 ], [ 70.034981, 15.362091 ], [ 70.034769, 15.362971 ], [ 70.034559, 15.363848 ], [ 70.034347, 15.364726 ], [ 70.034136, 15.365605 ], [ 70.033925, 15.366484 ], [ 70.033713, 15.367364 ], [ 70.033502, 15.368241 ], [ 70.033291, 15.36912 ], [ 70.03308, 15.369998 ], [ 70.032869, 15.370877 ], [ 70.032657, 15.371756 ], [ 70.032446, 15.372635 ], [ 70.032235, 15.373515 ], [ 70.032024, 15.374392 ], [ 70.031812, 15.375271 ], [ 70.031601, 15.37615 ], [ 70.03139, 15.377028 ], [ 70.031179, 15.377907 ], [ 70.030968, 15.378785 ], [ 70.030756, 15.379666 ], [ 70.030545, 15.380543 ], [ 70.030334, 15.381422 ], [ 70.030123, 15.382301 ], [ 70.029911, 15.383179 ], [ 70.0297, 15.384058 ], [ 70.029489, 15.384936 ], [ 70.029277, 15.385817 ], [ 70.029066, 15.386694 ], [ 70.028855, 15.387573 ], [ 70.028644, 15.388451 ], [ 70.028433, 15.38933 ], [ 70.028221, 15.390209 ], [ 70.02801, 15.391088 ], [ 70.027798, 15.391968 ], [ 70.027588, 15.392845 ], [ 70.027376, 15.393723 ], [ 70.027165, 15.394602 ], [ 70.026954, 15.395481 ], [ 70.026743, 15.39636 ], [ 70.026531, 15.397238 ], [ 70.02632, 15.398119 ], [ 70.026109, 15.398996 ], [ 70.025898, 15.399874 ], [ 70.025686, 15.400753 ], [ 70.025475, 15.401632 ], [ 70.025263, 15.402512 ], [ 70.025053, 15.403389 ], [ 70.024841, 15.404268 ], [ 70.02463, 15.405147 ], [ 70.024419, 15.406026 ], [ 70.024207, 15.406904 ], [ 70.023996, 15.407783 ], [ 70.023785, 15.408663 ], [ 70.023574, 15.40954 ], [ 70.023362, 15.410419 ], [ 70.023151, 15.411298 ], [ 70.02294, 15.412176 ], [ 70.022728, 15.413055 ], [ 70.022517, 15.413934 ], [ 70.022306, 15.414814 ], [ 70.022095, 15.415691 ], [ 70.021883, 15.41657 ], [ 70.021672, 15.417449 ], [ 70.021461, 15.418325 ], [ 70.020589, 15.422001 ], [ 70.019743, 15.425611 ], [ 70.019621, 15.426113 ], [ 70.019407, 15.426991 ], [ 70.019193, 15.427869 ], [ 70.018979, 15.428748 ], [ 70.018765, 15.429626 ], [ 70.018551, 15.430505 ], [ 70.018338, 15.431383 ], [ 70.018124, 15.432261 ], [ 70.017911, 15.433137 ], [ 70.017698, 15.43401 ], [ 70.017451, 15.435029 ], [ 70.016958, 15.437066 ], [ 70.016713, 15.438085 ], [ 70.015734, 15.442161 ], [ 70.01549, 15.44318 ], [ 70.015004, 15.445219 ], [ 70.014762, 15.446239 ], [ 70.014555, 15.447112 ], [ 70.014347, 15.447992 ], [ 70.014139, 15.448872 ], [ 70.013931, 15.44975 ], [ 70.013722, 15.450633 ], [ 70.013514, 15.45151 ], [ 70.013306, 15.45239 ], [ 70.013098, 15.45327 ], [ 70.01289, 15.454149 ], [ 70.012787, 15.454582 ], [ 70.012184, 15.457002 ], [ 70.010895, 15.462266 ], [ 70.010684, 15.463141 ], [ 70.010473, 15.46402 ], [ 70.010262, 15.464899 ], [ 70.01005, 15.465778 ], [ 70.009839, 15.466656 ], [ 70.009628, 15.467535 ], [ 70.009416, 15.468415 ], [ 70.009205, 15.469292 ], [ 70.008993, 15.470171 ], [ 70.008782, 15.47105 ], [ 70.008571, 15.471929 ], [ 70.00836, 15.472807 ], [ 70.008148, 15.473686 ], [ 70.007936, 15.474566 ], [ 70.007725, 15.475444 ], [ 70.007514, 15.476322 ], [ 70.007303, 15.477201 ], [ 70.007091, 15.478079 ], [ 70.00688, 15.47896 ], [ 70.006669, 15.479837 ], [ 70.006457, 15.480716 ], [ 70.006246, 15.481595 ], [ 70.006035, 15.482473 ], [ 70.005823, 15.483351 ], [ 70.003423, 15.493699 ], [ 70.002053, 15.499267 ], [ 70.001385, 15.501998 ], [ 70.000464, 15.505797 ], [ 70.000184, 15.506957 ], [ 69.999551, 15.509584 ], [ 69.998956, 15.51204 ], [ 69.998433, 15.514221 ], [ 69.998223, 15.515098 ], [ 69.998014, 15.515976 ], [ 69.997805, 15.516854 ], [ 69.997596, 15.517731 ], [ 69.997121, 15.519737 ], [ 69.996297, 15.523788 ], [ 69.996052, 15.524836 ], [ 69.995898, 15.525454 ], [ 69.993428, 15.535216 ], [ 69.993187, 15.536087 ], [ 69.992971, 15.536965 ], [ 69.992755, 15.537842 ], [ 69.992538, 15.538721 ], [ 69.992322, 15.539597 ], [ 69.992106, 15.540475 ], [ 69.99189, 15.541352 ], [ 69.991675, 15.542229 ], [ 69.991458, 15.543107 ], [ 69.991242, 15.543985 ], [ 69.991026, 15.544864 ], [ 69.990819, 15.545742 ], [ 69.990611, 15.546622 ], [ 69.990404, 15.547501 ], [ 69.990196, 15.54838 ], [ 69.989988, 15.549262 ], [ 69.989781, 15.55014 ], [ 69.989574, 15.55102 ], [ 69.989366, 15.551899 ], [ 69.989159, 15.552779 ], [ 69.988951, 15.553658 ], [ 69.988743, 15.554538 ], [ 69.988535, 15.555419 ], [ 69.988328, 15.556298 ], [ 69.988121, 15.557177 ], [ 69.987913, 15.558056 ], [ 69.987706, 15.558936 ], [ 69.987498, 15.559816 ], [ 69.987291, 15.560695 ], [ 69.987076, 15.561605 ], [ 69.986866, 15.56245 ], [ 69.986679, 15.563333 ], [ 69.986491, 15.564217 ], [ 69.986301, 15.5651 ], [ 69.986081, 15.565976 ], [ 69.985901, 15.56686 ], [ 69.985689, 15.567739 ], [ 69.985318, 15.568588 ], [ 69.985106, 15.569467 ], [ 69.984895, 15.570346 ], [ 69.984683, 15.571225 ], [ 69.984472, 15.572103 ], [ 69.98426, 15.572982 ], [ 69.984049, 15.573862 ], [ 69.983837, 15.574739 ], [ 69.983626, 15.575618 ], [ 69.983415, 15.576497 ], [ 69.983203, 15.577375 ], [ 69.982992, 15.578254 ], [ 69.98278, 15.579133 ], [ 69.982568, 15.580013 ], [ 69.982357, 15.580891 ], [ 69.982146, 15.581769 ], [ 69.981934, 15.582648 ], [ 69.980714, 15.588031 ], [ 69.9805, 15.588901 ], [ 69.980283, 15.589779 ], [ 69.980067, 15.590657 ], [ 69.979851, 15.591535 ], [ 69.979635, 15.592413 ], [ 69.979418, 15.593291 ], [ 69.979202, 15.594168 ], [ 69.978986, 15.595045 ], [ 69.97877, 15.595923 ], [ 69.978553, 15.596801 ], [ 69.978337, 15.597679 ], [ 69.978121, 15.598555 ], [ 69.977905, 15.599431 ], [ 69.976445, 15.605481 ], [ 69.976238, 15.606358 ], [ 69.97603, 15.607238 ], [ 69.975822, 15.608118 ], [ 69.975614, 15.608997 ], [ 69.975406, 15.609877 ], [ 69.975199, 15.610756 ], [ 69.97499, 15.611638 ], [ 69.974783, 15.612516 ], [ 69.974575, 15.613396 ], [ 69.974367, 15.614275 ], [ 69.974159, 15.615155 ], [ 69.973951, 15.616035 ], [ 69.973743, 15.616914 ], [ 69.973535, 15.617796 ], [ 69.973328, 15.618674 ], [ 69.97312, 15.619553 ], [ 69.97293, 15.620358 ], [ 69.972745, 15.621137 ], [ 69.972453, 15.622396 ], [ 69.971149, 15.627464 ], [ 69.970937, 15.628342 ], [ 69.970726, 15.629221 ], [ 69.970514, 15.6301 ], [ 69.970303, 15.630979 ], [ 69.970091, 15.631859 ], [ 69.96988, 15.632736 ], [ 69.969668, 15.633615 ], [ 69.969457, 15.634494 ], [ 69.969245, 15.635372 ], [ 69.969034, 15.636251 ], [ 69.968822, 15.63713 ], [ 69.96861, 15.63801 ], [ 69.968399, 15.638887 ], [ 69.968187, 15.639766 ], [ 69.967976, 15.640645 ], [ 69.967764, 15.641523 ], [ 69.967553, 15.642402 ], [ 69.967341, 15.643281 ], [ 69.967129, 15.644161 ], [ 69.966918, 15.645039 ], [ 69.966707, 15.645917 ], [ 69.966495, 15.646796 ], [ 69.966284, 15.647674 ], [ 69.966072, 15.648554 ], [ 69.965861, 15.649432 ], [ 69.965649, 15.650313 ], [ 69.965438, 15.65119 ], [ 69.965226, 15.652068 ], [ 69.965015, 15.652947 ], [ 69.964803, 15.653826 ], [ 69.964591, 15.654706 ], [ 69.96438, 15.655584 ], [ 69.964168, 15.656462 ], [ 69.963957, 15.657341 ], [ 69.963745, 15.65822 ], [ 69.963534, 15.659099 ], [ 69.963322, 15.659977 ], [ 69.96311, 15.660858 ], [ 69.962899, 15.661734 ], [ 69.962688, 15.662613 ], [ 69.962476, 15.663492 ], [ 69.962264, 15.664371 ], [ 69.962053, 15.66525 ], [ 69.961841, 15.666129 ], [ 69.96163, 15.667008 ], [ 69.961418, 15.667886 ], [ 69.961207, 15.668765 ], [ 69.960995, 15.669643 ], [ 69.960784, 15.670522 ], [ 69.960572, 15.671401 ], [ 69.960361, 15.672279 ], [ 69.960149, 15.67316 ], [ 69.959937, 15.674037 ], [ 69.959726, 15.674916 ], [ 69.959514, 15.675795 ], [ 69.959303, 15.676673 ], [ 69.959091, 15.677552 ], [ 69.95888, 15.678431 ], [ 69.958668, 15.679311 ], [ 69.958456, 15.680188 ], [ 69.958245, 15.681067 ], [ 69.958033, 15.681946 ], [ 69.957822, 15.682825 ], [ 69.95761, 15.683703 ], [ 69.957399, 15.684582 ], [ 69.957187, 15.685463 ], [ 69.956975, 15.686339 ], [ 69.956764, 15.687218 ], [ 69.956552, 15.688097 ], [ 69.956341, 15.688976 ], [ 69.956129, 15.689855 ], [ 69.955918, 15.690734 ], [ 69.955706, 15.691613 ], [ 69.955494, 15.692491 ], [ 69.955283, 15.69337 ], [ 69.955071, 15.694249 ], [ 69.95486, 15.695127 ], [ 69.954648, 15.696007 ], [ 69.954437, 15.696884 ], [ 69.954225, 15.697764 ], [ 69.954013, 15.698642 ], [ 69.953802, 15.699521 ], [ 69.95359, 15.7004 ], [ 69.953379, 15.701278 ], [ 69.953167, 15.702159 ], [ 69.952955, 15.703036 ], [ 69.952744, 15.703915 ], [ 69.952532, 15.704794 ], [ 69.952321, 15.705672 ], [ 69.952109, 15.706551 ], [ 69.951897, 15.707429 ], [ 69.951685, 15.70831 ], [ 69.951474, 15.709187 ], [ 69.951263, 15.710066 ], [ 69.951051, 15.710945 ], [ 69.950839, 15.711823 ], [ 69.950628, 15.712702 ], [ 69.950416, 15.713581 ], [ 69.950204, 15.714461 ], [ 69.949993, 15.715339 ], [ 69.949781, 15.716217 ], [ 69.94957, 15.717096 ], [ 69.949358, 15.717975 ], [ 69.949147, 15.718854 ], [ 69.948935, 15.719732 ], [ 69.948723, 15.720613 ], [ 69.948512, 15.72149 ], [ 69.9483, 15.722368 ], [ 69.948088, 15.723247 ], [ 69.947877, 15.724126 ], [ 69.947665, 15.725005 ], [ 69.947454, 15.725883 ], [ 69.947242, 15.726764 ], [ 69.94703, 15.727641 ], [ 69.946819, 15.72852 ], [ 69.946607, 15.729399 ], [ 69.946396, 15.730278 ], [ 69.946184, 15.731157 ], [ 69.945972, 15.732035 ], [ 69.945761, 15.732914 ], [ 69.945549, 15.733793 ], [ 69.945337, 15.734671 ], [ 69.945126, 15.73555 ], [ 69.944914, 15.736429 ], [ 69.944702, 15.737309 ], [ 69.944491, 15.738186 ], [ 69.944279, 15.739065 ], [ 69.944068, 15.739944 ], [ 69.943856, 15.740822 ], [ 69.943644, 15.741701 ], [ 69.943433, 15.74258 ], [ 69.943221, 15.74346 ], [ 69.943009, 15.744338 ], [ 69.942798, 15.745216 ], [ 69.942586, 15.746095 ], [ 69.942375, 15.746974 ], [ 69.942163, 15.747853 ], [ 69.941951, 15.748732 ], [ 69.941739, 15.749612 ], [ 69.941528, 15.750489 ], [ 69.941316, 15.751367 ], [ 69.941105, 15.752247 ], [ 69.940893, 15.753125 ], [ 69.940681, 15.754004 ], [ 69.94047, 15.754883 ], [ 69.940258, 15.755763 ], [ 69.940047, 15.75664 ], [ 69.939822, 15.757573 ], [ 69.939009, 15.760773 ], [ 69.938618, 15.762318 ], [ 69.93784, 15.765409 ], [ 69.937453, 15.766956 ], [ 69.937237, 15.767824 ], [ 69.937019, 15.768695 ], [ 69.936802, 15.769568 ], [ 69.936585, 15.770439 ], [ 69.936368, 15.771311 ], [ 69.93615, 15.772183 ], [ 69.935623, 15.774313 ], [ 69.934577, 15.778575 ], [ 69.934057, 15.780706 ], [ 69.932987, 15.785126 ], [ 69.932579, 15.786811 ], [ 69.932206, 15.788328 ], [ 69.931869, 15.7897 ], [ 69.931199, 15.792447 ], [ 69.930857, 15.793858 ], [ 69.930655, 15.794694 ], [ 69.928613, 15.802986 ], [ 69.927913, 15.805857 ], [ 69.926498, 15.811718 ], [ 69.925798, 15.814649 ], [ 69.923021, 15.826386 ], [ 69.922334, 15.829321 ], [ 69.920973, 15.835195 ], [ 69.920299, 15.838132 ], [ 69.916566, 15.854587 ], [ 69.916103, 15.856643 ], [ 69.915183, 15.860758 ], [ 69.914726, 15.862815 ], [ 69.912913, 15.871053 ], [ 69.912463, 15.873112 ], [ 69.91157, 15.877232 ], [ 69.911127, 15.879292 ], [ 69.907605, 15.895791 ], [ 69.907328, 15.897098 ], [ 69.906775, 15.899715 ], [ 69.9065, 15.901023 ], [ 69.905404, 15.906261 ], [ 69.905132, 15.90757 ], [ 69.90459, 15.910189 ], [ 69.90432, 15.911498 ], [ 69.902171, 15.921984 ], [ 69.901792, 15.923846 ], [ 69.90104, 15.927572 ], [ 69.900667, 15.929435 ], [ 69.899184, 15.936893 ], [ 69.898724, 15.939225 ], [ 69.897814, 15.943891 ], [ 69.897363, 15.946225 ], [ 69.896961, 15.948329 ], [ 69.896693, 15.949732 ], [ 69.895067, 15.958299 ], [ 69.89486, 15.959392 ], [ 69.894508, 15.961267 ], [ 69.894331, 15.962211 ], [ 69.893525, 15.966534 ], [ 69.89338, 15.967316 ], [ 69.893002, 15.969357 ], [ 69.892814, 15.970376 ], [ 69.889, 15.991191 ], [ 69.888422, 15.994389 ], [ 69.887281, 16.000792 ], [ 69.886719, 16.003994 ], [ 69.884501, 16.016813 ], [ 69.883955, 16.020017 ], [ 69.882878, 16.02643 ], [ 69.882348, 16.029636 ], [ 69.878168, 16.055315 ], [ 69.877624, 16.058713 ], [ 69.876554, 16.065514 ], [ 69.876028, 16.068915 ], [ 69.873958, 16.082531 ], [ 69.87345, 16.085935 ], [ 69.872452, 16.092747 ], [ 69.871962, 16.096154 ], [ 69.869844, 16.111151 ], [ 69.869757, 16.111769 ], [ 69.868382, 16.121111 ], [ 69.868071, 16.123247 ], [ 69.867443, 16.12761 ], [ 69.867133, 16.129791 ], [ 69.865907, 16.138523 ], [ 69.865605, 16.140706 ], [ 69.865006, 16.145074 ], [ 69.864711, 16.147258 ], [ 69.864592, 16.148151 ], [ 69.864472, 16.149046 ], [ 69.864353, 16.149939 ], [ 69.864234, 16.150831 ], [ 69.864115, 16.151724 ], [ 69.863995, 16.152619 ], [ 69.863876, 16.153513 ], [ 69.863757, 16.154405 ], [ 69.863637, 16.1553 ], [ 69.863518, 16.156193 ], [ 69.863399, 16.157085 ], [ 69.86328, 16.157978 ], [ 69.86316, 16.158873 ], [ 69.863041, 16.159766 ], [ 69.862922, 16.160658 ], [ 69.862803, 16.161552 ], [ 69.862683, 16.162447 ], [ 69.862564, 16.16334 ], [ 69.862445, 16.164232 ], [ 69.862326, 16.165125 ], [ 69.862206, 16.16602 ], [ 69.862087, 16.166914 ], [ 69.861968, 16.167805 ], [ 69.861849, 16.168698 ], [ 69.861551, 16.170957 ], [ 69.860964, 16.175475 ], [ 69.860732, 16.177281 ], [ 69.860669, 16.17774 ], [ 69.860556, 16.178561 ], [ 69.860108, 16.181847 ], [ 69.859996, 16.182668 ], [ 69.859774, 16.184311 ], [ 69.859664, 16.185132 ], [ 69.858784, 16.191706 ], [ 69.858674, 16.192527 ], [ 69.858456, 16.19417 ], [ 69.858348, 16.194992 ], [ 69.857916, 16.19828 ], [ 69.857809, 16.199102 ], [ 69.857595, 16.200746 ], [ 69.857489, 16.201568 ], [ 69.857373, 16.202466 ], [ 69.857258, 16.203359 ], [ 69.857144, 16.204247 ], [ 69.857028, 16.205147 ], [ 69.856913, 16.206041 ], [ 69.856799, 16.206931 ], [ 69.856684, 16.207825 ], [ 69.856568, 16.208723 ], [ 69.856453, 16.209617 ], [ 69.856339, 16.210506 ], [ 69.856215, 16.211464 ], [ 69.855971, 16.213355 ], [ 69.85584, 16.214296 ], [ 69.855724, 16.21519 ], [ 69.855593, 16.21608 ], [ 69.855469, 16.216974 ], [ 69.855346, 16.217868 ], [ 69.855227, 16.218762 ], [ 69.855098, 16.219653 ], [ 69.854975, 16.220546 ], [ 69.854851, 16.22144 ], [ 69.85473, 16.222334 ], [ 69.854603, 16.223226 ], [ 69.85448, 16.22412 ], [ 69.854357, 16.225012 ], [ 69.854232, 16.225904 ], [ 69.854109, 16.226794 ], [ 69.853985, 16.227686 ], [ 69.853492, 16.231325 ], [ 69.852743, 16.236967 ], [ 69.85266, 16.237594 ], [ 69.852542, 16.238486 ], [ 69.852458, 16.239128 ], [ 69.852368, 16.239811 ], [ 69.852051, 16.242246 ], [ 69.851936, 16.243139 ], [ 69.851821, 16.244033 ], [ 69.851709, 16.244929 ], [ 69.851592, 16.245822 ], [ 69.851477, 16.246715 ], [ 69.851362, 16.247609 ], [ 69.851037, 16.250258 ], [ 69.850716, 16.252446 ], [ 69.850201, 16.256791 ], [ 69.849636, 16.26073 ], [ 69.849486, 16.26162 ], [ 69.849386, 16.262517 ], [ 69.84924, 16.263405 ], [ 69.849117, 16.264297 ], [ 69.848993, 16.265192 ], [ 69.848885, 16.266087 ], [ 69.848747, 16.266976 ], [ 69.848624, 16.26787 ], [ 69.84851, 16.268765 ], [ 69.848378, 16.269655 ], [ 69.848254, 16.270547 ], [ 69.848131, 16.271442 ], [ 69.84801, 16.272335 ], [ 69.847885, 16.273226 ], [ 69.84777, 16.27412 ], [ 69.847655, 16.275015 ], [ 69.847548, 16.27591 ], [ 69.847426, 16.276802 ], [ 69.847312, 16.277696 ], [ 69.847197, 16.278591 ], [ 69.847099, 16.279487 ], [ 69.846968, 16.280378 ], [ 69.846853, 16.281272 ], [ 69.846739, 16.282167 ], [ 69.846651, 16.283064 ], [ 69.84651, 16.283953 ], [ 69.846395, 16.284849 ], [ 69.846314, 16.285747 ], [ 69.846166, 16.286635 ], [ 69.846051, 16.287529 ], [ 69.845936, 16.288425 ], [ 69.845825, 16.289317 ], [ 69.845705, 16.290208 ], [ 69.8456, 16.291103 ], [ 69.84549, 16.291999 ], [ 69.84541, 16.292886 ], [ 69.845138, 16.293774 ], [ 69.845019, 16.294667 ], [ 69.844899, 16.295562 ], [ 69.84478, 16.296456 ], [ 69.84466, 16.297348 ], [ 69.844541, 16.298241 ], [ 69.844421, 16.299136 ], [ 69.844302, 16.300029 ], [ 69.844183, 16.300921 ], [ 69.844063, 16.301816 ], [ 69.843944, 16.30271 ], [ 69.843824, 16.303601 ], [ 69.843705, 16.304495 ], [ 69.843585, 16.30539 ], [ 69.843466, 16.306283 ], [ 69.842848, 16.311537 ], [ 69.842743, 16.312298 ], [ 69.842619, 16.313192 ], [ 69.842512, 16.314088 ], [ 69.842372, 16.314977 ], [ 69.842249, 16.31587 ], [ 69.842125, 16.316764 ], [ 69.842014, 16.31766 ], [ 69.841878, 16.31855 ], [ 69.841755, 16.319443 ], [ 69.84164, 16.320338 ], [ 69.841508, 16.321228 ], [ 69.841384, 16.322121 ], [ 69.84126, 16.323015 ], [ 69.841142, 16.323909 ], [ 69.841013, 16.3248 ], [ 69.84089, 16.325693 ], [ 69.840766, 16.326588 ], [ 69.840649, 16.327449 ], [ 69.840568, 16.328047 ], [ 69.840447, 16.32894 ], [ 69.83968, 16.334662 ], [ 69.839566, 16.335556 ], [ 69.839451, 16.33645 ], [ 69.839339, 16.337346 ], [ 69.839221, 16.338238 ], [ 69.839106, 16.339132 ], [ 69.838991, 16.340027 ], [ 69.838885, 16.340922 ], [ 69.838762, 16.341814 ], [ 69.838647, 16.342709 ], [ 69.838544, 16.343605 ], [ 69.838417, 16.344497 ], [ 69.838303, 16.345391 ], [ 69.838185, 16.346308 ], [ 69.837373, 16.351845 ], [ 69.837254, 16.352739 ], [ 69.837134, 16.353634 ], [ 69.837015, 16.354527 ], [ 69.836895, 16.355419 ], [ 69.836776, 16.356312 ], [ 69.836656, 16.357207 ], [ 69.836537, 16.358101 ], [ 69.836417, 16.358992 ], [ 69.836298, 16.359887 ], [ 69.836178, 16.360781 ], [ 69.836059, 16.361673 ], [ 69.835939, 16.362566 ], [ 69.83582, 16.363461 ], [ 69.8357, 16.364355 ], [ 69.835581, 16.365246 ], [ 69.835461, 16.36614 ], [ 69.835341, 16.367035 ], [ 69.835222, 16.367928 ], [ 69.835103, 16.36882 ], [ 69.834983, 16.369713 ], [ 69.834863, 16.370608 ], [ 69.834744, 16.371502 ], [ 69.834625, 16.372394 ], [ 69.834505, 16.373287 ], [ 69.834385, 16.374182 ], [ 69.834266, 16.375075 ], [ 69.834147, 16.375967 ], [ 69.834027, 16.376862 ], [ 69.833907, 16.377756 ], [ 69.833788, 16.378647 ], [ 69.833668, 16.379541 ], [ 69.833549, 16.380436 ], [ 69.833429, 16.381329 ], [ 69.83331, 16.382221 ], [ 69.83319, 16.383114 ], [ 69.833071, 16.384009 ], [ 69.832951, 16.384903 ], [ 69.832832, 16.385795 ], [ 69.832712, 16.386688 ], [ 69.832593, 16.387583 ], [ 69.832473, 16.388477 ], [ 69.832354, 16.389368 ], [ 69.832234, 16.390262 ], [ 69.832114, 16.391157 ], [ 69.831995, 16.39205 ], [ 69.831876, 16.392942 ], [ 69.831756, 16.393837 ], [ 69.831636, 16.39473 ], [ 69.831517, 16.395622 ], [ 69.831397, 16.396516 ], [ 69.831278, 16.397411 ], [ 69.831158, 16.398304 ], [ 69.831039, 16.399196 ], [ 69.830919, 16.400089 ], [ 69.830799, 16.400984 ], [ 69.83068, 16.401878 ], [ 69.830561, 16.402769 ], [ 69.830441, 16.403663 ], [ 69.830321, 16.404558 ], [ 69.830202, 16.405451 ], [ 69.830082, 16.406343 ], [ 69.829963, 16.407237 ], [ 69.829843, 16.408132 ], [ 69.829723, 16.409025 ], [ 69.829604, 16.409917 ], [ 69.829485, 16.41081 ], [ 69.829365, 16.411705 ], [ 69.829245, 16.412599 ], [ 69.829126, 16.41349 ], [ 69.829006, 16.414385 ], [ 69.828886, 16.415279 ], [ 69.828767, 16.416171 ], [ 69.828648, 16.417064 ], [ 69.828528, 16.417959 ], [ 69.828408, 16.418852 ], [ 69.828289, 16.419744 ], [ 69.828169, 16.420638 ], [ 69.82805, 16.421533 ], [ 69.82793, 16.422426 ], [ 69.827811, 16.423318 ], [ 69.827691, 16.424211 ], [ 69.827571, 16.425106 ], [ 69.827452, 16.426 ], [ 69.827332, 16.426892 ], [ 69.827213, 16.427785 ], [ 69.827093, 16.42868 ], [ 69.826973, 16.429573 ], [ 69.826854, 16.430465 ], [ 69.826734, 16.43136 ], [ 69.826615, 16.432254 ], [ 69.826495, 16.433145 ], [ 69.826376, 16.434039 ], [ 69.826256, 16.434934 ], [ 69.826136, 16.435827 ], [ 69.826017, 16.436719 ], [ 69.825897, 16.437612 ], [ 69.825778, 16.438507 ], [ 69.825658, 16.439401 ], [ 69.825539, 16.440293 ], [ 69.825419, 16.441186 ], [ 69.825299, 16.442081 ], [ 69.82518, 16.442975 ], [ 69.82506, 16.443866 ], [ 69.824941, 16.44476 ], [ 69.824821, 16.445655 ], [ 69.82492, 16.446209 ], [ 69.824814, 16.446576 ], [ 69.824686, 16.447265 ], [ 69.824518, 16.448149 ], [ 69.82435, 16.449032 ], [ 69.824174, 16.449874 ], [ 69.823995, 16.450829 ], [ 69.823718, 16.451474 ], [ 69.8235, 16.45235 ], [ 69.823283, 16.453227 ], [ 69.823065, 16.454104 ], [ 69.822847, 16.454982 ], [ 69.82263, 16.45586 ], [ 69.822413, 16.456736 ], [ 69.822195, 16.457613 ], [ 69.821968, 16.458526 ], [ 69.821139, 16.461498 ], [ 69.819774, 16.466449 ], [ 69.814248, 16.486798 ], [ 69.813905, 16.488068 ], [ 69.81322, 16.490611 ], [ 69.812879, 16.491883 ], [ 69.811518, 16.496974 ], [ 69.81118, 16.498246 ], [ 69.810505, 16.500793 ], [ 69.810169, 16.502065 ], [ 69.807488, 16.512261 ], [ 69.807154, 16.513535 ], [ 69.806489, 16.516084 ], [ 69.806158, 16.517359 ], [ 69.804838, 16.522461 ], [ 69.80451, 16.523737 ], [ 69.803855, 16.52629 ], [ 69.803529, 16.527566 ], [ 69.803374, 16.528173 ], [ 69.803123, 16.529167 ], [ 69.80262, 16.531154 ], [ 69.80237, 16.532148 ], [ 69.801372, 16.536125 ], [ 69.801123, 16.537119 ], [ 69.800627, 16.539107 ], [ 69.80038, 16.540101 ], [ 69.798409, 16.54806 ], [ 69.798163, 16.549054 ], [ 69.797674, 16.551043 ], [ 69.79743, 16.552038 ], [ 69.796457, 16.556019 ], [ 69.796215, 16.557014 ], [ 69.795732, 16.559004 ], [ 69.795491, 16.559999 ], [ 69.791648, 16.575939 ], [ 69.791171, 16.577931 ], [ 69.790223, 16.581917 ], [ 69.789752, 16.583911 ], [ 69.787881, 16.591891 ], [ 69.787416, 16.593886 ], [ 69.786494, 16.597878 ], [ 69.786035, 16.599874 ], [ 69.782393, 16.615858 ], [ 69.781941, 16.617855 ], [ 69.781043, 16.621852 ], [ 69.780597, 16.623851 ], [ 69.778826, 16.631853 ], [ 69.778387, 16.633853 ], [ 69.777514, 16.637855 ], [ 69.777081, 16.639856 ], [ 69.775121, 16.648986 ], [ 69.77475, 16.650476 ], [ 69.774536, 16.651353 ], [ 69.774322, 16.652232 ], [ 69.774108, 16.65311 ], [ 69.773893, 16.653988 ], [ 69.773679, 16.654867 ], [ 69.773465, 16.655745 ], [ 69.77325, 16.656623 ], [ 69.773036, 16.657502 ], [ 69.772822, 16.65838 ], [ 69.772607, 16.659259 ], [ 69.772393, 16.660137 ], [ 69.772179, 16.661014 ], [ 69.771965, 16.661892 ], [ 69.77175, 16.662772 ], [ 69.771536, 16.66365 ], [ 69.771321, 16.664529 ], [ 69.771107, 16.665407 ], [ 69.770893, 16.666283 ], [ 69.770582, 16.667565 ], [ 69.769962, 16.67013 ], [ 69.769653, 16.671412 ], [ 69.768422, 16.676545 ], [ 69.768116, 16.677827 ], [ 69.767506, 16.680394 ], [ 69.767203, 16.681677 ], [ 69.764784, 16.691951 ], [ 69.764483, 16.693234 ], [ 69.763883, 16.695802 ], [ 69.763585, 16.697086 ], [ 69.762397, 16.702227 ], [ 69.762101, 16.703511 ], [ 69.761512, 16.706081 ], [ 69.76122, 16.707364 ], [ 69.756547, 16.727948 ], [ 69.756257, 16.729232 ], [ 69.755678, 16.731804 ], [ 69.75539, 16.73309 ], [ 69.754243, 16.738239 ], [ 69.753958, 16.739526 ], [ 69.75339, 16.742101 ], [ 69.753107, 16.743388 ], [ 69.750854, 16.753697 ], [ 69.750574, 16.754985 ], [ 69.750016, 16.757562 ], [ 69.749738, 16.758851 ], [ 69.748633, 16.76401 ], [ 69.747143, 16.771441 ], [ 69.746547, 16.774196 ], [ 69.74618, 16.775857 ], [ 69.745991, 16.776739 ], [ 69.745803, 16.77762 ], [ 69.745615, 16.778501 ], [ 69.745427, 16.779381 ], [ 69.745238, 16.780263 ], [ 69.74505, 16.781145 ], [ 69.744862, 16.782026 ], [ 69.744673, 16.782908 ], [ 69.744485, 16.783788 ], [ 69.744297, 16.78467 ], [ 69.744108, 16.785552 ], [ 69.74392, 16.786433 ], [ 69.743732, 16.787313 ], [ 69.743544, 16.788193 ], [ 69.743528, 16.789252 ], [ 69.743308, 16.790129 ], [ 69.742723, 16.792337 ], [ 69.742509, 16.793209 ], [ 69.742328, 16.794089 ], [ 69.742121, 16.794966 ], [ 69.741898, 16.795825 ], [ 69.741044, 16.797858 ], [ 69.740319, 16.800425 ], [ 69.740001, 16.801488 ], [ 69.739786, 16.802204 ], [ 69.739059, 16.804641 ], [ 69.738688, 16.805883 ], [ 69.738367, 16.806961 ], [ 69.738056, 16.808008 ], [ 69.737798, 16.808877 ], [ 69.737539, 16.809746 ], [ 69.737281, 16.810615 ], [ 69.737023, 16.811482 ], [ 69.735751, 16.815816 ], [ 69.735255, 16.81753 ], [ 69.734488, 16.820127 ], [ 69.73407, 16.82155 ], [ 69.733748, 16.822652 ], [ 69.732109, 16.828266 ], [ 69.730968, 16.831977 ], [ 69.728895, 16.838851 ], [ 69.728379, 16.840569 ], [ 69.727352, 16.844009 ], [ 69.726841, 16.845729 ], [ 69.726585, 16.846595 ], [ 69.726328, 16.847464 ], [ 69.726072, 16.848333 ], [ 69.725815, 16.849202 ], [ 69.725558, 16.850071 ], [ 69.725301, 16.850939 ], [ 69.725044, 16.851808 ], [ 69.724788, 16.852675 ], [ 69.723687, 16.85644 ], [ 69.72227, 16.861332 ], [ 69.721976, 16.862315 ], [ 69.721716, 16.863183 ], [ 69.721455, 16.864051 ], [ 69.721195, 16.86492 ], [ 69.720935, 16.865788 ], [ 69.720675, 16.866656 ], [ 69.720417, 16.867519 ], [ 69.720158, 16.86838 ], [ 69.719809, 16.869549 ], [ 69.719113, 16.871888 ], [ 69.718766, 16.873058 ], [ 69.717383, 16.877738 ], [ 69.717038, 16.878908 ], [ 69.716351, 16.88125 ], [ 69.716008, 16.882421 ], [ 69.715756, 16.883287 ], [ 69.715502, 16.884156 ], [ 69.715249, 16.885025 ], [ 69.714995, 16.885895 ], [ 69.714741, 16.886766 ], [ 69.714488, 16.887636 ], [ 69.714234, 16.888505 ], [ 69.713973, 16.8894 ], [ 69.712157, 16.895428 ], [ 69.711172, 16.898728 ], [ 69.710915, 16.899595 ], [ 69.710659, 16.900463 ], [ 69.710402, 16.901332 ], [ 69.710145, 16.902201 ], [ 69.709888, 16.90307 ], [ 69.709631, 16.903938 ], [ 69.709374, 16.904807 ], [ 69.709117, 16.905676 ], [ 69.70886, 16.906545 ], [ 69.708603, 16.907414 ], [ 69.708346, 16.908283 ], [ 69.708089, 16.909151 ], [ 69.707832, 16.910021 ], [ 69.707575, 16.91089 ], [ 69.707319, 16.911758 ], [ 69.707062, 16.912627 ], [ 69.706805, 16.913496 ], [ 69.706548, 16.914365 ], [ 69.706291, 16.915233 ], [ 69.706034, 16.916102 ], [ 69.705777, 16.916971 ], [ 69.70552, 16.91784 ], [ 69.705263, 16.918709 ], [ 69.705006, 16.919578 ], [ 69.704749, 16.920446 ], [ 69.704492, 16.921316 ], [ 69.704235, 16.922185 ], [ 69.703978, 16.923053 ], [ 69.703722, 16.923922 ], [ 69.703464, 16.924791 ], [ 69.703208, 16.92566 ], [ 69.702951, 16.926528 ], [ 69.702694, 16.927397 ], [ 69.702437, 16.928267 ], [ 69.70218, 16.929135 ], [ 69.701923, 16.930004 ], [ 69.701666, 16.930873 ], [ 69.701409, 16.931742 ], [ 69.701152, 16.932611 ], [ 69.700895, 16.93348 ], [ 69.700638, 16.934348 ], [ 69.700381, 16.935217 ], [ 69.70011, 16.936135 ], [ 69.699937, 16.936645 ], [ 69.699637, 16.937501 ], [ 69.699339, 16.938355 ], [ 69.69904, 16.939209 ], [ 69.698741, 16.940065 ], [ 69.698442, 16.94092 ], [ 69.698143, 16.941775 ], [ 69.697844, 16.94263 ], [ 69.697545, 16.943486 ], [ 69.697247, 16.94434 ], [ 69.696947, 16.945198 ], [ 69.696263, 16.947017 ], [ 69.69505, 16.950267 ], [ 69.69023, 16.96329 ], [ 69.689035, 16.966547 ], [ 69.68666, 16.973069 ], [ 69.685481, 16.976333 ], [ 69.681505, 16.987421 ], [ 69.681142, 16.988374 ], [ 69.680818, 16.989223 ], [ 69.680496, 16.99007 ], [ 69.680173, 16.990919 ], [ 69.679849, 16.991768 ], [ 69.679527, 16.992615 ], [ 69.679204, 16.993463 ], [ 69.67888, 16.994312 ], [ 69.678557, 16.99516 ], [ 69.678234, 16.99601 ], [ 69.677911, 16.996857 ], [ 69.677588, 16.997705 ], [ 69.677264, 16.998555 ], [ 69.676942, 16.999402 ], [ 69.676619, 17.00025 ], [ 69.676296, 17.001098 ], [ 69.675973, 17.001946 ], [ 69.675649, 17.002796 ], [ 69.675326, 17.003643 ], [ 69.675003, 17.004491 ], [ 69.67468, 17.00534 ], [ 69.674357, 17.006188 ], [ 69.674033, 17.007038 ], [ 69.673711, 17.007885 ], [ 69.673388, 17.008733 ], [ 69.673064, 17.009583 ], [ 69.672741, 17.010429 ], [ 69.672418, 17.011278 ], [ 69.672095, 17.012126 ], [ 69.671773, 17.012973 ], [ 69.669719, 17.01855 ], [ 69.669462, 17.019211 ], [ 69.669132, 17.020105 ], [ 69.66887, 17.020783 ], [ 69.668542, 17.02163 ], [ 69.668215, 17.022476 ], [ 69.667887, 17.023323 ], [ 69.667559, 17.02417 ], [ 69.667231, 17.025017 ], [ 69.666904, 17.025863 ], [ 69.666576, 17.026709 ], [ 69.666249, 17.027556 ], [ 69.665921, 17.028403 ], [ 69.665593, 17.02925 ], [ 69.665266, 17.030096 ], [ 69.664796, 17.031314 ], [ 69.664524, 17.03202 ], [ 69.664041, 17.03328 ], [ 69.663625, 17.034369 ], [ 69.663232, 17.035397 ], [ 69.662908, 17.036245 ], [ 69.661882, 17.03895 ], [ 69.661562, 17.039799 ], [ 69.661242, 17.04065 ], [ 69.660922, 17.041498 ], [ 69.660602, 17.042347 ], [ 69.660281, 17.043199 ], [ 69.659962, 17.044047 ], [ 69.659642, 17.044896 ], [ 69.659322, 17.045746 ], [ 69.659002, 17.046594 ], [ 69.657152, 17.051643 ], [ 69.655495, 17.056114 ], [ 69.654756, 17.057682 ], [ 69.654431, 17.058529 ], [ 69.654106, 17.059377 ], [ 69.653781, 17.060225 ], [ 69.653457, 17.06107 ], [ 69.653047, 17.062141 ], [ 69.65042, 17.069316 ], [ 69.650154, 17.069991 ], [ 69.649132, 17.072689 ], [ 69.648461, 17.074399 ], [ 69.646776, 17.078715 ], [ 69.645556, 17.081863 ], [ 69.644773, 17.083899 ], [ 69.64449, 17.084635 ], [ 69.643334, 17.087651 ], [ 69.642895, 17.088802 ], [ 69.642572, 17.089649 ], [ 69.642249, 17.090498 ], [ 69.641927, 17.091344 ], [ 69.641342, 17.092886 ], [ 69.640177, 17.095972 ], [ 69.639589, 17.097534 ], [ 69.639174, 17.09864 ], [ 69.636787, 17.105013 ], [ 69.636261, 17.106423 ], [ 69.635215, 17.109237 ], [ 69.634693, 17.110645 ], [ 69.632107, 17.117647 ], [ 69.630905, 17.12093 ], [ 69.629625, 17.12445 ], [ 69.625597, 17.135382 ], [ 69.623618, 17.140825 ], [ 69.614808, 17.165396 ], [ 69.614261, 17.166929 ], [ 69.613168, 17.170001 ], [ 69.612623, 17.171537 ], [ 69.610452, 17.177688 ], [ 69.609911, 17.179225 ], [ 69.608833, 17.182303 ], [ 69.608297, 17.183841 ], [ 69.604014, 17.196167 ], [ 69.603481, 17.197707 ], [ 69.602418, 17.20079 ], [ 69.601889, 17.202332 ], [ 69.599778, 17.208505 ], [ 69.599252, 17.210048 ], [ 69.598205, 17.213137 ], [ 69.597683, 17.214682 ], [ 69.597399, 17.215526 ], [ 69.597113, 17.216376 ], [ 69.596827, 17.217226 ], [ 69.596541, 17.218076 ], [ 69.596256, 17.218924 ], [ 69.59597, 17.219773 ], [ 69.595684, 17.220624 ], [ 69.595399, 17.221472 ], [ 69.595113, 17.222321 ], [ 69.594827, 17.223172 ], [ 69.594541, 17.22402 ], [ 69.594256, 17.224869 ], [ 69.593969, 17.22572 ], [ 69.593684, 17.226568 ], [ 69.593398, 17.227417 ], [ 69.593112, 17.228268 ], [ 69.592827, 17.229116 ], [ 69.592541, 17.229965 ], [ 69.592255, 17.230816 ], [ 69.591969, 17.231666 ], [ 69.591684, 17.232513 ], [ 69.591398, 17.233363 ], [ 69.591112, 17.234214 ], [ 69.590827, 17.235062 ], [ 69.590541, 17.235911 ], [ 69.590255, 17.236761 ], [ 69.58997, 17.23761 ], [ 69.589684, 17.238459 ], [ 69.589398, 17.23931 ], [ 69.589112, 17.240158 ], [ 69.588827, 17.241007 ], [ 69.58854, 17.241858 ], [ 69.588255, 17.242705 ], [ 69.587969, 17.243555 ], [ 69.587683, 17.244406 ], [ 69.587397, 17.245255 ], [ 69.587112, 17.246103 ], [ 69.586826, 17.246953 ], [ 69.58654, 17.247804 ], [ 69.586255, 17.248651 ], [ 69.585969, 17.249501 ], [ 69.585683, 17.250352 ], [ 69.585397, 17.2512 ], [ 69.585112, 17.252049 ], [ 69.584825, 17.2529 ], [ 69.58454, 17.253748 ], [ 69.584254, 17.254597 ], [ 69.583968, 17.255448 ], [ 69.583683, 17.256295 ], [ 69.583397, 17.257145 ], [ 69.583111, 17.257996 ], [ 69.582825, 17.258845 ], [ 69.58254, 17.259693 ], [ 69.582254, 17.260543 ], [ 69.581968, 17.261393 ], [ 69.581683, 17.262241 ], [ 69.581397, 17.263091 ], [ 69.58111, 17.263942 ], [ 69.580825, 17.264789 ], [ 69.580539, 17.265639 ], [ 69.580253, 17.26649 ], [ 69.579968, 17.267338 ], [ 69.579682, 17.268186 ], [ 69.579397, 17.269033 ], [ 69.578407, 17.272 ], [ 69.576441, 17.277937 ], [ 69.575465, 17.280907 ], [ 69.57159, 17.292799 ], [ 69.570629, 17.295773 ], [ 69.56872, 17.301726 ], [ 69.567773, 17.304703 ], [ 69.560251, 17.328554 ], [ 69.559318, 17.331534 ], [ 69.557467, 17.337503 ], [ 69.556549, 17.340488 ], [ 69.552903, 17.352443 ], [ 69.551999, 17.355432 ], [ 69.550206, 17.361415 ], [ 69.549317, 17.364405 ], [ 69.535188, 17.412357 ], [ 69.534313, 17.415351 ], [ 69.532577, 17.421349 ], [ 69.531716, 17.424349 ], [ 69.528298, 17.436367 ], [ 69.527451, 17.439372 ], [ 69.525772, 17.445387 ], [ 69.52494, 17.448395 ], [ 69.518334, 17.472496 ], [ 69.517516, 17.475508 ], [ 69.515929, 17.481752 ], [ 69.515164, 17.484576 ], [ 69.51192, 17.49664 ], [ 69.511123, 17.499659 ], [ 69.509571, 17.505709 ], [ 69.508986, 17.508001 ], [ 69.508806, 17.508736 ], [ 69.508578, 17.509608 ], [ 69.508361, 17.510486 ], [ 69.508144, 17.511364 ], [ 69.507926, 17.512243 ], [ 69.507709, 17.513121 ], [ 69.507492, 17.513998 ], [ 69.507275, 17.514876 ], [ 69.507057, 17.515756 ], [ 69.50684, 17.516634 ], [ 69.506623, 17.517512 ], [ 69.506405, 17.51839 ], [ 69.506179, 17.519308 ], [ 69.505957, 17.520141 ], [ 69.505758, 17.521023 ], [ 69.505558, 17.521904 ], [ 69.505334, 17.522778 ], [ 69.505143, 17.523661 ], [ 69.504925, 17.524539 ], [ 69.504547, 17.525388 ], [ 69.504325, 17.526265 ], [ 69.504103, 17.527142 ], [ 69.50388, 17.528019 ], [ 69.503658, 17.528896 ], [ 69.503435, 17.529773 ], [ 69.503213, 17.53065 ], [ 69.502991, 17.531525 ], [ 69.502768, 17.532402 ], [ 69.502545, 17.533281 ], [ 69.502323, 17.534158 ], [ 69.5021, 17.535035 ], [ 69.501878, 17.535912 ], [ 69.501655, 17.536789 ], [ 69.501433, 17.537666 ], [ 69.50121, 17.538543 ], [ 69.500988, 17.53942 ], [ 69.500766, 17.540297 ], [ 69.500543, 17.541173 ], [ 69.500321, 17.542049 ], [ 69.500098, 17.542928 ], [ 69.499876, 17.543805 ], [ 69.499653, 17.544682 ], [ 69.499431, 17.545559 ], [ 69.499208, 17.546436 ], [ 69.498986, 17.547313 ], [ 69.498763, 17.54819 ], [ 69.498541, 17.549067 ], [ 69.498319, 17.549943 ], [ 69.498096, 17.55082 ], [ 69.497873, 17.551698 ], [ 69.497651, 17.552575 ], [ 69.497428, 17.553452 ], [ 69.497206, 17.554329 ], [ 69.496983, 17.555206 ], [ 69.496761, 17.556083 ], [ 69.496538, 17.55696 ], [ 69.496316, 17.557837 ], [ 69.496093, 17.558714 ], [ 69.495871, 17.55959 ], [ 69.495649, 17.560467 ], [ 69.495426, 17.561345 ], [ 69.495203, 17.562222 ], [ 69.494981, 17.5631 ], [ 69.494758, 17.563976 ], [ 69.494536, 17.564851 ], [ 69.494029, 17.566866 ], [ 69.493019, 17.5709 ], [ 69.492518, 17.572916 ], [ 69.491622, 17.576544 ], [ 69.49093, 17.579217 ], [ 69.490642, 17.580334 ], [ 69.490487, 17.58094 ], [ 69.488464, 17.58185 ], [ 69.487645, 17.582231 ], [ 69.486822, 17.582613 ], [ 69.486002, 17.582995 ], [ 69.485182, 17.583377 ], [ 69.484359, 17.583759 ], [ 69.483538, 17.584141 ], [ 69.482717, 17.584523 ], [ 69.481896, 17.584905 ], [ 69.481076, 17.585287 ], [ 69.480253, 17.585669 ], [ 69.479432, 17.586051 ], [ 69.478612, 17.586432 ], [ 69.47779, 17.586815 ], [ 69.476969, 17.587197 ], [ 69.47615, 17.587578 ], [ 69.475326, 17.587961 ], [ 69.474505, 17.588343 ], [ 69.473685, 17.588724 ], [ 69.472863, 17.589107 ], [ 69.472042, 17.589488 ], [ 69.471222, 17.58987 ], [ 69.470399, 17.590253 ], [ 69.469578, 17.590635 ], [ 69.468757, 17.591017 ], [ 69.467937, 17.591398 ], [ 69.467116, 17.59178 ], [ 69.466294, 17.592163 ], [ 69.465472, 17.592544 ], [ 69.464653, 17.592926 ], [ 69.463831, 17.593308 ], [ 69.463009, 17.59369 ], [ 69.462189, 17.594072 ], [ 69.461367, 17.594454 ], [ 69.460545, 17.594836 ], [ 69.459726, 17.595217 ], [ 69.458903, 17.5956 ], [ 69.458082, 17.595982 ], [ 69.457261, 17.596364 ], [ 69.45644, 17.596746 ], [ 69.455621, 17.597127 ], [ 69.454797, 17.59751 ], [ 69.453976, 17.597892 ], [ 69.453156, 17.598273 ], [ 69.452334, 17.598656 ], [ 69.451513, 17.599038 ], [ 69.450693, 17.599419 ], [ 69.44987, 17.599802 ], [ 69.449049, 17.600184 ], [ 69.448229, 17.600565 ], [ 69.447407, 17.600947 ], [ 69.446586, 17.60133 ], [ 69.445764, 17.601712 ], [ 69.444943, 17.602094 ], [ 69.444124, 17.602475 ], [ 69.443302, 17.602857 ], [ 69.442483, 17.603238 ], [ 69.437108, 17.605766 ], [ 69.43327, 17.60759 ], [ 69.432514, 17.607937 ], [ 69.431691, 17.608316 ], [ 69.430867, 17.608695 ], [ 69.430046, 17.609072 ], [ 69.429222, 17.609451 ], [ 69.428399, 17.60983 ], [ 69.427577, 17.610208 ], [ 69.426753, 17.610587 ], [ 69.425931, 17.610965 ], [ 69.425109, 17.611343 ], [ 69.424296, 17.611717 ], [ 69.423488, 17.612088 ], [ 69.421202, 17.613144 ], [ 69.416636, 17.615264 ], [ 69.414354, 17.616328 ], [ 69.413542, 17.616708 ], [ 69.412724, 17.617091 ], [ 69.411902, 17.617476 ], [ 69.411082, 17.617861 ], [ 69.410264, 17.618244 ], [ 69.409442, 17.618629 ], [ 69.408621, 17.619013 ], [ 69.407803, 17.619396 ], [ 69.406981, 17.619781 ], [ 69.406161, 17.620166 ], [ 69.405342, 17.620549 ], [ 69.404649, 17.620874 ], [ 69.403992, 17.621181 ], [ 69.403082, 17.621609 ], [ 69.397312, 17.624249 ], [ 69.396495, 17.624629 ], [ 69.395675, 17.625011 ], [ 69.394852, 17.625393 ], [ 69.394031, 17.625775 ], [ 69.393211, 17.626157 ], [ 69.392389, 17.626539 ], [ 69.391567, 17.626921 ], [ 69.390748, 17.627303 ], [ 69.389925, 17.627685 ], [ 69.389104, 17.628067 ], [ 69.388285, 17.628448 ], [ 69.387461, 17.628831 ], [ 69.38664, 17.629213 ], [ 69.385821, 17.629594 ], [ 69.384998, 17.629977 ], [ 69.384233, 17.63052 ], [ 69.383403, 17.630874 ], [ 69.382579, 17.631241 ], [ 69.381746, 17.631589 ], [ 69.380924, 17.631965 ], [ 69.380097, 17.63233 ], [ 69.379311, 17.63268 ], [ 69.378441, 17.633063 ], [ 69.377614, 17.633429 ], [ 69.376904, 17.633744 ], [ 69.375959, 17.634162 ], [ 69.375132, 17.634529 ], [ 69.374307, 17.634895 ], [ 69.373477, 17.635263 ], [ 69.372583, 17.635612 ], [ 69.371817, 17.635968 ], [ 69.370038, 17.636503 ], [ 69.35477, 17.642683 ], [ 69.349745, 17.644512 ], [ 69.348386, 17.645007 ], [ 69.345669, 17.646002 ], [ 69.344312, 17.6465 ], [ 69.333447, 17.650501 ], [ 69.332091, 17.651002 ], [ 69.329378, 17.652008 ], [ 69.328022, 17.652511 ], [ 69.322599, 17.654533 ], [ 69.321245, 17.655039 ], [ 69.318536, 17.656055 ], [ 69.317183, 17.656564 ], [ 69.306352, 17.66065 ], [ 69.305, 17.661162 ], [ 69.302296, 17.662188 ], [ 69.300944, 17.662703 ], [ 69.295538, 17.664767 ], [ 69.294188, 17.665284 ], [ 69.291488, 17.666321 ], [ 69.290139, 17.66684 ], [ 69.279343, 17.671011 ], [ 69.277995, 17.671533 ], [ 69.2753, 17.672581 ], [ 69.273953, 17.673106 ], [ 69.268564, 17.675212 ], [ 69.267218, 17.67574 ], [ 69.264527, 17.676798 ], [ 69.263183, 17.677328 ], [ 69.252422, 17.681583 ], [ 69.251079, 17.682116 ], [ 69.248392, 17.683185 ], [ 69.247049, 17.68372 ], [ 69.241678, 17.685869 ], [ 69.240337, 17.686407 ], [ 69.237655, 17.687486 ], [ 69.236315, 17.688027 ], [ 69.22559, 17.692366 ], [ 69.224251, 17.692909 ], [ 69.221573, 17.693999 ], [ 69.220235, 17.694545 ], [ 69.214883, 17.696736 ], [ 69.213546, 17.697284 ], [ 69.210873, 17.698384 ], [ 69.209538, 17.698936 ], [ 69.19885, 17.703359 ], [ 69.197515, 17.703913 ], [ 69.194847, 17.705023 ], [ 69.193513, 17.70558 ], [ 69.188179, 17.707812 ], [ 69.186847, 17.708371 ], [ 69.184183, 17.709492 ], [ 69.182853, 17.710054 ], [ 69.172202, 17.714561 ], [ 69.170872, 17.715125 ], [ 69.168213, 17.716256 ], [ 69.166885, 17.716823 ], [ 69.161569, 17.719097 ], [ 69.160242, 17.719667 ], [ 69.157588, 17.720809 ], [ 69.156262, 17.721381 ], [ 69.145649, 17.725971 ], [ 69.144325, 17.726546 ], [ 69.141675, 17.727698 ], [ 69.140351, 17.728275 ], [ 69.135055, 17.730591 ], [ 69.133732, 17.731171 ], [ 69.131132, 17.732314 ], [ 69.13005, 17.732769 ], [ 69.127769, 17.733734 ], [ 69.113832, 17.739652 ], [ 69.112092, 17.740393 ], [ 69.108613, 17.741881 ], [ 69.106876, 17.742627 ], [ 69.099924, 17.745621 ], [ 69.098188, 17.746372 ], [ 69.094718, 17.747877 ], [ 69.092985, 17.748632 ], [ 69.079114, 17.754693 ], [ 69.077382, 17.755452 ], [ 69.07392, 17.756975 ], [ 69.07219, 17.757739 ], [ 69.065273, 17.760805 ], [ 69.063545, 17.761573 ], [ 69.060091, 17.763114 ], [ 69.058366, 17.763886 ], [ 69.044563, 17.770089 ], [ 69.04284, 17.770866 ], [ 69.039394, 17.772425 ], [ 69.037673, 17.773206 ], [ 69.030789, 17.776342 ], [ 69.02907, 17.777128 ], [ 69.025634, 17.778705 ], [ 69.023917, 17.779495 ], [ 69.010183, 17.785839 ], [ 69.008468, 17.786633 ], [ 69.00504, 17.788227 ], [ 69.003328, 17.789027 ], [ 68.996479, 17.792233 ], [ 68.994769, 17.793037 ], [ 68.991349, 17.794648 ], [ 68.989642, 17.795456 ], [ 68.975978, 17.80194 ], [ 68.974272, 17.802752 ], [ 68.970862, 17.804382 ], [ 68.969158, 17.805198 ], [ 68.962345, 17.808475 ], [ 68.960644, 17.809296 ], [ 68.957242, 17.810943 ], [ 68.955544, 17.811768 ], [ 68.941951, 17.818392 ], [ 68.940255, 17.819221 ], [ 68.936863, 17.820885 ], [ 68.935168, 17.821719 ], [ 68.928391, 17.825066 ], [ 68.926699, 17.825904 ], [ 68.923316, 17.827586 ], [ 68.921627, 17.828428 ], [ 68.913044, 17.832722 ], [ 68.910384, 17.833942 ], [ 68.908667, 17.834732 ], [ 68.894928, 17.841075 ], [ 68.893213, 17.84187 ], [ 68.889784, 17.843464 ], [ 68.888071, 17.844263 ], [ 68.88122, 17.847469 ], [ 68.879509, 17.848273 ], [ 68.876089, 17.849884 ], [ 68.874381, 17.850692 ], [ 68.860712, 17.857176 ], [ 68.859006, 17.857988 ], [ 68.855595, 17.859617 ], [ 68.853891, 17.860433 ], [ 68.847075, 17.86371 ], [ 68.845373, 17.864531 ], [ 68.841971, 17.866178 ], [ 68.840272, 17.867003 ], [ 68.826675, 17.873626 ], [ 68.824978, 17.874456 ], [ 68.821585, 17.87612 ], [ 68.81989, 17.876954 ], [ 68.81311, 17.8803 ], [ 68.811418, 17.881138 ], [ 68.808034, 17.88282 ], [ 68.806344, 17.883662 ], [ 68.792821, 17.890425 ], [ 68.791133, 17.891272 ], [ 68.787758, 17.89297 ], [ 68.786072, 17.893821 ], [ 68.77933, 17.897237 ], [ 68.777647, 17.898093 ], [ 68.774281, 17.899809 ], [ 68.772601, 17.900668 ], [ 68.759153, 17.907569 ], [ 68.757474, 17.908433 ], [ 68.754118, 17.910167 ], [ 68.752442, 17.911035 ], [ 68.745738, 17.91452 ], [ 68.744064, 17.915392 ], [ 68.740718, 17.917143 ], [ 68.739047, 17.91802 ], [ 68.725675, 17.925058 ], [ 68.724675, 17.925586 ], [ 68.722673, 17.926643 ], [ 68.721673, 17.927173 ], [ 68.717672, 17.929295 ], [ 68.716672, 17.929826 ], [ 68.714674, 17.93089 ], [ 68.713676, 17.931422 ], [ 68.705685, 17.935692 ], [ 68.704366, 17.936399 ], [ 68.701728, 17.937816 ], [ 68.70041, 17.938525 ], [ 68.69514, 17.94137 ], [ 68.69348, 17.942268 ], [ 68.690161, 17.944071 ], [ 68.688503, 17.944974 ], [ 68.686974, 17.94581 ], [ 68.686009, 17.946338 ], [ 68.680459, 17.949379 ], [ 68.679796, 17.949742 ], [ 68.678472, 17.950469 ], [ 68.677924, 17.950771 ], [ 68.675163, 17.952291 ], [ 68.674502, 17.952655 ], [ 68.673181, 17.953385 ], [ 68.672521, 17.953749 ], [ 68.659307, 17.961061 ], [ 68.657658, 17.961976 ], [ 68.654361, 17.963811 ], [ 68.652715, 17.964731 ], [ 68.646129, 17.96842 ], [ 68.644485, 17.969344 ], [ 68.641198, 17.971196 ], [ 68.639556, 17.972124 ], [ 68.626424, 17.97957 ], [ 68.624786, 17.980502 ], [ 68.621509, 17.982371 ], [ 68.619872, 17.983308 ], [ 68.613328, 17.987064 ], [ 68.611694, 17.988004 ], [ 68.608427, 17.98989 ], [ 68.606796, 17.990835 ], [ 68.593747, 17.998415 ], [ 68.592118, 17.999364 ], [ 68.588863, 18.001267 ], [ 68.587236, 18.00222 ], [ 68.580733, 18.006043 ], [ 68.57911, 18.007 ], [ 68.575864, 18.00892 ], [ 68.574244, 18.009881 ], [ 68.561279, 18.017595 ], [ 68.559661, 18.01856 ], [ 68.556426, 18.020496 ], [ 68.554811, 18.021466 ], [ 68.54835, 18.025355 ], [ 68.546737, 18.026329 ], [ 68.543513, 18.028282 ], [ 68.541903, 18.02926 ], [ 68.529024, 18.037106 ], [ 68.527417, 18.038088 ], [ 68.524204, 18.040056 ], [ 68.522599, 18.041043 ], [ 68.516181, 18.044998 ], [ 68.514579, 18.045989 ], [ 68.511377, 18.047974 ], [ 68.509778, 18.048968 ], [ 68.496986, 18.056946 ], [ 68.49539, 18.057944 ], [ 68.492198, 18.059946 ], [ 68.490604, 18.060949 ], [ 68.484231, 18.06497 ], [ 68.48264, 18.065977 ], [ 68.47946, 18.067995 ], [ 68.477872, 18.069006 ], [ 68.465168, 18.077114 ], [ 68.463583, 18.078129 ], [ 68.460414, 18.080163 ], [ 68.458831, 18.081182 ], [ 68.452503, 18.085268 ], [ 68.450923, 18.086291 ], [ 68.447765, 18.088342 ], [ 68.446189, 18.089368 ], [ 68.441955, 18.092134 ], [ 68.440422, 18.093081 ], [ 68.437219, 18.095066 ], [ 68.435604, 18.09607 ], [ 68.428045, 18.100783 ], [ 68.422224, 18.104282 ], [ 68.420624, 18.105247 ], [ 68.417425, 18.107181 ], [ 68.415829, 18.108149 ], [ 68.403052, 18.11592 ], [ 68.401458, 18.116893 ], [ 68.39827, 18.118843 ], [ 68.396678, 18.11982 ], [ 68.390312, 18.123737 ], [ 68.388723, 18.124718 ], [ 68.385546, 18.126684 ], [ 68.38396, 18.127669 ], [ 68.371269, 18.135569 ], [ 68.369685, 18.136557 ], [ 68.366519, 18.13854 ], [ 68.364938, 18.139533 ], [ 68.358615, 18.143514 ], [ 68.357036, 18.144511 ], [ 68.353881, 18.14651 ], [ 68.352306, 18.14751 ], [ 68.339702, 18.155539 ], [ 68.338916, 18.15604 ], [ 68.337343, 18.157045 ], [ 68.336557, 18.157548 ], [ 68.333413, 18.159563 ], [ 68.332627, 18.160066 ], [ 68.331057, 18.161075 ], [ 68.330272, 18.16158 ], [ 68.323992, 18.165626 ], [ 68.323208, 18.166132 ], [ 68.32164, 18.167145 ], [ 68.320856, 18.167652 ], [ 68.317722, 18.169683 ], [ 68.316939, 18.170191 ], [ 68.315373, 18.171209 ], [ 68.314591, 18.171718 ], [ 68.313821, 18.172219 ], [ 68.313026, 18.172739 ], [ 68.311435, 18.173778 ], [ 68.31064, 18.174299 ], [ 68.307462, 18.176382 ], [ 68.306668, 18.176903 ], [ 68.305081, 18.177947 ], [ 68.304288, 18.178469 ], [ 68.297942, 18.182652 ], [ 68.29715, 18.183175 ], [ 68.295566, 18.184222 ], [ 68.294775, 18.184746 ], [ 68.291609, 18.186846 ], [ 68.290818, 18.187371 ], [ 68.289237, 18.188422 ], [ 68.288448, 18.188947 ], [ 68.275804, 18.197379 ], [ 68.274226, 18.198434 ], [ 68.271072, 18.20055 ], [ 68.269497, 18.201609 ], [ 68.263199, 18.205857 ], [ 68.261627, 18.206921 ], [ 68.258485, 18.209052 ], [ 68.256916, 18.21012 ], [ 68.244366, 18.218682 ], [ 68.242801, 18.219753 ], [ 68.23967, 18.221901 ], [ 68.238107, 18.222977 ], [ 68.231857, 18.22729 ], [ 68.230297, 18.228369 ], [ 68.227178, 18.230533 ], [ 68.225622, 18.231617 ], [ 68.213168, 18.240308 ], [ 68.211614, 18.241396 ], [ 68.208508, 18.243576 ], [ 68.206957, 18.244667 ], [ 68.200755, 18.249045 ], [ 68.199207, 18.25014 ], [ 68.196113, 18.252336 ], [ 68.194568, 18.253436 ], [ 68.182212, 18.262256 ], [ 68.180671, 18.263359 ], [ 68.177589, 18.265571 ], [ 68.17605, 18.266679 ], [ 68.169897, 18.27112 ], [ 68.168362, 18.272231 ], [ 68.165292, 18.274459 ], [ 68.163744, 18.275587 ], [ 68.157537, 18.280118 ], [ 68.153983, 18.282594 ], [ 68.151742, 18.284162 ], [ 68.147267, 18.287306 ], [ 68.145034, 18.288881 ], [ 68.127133, 18.301559 ], [ 68.124006, 18.303786 ], [ 68.117761, 18.308259 ], [ 68.114646, 18.310503 ], [ 68.102206, 18.319517 ], [ 68.099104, 18.321777 ], [ 68.092911, 18.326315 ], [ 68.089823, 18.328591 ], [ 68.065147, 18.346877 ], [ 68.062071, 18.349168 ], [ 68.05593, 18.35377 ], [ 68.052867, 18.356079 ], [ 68.040634, 18.365349 ], [ 68.037584, 18.367673 ], [ 68.031496, 18.372339 ], [ 68.028461, 18.374678 ], [ 67.997257, 18.398857 ], [ 67.99685, 18.399173 ], [ 67.996031, 18.399808 ], [ 67.995622, 18.400126 ], [ 67.993981, 18.401401 ], [ 67.993571, 18.401719 ], [ 67.992751, 18.402357 ], [ 67.992342, 18.402676 ], [ 67.98906, 18.405234 ], [ 67.988278, 18.405845 ], [ 67.986713, 18.407067 ], [ 67.985932, 18.407679 ], [ 67.982806, 18.410129 ], [ 67.981303, 18.411311 ], [ 67.9783, 18.413678 ], [ 67.976571, 18.415045 ], [ 67.975998, 18.4155 ], [ 67.972088, 18.418605 ], [ 67.97114, 18.419358 ], [ 67.969239, 18.420873 ], [ 67.9683, 18.421623 ], [ 67.957777, 18.430037 ], [ 67.955152, 18.432146 ], [ 67.949912, 18.436376 ], [ 67.947298, 18.438497 ], [ 67.93686, 18.447008 ], [ 67.934202, 18.449185 ], [ 67.93312, 18.450077 ], [ 67.931238, 18.451577 ], [ 67.930012, 18.452557 ], [ 67.927082, 18.454904 ], [ 67.92562, 18.456078 ], [ 67.919771, 18.460788 ], [ 67.918312, 18.461967 ], [ 67.915395, 18.464329 ], [ 67.913939, 18.465511 ], [ 67.902294, 18.474991 ], [ 67.900841, 18.476177 ], [ 67.897938, 18.478553 ], [ 67.896488, 18.479743 ], [ 67.890692, 18.484512 ], [ 67.889246, 18.485706 ], [ 67.88638, 18.488073 ], [ 67.885173, 18.489032 ], [ 67.884631, 18.489464 ], [ 67.872854, 18.498843 ], [ 67.871411, 18.499995 ], [ 67.868481, 18.502342 ], [ 67.867017, 18.503516 ], [ 67.861167, 18.508226 ], [ 67.859707, 18.509405 ], [ 67.85679, 18.511766 ], [ 67.855333, 18.512948 ], [ 67.843685, 18.522428 ], [ 67.842231, 18.523614 ], [ 67.839327, 18.52599 ], [ 67.837877, 18.52718 ], [ 67.832079, 18.531949 ], [ 67.830632, 18.533143 ], [ 67.827741, 18.535534 ], [ 67.826298, 18.536731 ], [ 67.814755, 18.546329 ], [ 67.813315, 18.54753 ], [ 67.810437, 18.549936 ], [ 67.809, 18.551141 ], [ 67.803256, 18.555969 ], [ 67.801822, 18.557177 ], [ 67.798958, 18.559598 ], [ 67.797528, 18.560809 ], [ 67.786092, 18.570525 ], [ 67.784665, 18.571741 ], [ 67.781814, 18.574176 ], [ 67.78039, 18.575395 ], [ 67.7747, 18.580282 ], [ 67.77328, 18.581505 ], [ 67.770442, 18.583955 ], [ 67.769077, 18.585136 ], [ 67.766059, 18.587756 ], [ 67.749954, 18.601122 ], [ 67.747843, 18.602881 ], [ 67.743625, 18.606409 ], [ 67.74152, 18.608177 ], [ 67.733112, 18.615267 ], [ 67.731014, 18.617042 ], [ 67.726826, 18.620602 ], [ 67.724736, 18.622385 ], [ 67.708033, 18.636691 ], [ 67.706991, 18.637585 ], [ 67.704909, 18.639376 ], [ 67.703869, 18.640272 ], [ 67.699708, 18.643863 ], [ 67.698669, 18.644761 ], [ 67.696593, 18.64656 ], [ 67.695557, 18.647461 ], [ 67.687263, 18.654676 ], [ 67.686228, 18.655578 ], [ 67.684159, 18.657386 ], [ 67.683125, 18.65829 ], [ 67.678993, 18.661913 ], [ 67.677962, 18.66282 ], [ 67.675899, 18.664635 ], [ 67.674869, 18.665544 ], [ 67.67343, 18.666816 ], [ 67.672541, 18.667603 ], [ 67.670763, 18.669179 ], [ 67.669876, 18.669968 ], [ 67.666327, 18.673126 ], [ 67.665441, 18.673916 ], [ 67.663669, 18.675497 ], [ 67.662785, 18.676288 ], [ 67.655709, 18.682627 ], [ 67.654826, 18.68342 ], [ 67.653061, 18.685006 ], [ 67.652179, 18.6858 ], [ 67.648654, 18.688981 ], [ 67.647773, 18.689776 ], [ 67.646014, 18.691368 ], [ 67.645136, 18.692164 ], [ 67.631074, 18.704933 ], [ 67.62932, 18.706531 ], [ 67.625817, 18.709733 ], [ 67.624069, 18.711337 ], [ 67.617083, 18.717766 ], [ 67.615341, 18.719376 ], [ 67.61186, 18.722601 ], [ 67.610124, 18.724216 ], [ 67.596242, 18.737166 ], [ 67.594511, 18.738786 ], [ 67.591053, 18.742034 ], [ 67.589328, 18.74366 ], [ 67.582434, 18.750179 ], [ 67.580717, 18.751809 ], [ 67.577288, 18.755073 ], [ 67.575583, 18.756701 ], [ 67.570716, 18.761366 ], [ 67.565684, 18.766069 ], [ 67.563986, 18.767661 ], [ 67.56058, 18.770865 ], [ 67.558881, 18.772469 ], [ 67.55208, 18.77891 ], [ 67.550386, 18.78052 ], [ 67.547002, 18.783746 ], [ 67.545317, 18.785358 ], [ 67.538425, 18.791973 ], [ 67.537441, 18.79291 ], [ 67.532037, 18.79807 ], [ 67.530689, 18.799361 ], [ 67.527995, 18.801947 ], [ 67.526651, 18.803241 ], [ 67.515892, 18.813625 ], [ 67.51455, 18.814923 ], [ 67.511869, 18.817525 ], [ 67.51053, 18.818827 ], [ 67.505181, 18.824046 ], [ 67.503846, 18.825352 ], [ 67.501179, 18.827967 ], [ 67.499848, 18.829276 ], [ 67.489191, 18.839782 ], [ 67.487864, 18.841095 ], [ 67.485211, 18.843724 ], [ 67.483886, 18.84504 ], [ 67.478594, 18.850314 ], [ 67.477273, 18.851634 ], [ 67.474635, 18.854277 ], [ 67.473318, 18.8556 ], [ 67.46279, 18.866203 ], [ 67.461852, 18.867149 ], [ 67.459978, 18.869044 ], [ 67.45958, 18.869447 ], [ 67.447043, 18.882074 ], [ 67.445277, 18.883859 ], [ 67.441746, 18.887441 ], [ 67.439984, 18.889234 ], [ 67.433033, 18.896336 ], [ 67.4313, 18.898114 ], [ 67.427838, 18.901676 ], [ 67.426112, 18.903459 ], [ 67.412314, 18.917758 ], [ 67.410592, 18.91955 ], [ 67.407152, 18.92314 ], [ 67.405435, 18.924938 ], [ 67.398563, 18.932163 ], [ 67.39618, 18.934598 ], [ 67.394495, 18.936324 ], [ 67.384071, 18.947046 ], [ 67.382775, 18.948382 ], [ 67.380186, 18.951059 ], [ 67.372425, 18.959217 ], [ 67.369396, 18.962348 ], [ 67.368139, 18.963658 ], [ 67.364539, 18.967389 ], [ 67.362371, 18.969648 ], [ 67.359781, 18.972358 ], [ 67.357666, 18.974581 ], [ 67.351635, 18.980947 ], [ 67.347347, 18.985515 ], [ 67.343376, 18.989783 ], [ 67.342914, 18.990281 ], [ 67.342243, 18.991004 ], [ 67.337199, 18.996187 ], [ 67.334707, 18.99885 ], [ 67.333463, 19.000182 ], [ 67.323508, 19.010873 ], [ 67.322689, 19.011754 ], [ 67.321051, 19.01352 ], [ 67.320233, 19.014403 ], [ 67.316962, 19.01794 ], [ 67.316146, 19.018824 ], [ 67.314514, 19.020595 ], [ 67.313699, 19.021481 ], [ 67.307181, 19.028579 ], [ 67.30597, 19.029901 ], [ 67.303549, 19.032551 ], [ 67.302341, 19.033877 ], [ 67.297514, 19.039188 ], [ 67.296284, 19.040546 ], [ 67.294587, 19.042422 ], [ 67.290105, 19.047201 ], [ 67.28908, 19.048296 ], [ 67.287013, 19.050508 ], [ 67.285981, 19.051615 ], [ 67.281856, 19.056051 ], [ 67.280827, 19.05716 ], [ 67.27877, 19.059382 ], [ 67.277743, 19.060493 ], [ 67.269532, 19.0694 ], [ 67.268111, 19.070945 ], [ 67.265274, 19.074042 ], [ 67.263858, 19.075591 ], [ 67.258202, 19.081801 ], [ 67.256773, 19.083376 ], [ 67.253918, 19.086529 ], [ 67.252494, 19.088108 ], [ 67.249248, 19.091716 ], [ 67.248847, 19.092162 ], [ 67.248046, 19.093054 ], [ 67.247646, 19.0935 ], [ 67.246045, 19.095286 ], [ 67.245683, 19.09569 ], [ 67.244969, 19.096488 ], [ 67.244533, 19.096975 ], [ 67.234941, 19.107711 ], [ 67.234542, 19.108154 ], [ 67.233037, 19.109791 ], [ 67.232348, 19.110541 ], [ 67.226838, 19.116551 ], [ 67.225763, 19.117725 ], [ 67.223617, 19.120077 ], [ 67.222545, 19.121254 ], [ 67.218262, 19.125967 ], [ 67.21706, 19.127294 ], [ 67.214659, 19.129951 ], [ 67.213434, 19.13131 ], [ 67.212771, 19.132048 ], [ 67.212467, 19.132386 ], [ 67.202501, 19.140835 ], [ 67.201069, 19.14205 ], [ 67.198207, 19.144484 ], [ 67.196778, 19.145702 ], [ 67.191066, 19.150586 ], [ 67.189641, 19.151808 ], [ 67.186793, 19.154257 ], [ 67.185371, 19.155482 ], [ 67.174, 19.165309 ], [ 67.172582, 19.166538 ], [ 67.169747, 19.169002 ], [ 67.168332, 19.170235 ], [ 67.162675, 19.175176 ], [ 67.161263, 19.176413 ], [ 67.158442, 19.178891 ], [ 67.157034, 19.18013 ], [ 67.145773, 19.190073 ], [ 67.144368, 19.191316 ], [ 67.141561, 19.193808 ], [ 67.14016, 19.195056 ], [ 67.134558, 19.200055 ], [ 67.13316, 19.201306 ], [ 67.130367, 19.203812 ], [ 67.128972, 19.205066 ], [ 67.117823, 19.215123 ], [ 67.116432, 19.21638 ], [ 67.113653, 19.218901 ], [ 67.112265, 19.220162 ], [ 67.106719, 19.225218 ], [ 67.105335, 19.226483 ], [ 67.10257, 19.229018 ], [ 67.10119, 19.230286 ], [ 67.090153, 19.240456 ], [ 67.088777, 19.241728 ], [ 67.086025, 19.244276 ], [ 67.084652, 19.245552 ], [ 67.079163, 19.250664 ], [ 67.077793, 19.251943 ], [ 67.075056, 19.254506 ], [ 67.07369, 19.255788 ], [ 67.062767, 19.26607 ], [ 67.061405, 19.267355 ], [ 67.058682, 19.269932 ], [ 67.057323, 19.271221 ], [ 67.051891, 19.276389 ], [ 67.050535, 19.277682 ], [ 67.047827, 19.280272 ], [ 67.046475, 19.281569 ], [ 67.035667, 19.291961 ], [ 67.034319, 19.29326 ], [ 67.031626, 19.295864 ], [ 67.030281, 19.297168 ], [ 67.024907, 19.302391 ], [ 67.023566, 19.303697 ], [ 67.020887, 19.306315 ], [ 67.01955, 19.307625 ], [ 67.011046, 19.316116 ], [ 67.00892, 19.318191 ], [ 67.007582, 19.319499 ], [ 67.004906, 19.322118 ], [ 67.003569, 19.323428 ], [ 67.003097, 19.323891 ], [ 66.997761, 19.328697 ], [ 66.995988, 19.330138 ], [ 66.982059, 19.341499 ], [ 66.980321, 19.342921 ], [ 66.97685, 19.34577 ], [ 66.975117, 19.347198 ], [ 66.96819, 19.35292 ], [ 66.966462, 19.354352 ], [ 66.963009, 19.357223 ], [ 66.961288, 19.358659 ], [ 66.953014, 19.365583 ], [ 66.95096, 19.367249 ], [ 66.949578, 19.368372 ], [ 66.944039, 19.372887 ], [ 66.942657, 19.374017 ], [ 66.939894, 19.376281 ], [ 66.938515, 19.377413 ], [ 66.927484, 19.386498 ], [ 66.926108, 19.387634 ], [ 66.923357, 19.38991 ], [ 66.921984, 19.39105 ], [ 66.916493, 19.395618 ], [ 66.915122, 19.396761 ], [ 66.912384, 19.399051 ], [ 66.911017, 19.400198 ], [ 66.900082, 19.409388 ], [ 66.898718, 19.410537 ], [ 66.895991, 19.41284 ], [ 66.89463, 19.413993 ], [ 66.889188, 19.418614 ], [ 66.887829, 19.41977 ], [ 66.885115, 19.422087 ], [ 66.88376, 19.423246 ], [ 66.872923, 19.432541 ], [ 66.871571, 19.433704 ], [ 66.868869, 19.436033 ], [ 66.86752, 19.437199 ], [ 66.862127, 19.441872 ], [ 66.860781, 19.443042 ], [ 66.858091, 19.445384 ], [ 66.856749, 19.446556 ], [ 66.84601, 19.455956 ], [ 66.844671, 19.457131 ], [ 66.841993, 19.459486 ], [ 66.840657, 19.460665 ], [ 66.835313, 19.46539 ], [ 66.833979, 19.466573 ], [ 66.831315, 19.468941 ], [ 66.829985, 19.470126 ], [ 66.819346, 19.479629 ], [ 66.81802, 19.480816 ], [ 66.81537, 19.483195 ], [ 66.814046, 19.484386 ], [ 66.808757, 19.489159 ], [ 66.807437, 19.490354 ], [ 66.804799, 19.492746 ], [ 66.803482, 19.493943 ], [ 66.792952, 19.503541 ], [ 66.791641, 19.504739 ], [ 66.78902, 19.50714 ], [ 66.787712, 19.508341 ], [ 66.783939, 19.511815 ], [ 66.782654, 19.512988 ], [ 66.781098, 19.514413 ], [ 66.76852, 19.525966 ], [ 66.767737, 19.526687 ], [ 66.766168, 19.528132 ], [ 66.765385, 19.528855 ], [ 66.762251, 19.531751 ], [ 66.761469, 19.532475 ], [ 66.759905, 19.533925 ], [ 66.759124, 19.53465 ], [ 66.752873, 19.540461 ], [ 66.752094, 19.541186 ], [ 66.750535, 19.54264 ], [ 66.749756, 19.543367 ], [ 66.746642, 19.54628 ], [ 66.745865, 19.547008 ], [ 66.744313, 19.548464 ], [ 66.743549, 19.549182 ], [ 66.741669, 19.55095 ], [ 66.740683, 19.55185 ], [ 66.739583, 19.552856 ], [ 66.737385, 19.55487 ], [ 66.736288, 19.555877 ], [ 66.727508, 19.563957 ], [ 66.726413, 19.564967 ], [ 66.724223, 19.566991 ], [ 66.723129, 19.568004 ], [ 66.718758, 19.572061 ], [ 66.717667, 19.573075 ], [ 66.715486, 19.575108 ], [ 66.714397, 19.576125 ], [ 66.705689, 19.584275 ], [ 66.704603, 19.585294 ], [ 66.702431, 19.587335 ], [ 66.701346, 19.588357 ], [ 66.697011, 19.592449 ], [ 66.695929, 19.593472 ], [ 66.693766, 19.595522 ], [ 66.692686, 19.596548 ], [ 66.684051, 19.604768 ], [ 66.682973, 19.605796 ], [ 66.68082, 19.607855 ], [ 66.679744, 19.608885 ], [ 66.675445, 19.613012 ], [ 66.674372, 19.614044 ], [ 66.672228, 19.616112 ], [ 66.671157, 19.617146 ], [ 66.662594, 19.625436 ], [ 66.661526, 19.626472 ], [ 66.659391, 19.628548 ], [ 66.658325, 19.629587 ], [ 66.654062, 19.633748 ], [ 66.652999, 19.634789 ], [ 66.650873, 19.636874 ], [ 66.649811, 19.637917 ], [ 66.641322, 19.646275 ], [ 66.640263, 19.64732 ], [ 66.638147, 19.649413 ], [ 66.63709, 19.650461 ], [ 66.632864, 19.654657 ], [ 66.63181, 19.655706 ], [ 66.629702, 19.657808 ], [ 66.62865, 19.658859 ], [ 66.620236, 19.667286 ], [ 66.619186, 19.66834 ], [ 66.617088, 19.67045 ], [ 66.61604, 19.671506 ], [ 66.611852, 19.675736 ], [ 66.610807, 19.676794 ], [ 66.608718, 19.678912 ], [ 66.607676, 19.679972 ], [ 66.599336, 19.688467 ], [ 66.598298, 19.689526 ], [ 66.596192, 19.69168 ], [ 66.595063, 19.692819 ], [ 66.592884, 19.695022 ], [ 66.591796, 19.696124 ], [ 66.583078, 19.704977 ], [ 66.58199, 19.706084 ], [ 66.579817, 19.7083 ], [ 66.578731, 19.70941 ], [ 66.574393, 19.713854 ], [ 66.573311, 19.714965 ], [ 66.571148, 19.717192 ], [ 66.570068, 19.718305 ], [ 66.561432, 19.727231 ], [ 66.559863, 19.728858 ], [ 66.556729, 19.732118 ], [ 66.556225, 19.732644 ], [ 66.554906, 19.733972 ], [ 66.549135, 19.739815 ], [ 66.54626, 19.742743 ], [ 66.534757, 19.754528 ], [ 66.531892, 19.757481 ], [ 66.526178, 19.763405 ], [ 66.523332, 19.766373 ], [ 66.505728, 19.784838 ], [ 66.505153, 19.785442 ], [ 66.504, 19.786654 ], [ 66.503424, 19.78726 ], [ 66.50112, 19.789689 ], [ 66.500544, 19.790296 ], [ 66.499394, 19.791511 ], [ 66.498819, 19.792119 ], [ 66.494219, 19.79699 ], [ 66.493645, 19.797598 ], [ 66.492498, 19.798816 ], [ 66.491924, 19.799426 ], [ 66.489631, 19.801865 ], [ 66.489059, 19.802475 ], [ 66.487914, 19.803696 ], [ 66.487346, 19.804303 ], [ 66.482325, 19.809671 ], [ 66.452057, 19.841204 ], [ 66.450149, 19.843106 ], [ 66.449063, 19.844191 ], [ 66.446892, 19.846364 ], [ 66.445809, 19.847451 ], [ 66.437144, 19.856164 ], [ 66.436604, 19.856708 ], [ 66.435523, 19.857798 ], [ 66.434983, 19.858342 ], [ 66.432822, 19.860524 ], [ 66.432282, 19.86107 ], [ 66.431204, 19.862162 ], [ 66.430665, 19.862708 ], [ 66.426352, 19.867082 ], [ 66.425814, 19.867629 ], [ 66.424737, 19.868723 ], [ 66.4242, 19.86927 ], [ 66.422048, 19.871462 ], [ 66.421511, 19.87201 ], [ 66.420437, 19.873107 ], [ 66.4199, 19.873655 ], [ 66.417873, 19.87573 ], [ 66.416926, 19.876701 ], [ 66.415035, 19.878644 ], [ 66.41409, 19.879616 ], [ 66.410315, 19.883509 ], [ 66.409372, 19.884483 ], [ 66.407489, 19.886433 ], [ 66.406549, 19.887408 ], [ 66.399029, 19.895223 ], [ 66.398091, 19.8962 ], [ 66.396216, 19.898156 ], [ 66.39528, 19.899135 ], [ 66.391537, 19.903055 ], [ 66.390603, 19.904035 ], [ 66.388737, 19.905998 ], [ 66.387806, 19.906979 ], [ 66.372893, 19.922718 ], [ 66.371753, 19.923924 ], [ 66.369474, 19.92634 ], [ 66.368336, 19.92755 ], [ 66.363788, 19.932395 ], [ 66.362654, 19.933607 ], [ 66.360386, 19.936034 ], [ 66.359255, 19.937249 ], [ 66.350206, 19.946982 ], [ 66.348629, 19.948684 ], [ 66.345481, 19.952092 ], [ 66.343911, 19.953799 ], [ 66.337641, 19.960633 ], [ 66.336004, 19.962425 ], [ 66.332734, 19.966014 ], [ 66.331103, 19.967811 ], [ 66.327109, 19.972226 ], [ 66.326627, 19.97276 ], [ 66.325663, 19.973828 ], [ 66.325169, 19.974376 ], [ 66.323094, 19.976679 ], [ 66.322565, 19.977268 ], [ 66.321771, 19.978152 ], [ 66.321358, 19.978611 ], [ 66.311385, 19.989728 ], [ 66.302739, 19.999013 ], [ 66.302206, 19.999585 ], [ 66.300974, 20.000911 ], [ 66.300359, 20.001574 ], [ 66.297896, 20.004231 ], [ 66.297282, 20.004895 ], [ 66.296052, 20.006225 ], [ 66.295439, 20.006889 ], [ 66.290526, 20.012217 ], [ 66.2895, 20.013332 ], [ 66.287451, 20.015565 ], [ 66.286427, 20.016683 ], [ 66.282337, 20.021157 ], [ 66.281306, 20.022288 ], [ 66.279245, 20.024553 ], [ 66.278216, 20.025687 ], [ 66.274876, 20.029373 ], [ 66.274464, 20.029828 ], [ 66.273639, 20.03074 ], [ 66.273227, 20.031196 ], [ 66.271579, 20.033022 ], [ 66.271195, 20.033448 ], [ 66.270428, 20.0343 ], [ 66.270015, 20.034757 ], [ 66.260263, 20.045597 ], [ 66.257435, 20.04863 ], [ 66.256587, 20.04954 ], [ 66.254893, 20.051363 ], [ 66.254047, 20.052275 ], [ 66.247282, 20.059581 ], [ 66.24602, 20.060947 ], [ 66.2435, 20.063683 ], [ 66.242242, 20.065052 ], [ 66.237217, 20.070538 ], [ 66.235947, 20.071928 ], [ 66.23341, 20.074712 ], [ 66.232144, 20.076105 ], [ 66.228741, 20.07986 ], [ 66.228321, 20.080325 ], [ 66.227479, 20.081255 ], [ 66.227059, 20.08172 ], [ 66.225378, 20.083582 ], [ 66.224991, 20.08401 ], [ 66.224226, 20.084859 ], [ 66.223775, 20.08536 ], [ 66.213689, 20.09657 ], [ 66.212441, 20.097962 ], [ 66.209855, 20.100851 ], [ 66.208702, 20.102143 ], [ 66.203728, 20.107732 ], [ 66.202487, 20.10913 ], [ 66.200008, 20.11193 ], [ 66.198772, 20.11333 ], [ 66.188885, 20.124559 ], [ 66.187653, 20.125963 ], [ 66.18519, 20.128775 ], [ 66.183961, 20.130182 ], [ 66.17905, 20.135821 ], [ 66.177824, 20.137231 ], [ 66.175378, 20.140056 ], [ 66.174157, 20.141469 ], [ 66.164397, 20.152797 ], [ 66.16318, 20.154214 ], [ 66.160749, 20.157051 ], [ 66.159536, 20.158471 ], [ 66.154688, 20.164159 ], [ 66.153479, 20.165581 ], [ 66.151064, 20.168431 ], [ 66.149859, 20.169856 ], [ 66.140227, 20.181283 ], [ 66.139026, 20.182711 ], [ 66.136627, 20.185573 ], [ 66.135429, 20.187005 ], [ 66.130646, 20.192742 ], [ 66.129453, 20.194177 ], [ 66.12707, 20.19705 ], [ 66.125881, 20.198488 ], [ 66.116378, 20.210012 ], [ 66.115193, 20.211452 ], [ 66.112826, 20.214338 ], [ 66.111645, 20.215782 ], [ 66.106926, 20.221567 ], [ 66.105749, 20.223014 ], [ 66.103399, 20.225912 ], [ 66.102226, 20.227361 ], [ 66.092853, 20.238981 ], [ 66.091684, 20.240433 ], [ 66.08935, 20.243343 ], [ 66.088185, 20.244799 ], [ 66.083532, 20.250631 ], [ 66.082371, 20.25209 ], [ 66.080053, 20.255012 ], [ 66.078897, 20.256473 ], [ 66.069655, 20.268187 ], [ 66.068503, 20.269651 ], [ 66.066201, 20.272584 ], [ 66.065053, 20.274052 ], [ 66.060466, 20.279931 ], [ 66.059321, 20.281402 ], [ 66.057037, 20.284346 ], [ 66.055897, 20.285819 ], [ 66.046787, 20.297626 ], [ 66.045651, 20.299102 ], [ 66.043383, 20.302058 ], [ 66.042251, 20.303537 ], [ 66.03773, 20.309463 ], [ 66.036602, 20.310945 ], [ 66.034351, 20.313913 ], [ 66.033228, 20.315397 ], [ 66.024251, 20.327296 ], [ 66.023132, 20.328783 ], [ 66.020897, 20.331762 ], [ 66.019782, 20.333253 ], [ 66.015328, 20.339224 ], [ 66.014217, 20.340717 ], [ 66.011999, 20.343708 ], [ 66.010893, 20.345204 ], [ 66.002051, 20.357192 ], [ 66.000949, 20.358691 ], [ 65.998747, 20.361692 ], [ 65.997649, 20.363194 ], [ 65.993262, 20.36921 ], [ 65.992169, 20.370715 ], [ 65.989984, 20.373728 ], [ 65.988895, 20.375234 ], [ 65.980188, 20.387312 ], [ 65.979103, 20.388822 ], [ 65.976936, 20.391846 ], [ 65.975855, 20.393358 ], [ 65.971536, 20.399419 ], [ 65.970459, 20.400934 ], [ 65.968309, 20.403969 ], [ 65.967237, 20.405487 ], [ 65.958667, 20.417652 ], [ 65.957599, 20.419173 ], [ 65.955465, 20.422218 ], [ 65.954401, 20.423742 ], [ 65.950151, 20.429845 ], [ 65.949091, 20.431372 ], [ 65.946976, 20.434428 ], [ 65.94592, 20.435957 ], [ 65.937488, 20.448208 ], [ 65.936437, 20.44974 ], [ 65.934339, 20.452807 ], [ 65.933292, 20.454341 ], [ 65.929111, 20.460487 ], [ 65.928068, 20.462024 ], [ 65.925987, 20.465102 ], [ 65.924949, 20.466641 ], [ 65.916656, 20.478978 ], [ 65.915622, 20.480519 ], [ 65.913558, 20.483608 ], [ 65.912529, 20.485152 ], [ 65.908417, 20.491341 ], [ 65.907392, 20.492888 ], [ 65.905346, 20.495987 ], [ 65.904326, 20.497537 ], [ 65.896172, 20.509956 ], [ 65.895474, 20.511022 ], [ 65.894079, 20.513155 ], [ 65.893382, 20.514222 ], [ 65.8906, 20.518496 ], [ 65.889905, 20.519564 ], [ 65.888518, 20.521703 ], [ 65.887826, 20.522772 ], [ 65.882293, 20.53134 ], [ 65.881314, 20.532861 ], [ 65.879359, 20.535906 ], [ 65.878384, 20.537429 ], [ 65.87449, 20.543529 ], [ 65.873519, 20.545055 ], [ 65.871581, 20.54811 ], [ 65.870611, 20.549643 ], [ 65.86818, 20.553497 ], [ 65.867711, 20.554241 ], [ 65.867411, 20.554718 ], [ 65.866842, 20.555622 ], [ 65.866558, 20.556075 ], [ 65.865637, 20.557541 ], [ 65.865025, 20.558517 ], [ 65.857441, 20.570625 ], [ 65.857129, 20.571123 ], [ 65.856505, 20.572121 ], [ 65.855574, 20.573616 ], [ 65.854336, 20.575607 ], [ 65.853718, 20.576603 ], [ 65.849928, 20.582725 ], [ 65.849085, 20.58409 ], [ 65.84724, 20.587089 ], [ 65.846319, 20.588589 ], [ 65.838966, 20.600605 ], [ 65.83805, 20.602107 ], [ 65.83622, 20.605114 ], [ 65.835308, 20.606619 ], [ 65.831664, 20.612644 ], [ 65.830756, 20.61415 ], [ 65.828942, 20.617167 ], [ 65.828038, 20.618675 ], [ 65.820814, 20.630762 ], [ 65.819914, 20.632272 ], [ 65.818117, 20.635297 ], [ 65.817221, 20.63681 ], [ 65.813642, 20.64287 ], [ 65.81275, 20.644385 ], [ 65.810969, 20.647419 ], [ 65.810081, 20.648936 ], [ 65.802988, 20.661091 ], [ 65.802104, 20.66261 ], [ 65.800339, 20.665652 ], [ 65.799459, 20.667174 ], [ 65.795946, 20.673268 ], [ 65.79507, 20.674792 ], [ 65.793322, 20.677842 ], [ 65.79245, 20.679368 ], [ 65.785488, 20.691591 ], [ 65.784621, 20.693118 ], [ 65.782889, 20.696177 ], [ 65.782025, 20.697707 ], [ 65.778578, 20.703835 ], [ 65.777718, 20.705367 ], [ 65.776003, 20.708434 ], [ 65.775148, 20.709968 ], [ 65.768318, 20.722257 ], [ 65.767467, 20.723793 ], [ 65.765768, 20.726868 ], [ 65.764921, 20.728407 ], [ 65.76154, 20.734567 ], [ 65.760697, 20.736107 ], [ 65.759015, 20.739191 ], [ 65.758176, 20.740733 ], [ 65.751479, 20.753087 ], [ 65.751061, 20.753858 ], [ 65.750227, 20.755402 ], [ 65.74981, 20.756174 ], [ 65.748145, 20.759266 ], [ 65.743481, 20.768082 ], [ 65.741203, 20.772467 ], [ 65.737612, 20.779171 ], [ 65.737322, 20.779712 ], [ 65.736921, 20.780463 ], [ 65.736525, 20.781205 ], [ 65.733734, 20.786441 ], [ 65.732123, 20.789482 ], [ 65.730659, 20.792264 ], [ 65.729976, 20.793565 ], [ 65.726254, 20.80066 ], [ 65.725327, 20.802433 ], [ 65.723479, 20.805984 ], [ 65.722558, 20.80776 ], [ 65.720775, 20.811209 ], [ 65.719943, 20.812824 ], [ 65.718284, 20.816057 ], [ 65.717457, 20.817674 ], [ 65.711955, 20.828465 ], [ 65.711213, 20.829931 ], [ 65.710576, 20.831161 ], [ 65.704639, 20.842767 ], [ 65.7017, 20.848582 ], [ 65.694767, 20.862472 ], [ 65.693904, 20.864208 ], [ 65.692181, 20.867684 ], [ 65.691323, 20.869422 ], [ 65.687898, 20.876385 ], [ 65.687045, 20.878125 ], [ 65.685344, 20.88161 ], [ 65.684496, 20.883353 ], [ 65.677729, 20.897316 ], [ 65.676887, 20.89906 ], [ 65.675206, 20.902554 ], [ 65.674369, 20.904302 ], [ 65.671028, 20.9113 ], [ 65.670195, 20.91305 ], [ 65.668536, 20.916553 ], [ 65.667709, 20.918304 ], [ 65.661109, 20.932338 ], [ 65.660288, 20.934092 ], [ 65.658649, 20.937603 ], [ 65.657832, 20.939359 ], [ 65.654575, 20.946393 ], [ 65.653764, 20.948151 ], [ 65.652146, 20.951672 ], [ 65.65134, 20.953432 ], [ 65.644909, 20.967535 ], [ 65.643729, 20.970138 ], [ 65.64138, 20.975349 ], [ 65.640211, 20.977957 ], [ 65.63915, 20.98034 ] ], [ [ 89.373549, 18.009049 ], [ 89.371299, 18.008167 ], [ 89.370554, 18.007876 ], [ 89.369063, 18.007294 ], [ 89.368318, 18.007003 ], [ 89.365334, 18.005842 ], [ 89.364588, 18.005552 ], [ 89.363096, 18.004972 ], [ 89.362349, 18.004683 ], [ 89.361533, 18.004368 ], [ 89.36071, 18.004049 ], [ 89.359867, 18.003723 ], [ 89.359023, 18.003397 ], [ 89.358258, 18.003101 ], [ 89.35668, 18.002474 ], [ 89.351474, 18.000414 ], [ 89.348868, 17.99939 ], [ 89.348033, 17.999063 ], [ 89.347191, 17.998734 ], [ 89.346349, 17.998405 ], [ 89.345506, 17.998075 ], [ 89.344664, 17.997746 ], [ 89.343824, 17.997417 ], [ 89.342981, 17.997088 ], [ 89.342137, 17.996758 ], [ 89.341295, 17.996428 ], [ 89.340453, 17.996099 ], [ 89.339611, 17.99577 ], [ 89.338768, 17.99544 ], [ 89.337926, 17.995111 ], [ 89.337084, 17.994781 ], [ 89.336241, 17.994452 ], [ 89.335399, 17.994123 ], [ 89.334557, 17.993793 ], [ 89.333715, 17.993464 ], [ 89.332874, 17.993135 ], [ 89.332032, 17.992806 ], [ 89.331188, 17.992476 ], [ 89.330346, 17.992146 ], [ 89.329504, 17.991817 ], [ 89.328662, 17.991488 ], [ 89.327819, 17.991158 ], [ 89.326976, 17.990829 ], [ 89.326134, 17.9905 ], [ 89.325292, 17.99017 ], [ 89.32445, 17.989841 ], [ 89.323607, 17.989511 ], [ 89.322765, 17.989182 ], [ 89.321924, 17.988853 ], [ 89.321082, 17.988524 ], [ 89.320238, 17.988194 ], [ 89.319396, 17.987865 ], [ 89.318554, 17.987535 ], [ 89.317712, 17.987206 ], [ 89.316869, 17.986876 ], [ 89.316027, 17.986547 ], [ 89.315185, 17.986218 ], [ 89.314342, 17.985888 ], [ 89.3135, 17.985559 ], [ 89.312658, 17.98523 ], [ 89.311817, 17.984901 ], [ 89.310975, 17.984571 ], [ 89.310131, 17.984241 ], [ 89.309289, 17.983912 ], [ 89.308447, 17.983583 ], [ 89.307605, 17.983254 ], [ 89.306763, 17.982924 ], [ 89.30592, 17.982595 ], [ 89.305077, 17.982265 ], [ 89.304235, 17.981936 ], [ 89.303393, 17.981606 ], [ 89.302551, 17.981277 ], [ 89.301708, 17.980948 ], [ 89.300868, 17.980619 ], [ 89.300025, 17.98029 ], [ 89.299182, 17.97996 ], [ 89.298339, 17.97963 ], [ 89.297497, 17.979301 ], [ 89.296655, 17.978972 ], [ 89.295756, 17.978753 ], [ 89.294922, 17.978419 ], [ 89.294087, 17.978073 ], [ 89.293254, 17.977724 ], [ 89.292411, 17.977401 ], [ 89.291571, 17.977065 ], [ 89.290732, 17.976729 ], [ 89.289894, 17.976394 ], [ 89.289054, 17.976057 ], [ 89.288213, 17.975721 ], [ 89.287374, 17.975385 ], [ 89.286508, 17.975037 ], [ 89.285695, 17.974717 ], [ 89.284834, 17.974401 ], [ 89.28405, 17.974008 ], [ 89.281779, 17.971613 ], [ 89.281081, 17.970953 ], [ 89.279681, 17.969632 ], [ 89.278981, 17.968973 ], [ 89.276177, 17.966334 ], [ 89.275476, 17.965675 ], [ 89.274072, 17.964358 ], [ 89.27337, 17.9637 ], [ 89.267745, 17.958436 ], [ 89.267042, 17.957779 ], [ 89.265634, 17.956466 ], [ 89.26493, 17.955809 ], [ 89.262109, 17.953185 ], [ 89.261404, 17.95253 ], [ 89.259992, 17.951219 ], [ 89.259286, 17.950565 ], [ 89.258623, 17.949951 ], [ 89.257953, 17.949331 ], [ 89.257284, 17.948712 ], [ 89.256616, 17.948094 ], [ 89.255947, 17.947475 ], [ 89.255277, 17.946855 ], [ 89.254608, 17.946236 ], [ 89.25394, 17.945617 ], [ 89.253271, 17.944998 ], [ 89.252601, 17.944378 ], [ 89.251932, 17.943759 ], [ 89.251264, 17.943141 ], [ 89.250595, 17.942522 ], [ 89.249925, 17.941902 ], [ 89.249257, 17.941283 ], [ 89.248588, 17.940664 ], [ 89.247918, 17.940044 ], [ 89.247249, 17.939425 ], [ 89.246581, 17.938807 ], [ 89.245912, 17.938188 ], [ 89.245242, 17.937568 ], [ 89.244573, 17.936949 ], [ 89.243905, 17.93633 ], [ 89.243236, 17.935711 ], [ 89.242566, 17.935091 ], [ 89.241898, 17.934473 ], [ 89.241229, 17.933854 ], [ 89.240559, 17.933234 ], [ 89.23989, 17.932615 ], [ 89.239222, 17.931997 ], [ 89.238553, 17.931377 ], [ 89.237883, 17.930757 ], [ 89.237214, 17.930138 ], [ 89.236546, 17.92952 ], [ 89.235877, 17.928901 ], [ 89.235208, 17.928281 ], [ 89.234539, 17.927662 ], [ 89.23387, 17.927044 ], [ 89.233202, 17.926424 ], [ 89.232532, 17.925804 ], [ 89.231864, 17.925186 ], [ 89.231195, 17.924567 ], [ 89.230525, 17.923947 ], [ 89.229856, 17.923328 ], [ 89.229188, 17.92271 ], [ 89.228519, 17.922091 ], [ 89.227849, 17.921471 ], [ 89.22718, 17.920851 ], [ 89.226512, 17.920233 ], [ 89.225843, 17.919614 ], [ 89.225173, 17.918994 ], [ 89.224505, 17.918376 ], [ 89.223836, 17.917757 ], [ 89.223166, 17.917137 ], [ 89.222497, 17.916518 ], [ 89.221829, 17.915899 ], [ 89.22116, 17.91528 ], [ 89.22049, 17.91466 ], [ 89.219821, 17.914041 ], [ 89.219154, 17.913424 ], [ 89.218485, 17.912804 ], [ 89.217814, 17.912184 ], [ 89.217145, 17.911565 ], [ 89.216477, 17.910946 ], [ 89.215808, 17.910327 ], [ 89.215138, 17.909707 ], [ 89.21447, 17.909089 ], [ 89.213801, 17.90847 ], [ 89.213131, 17.90785 ], [ 89.212463, 17.907231 ], [ 89.211794, 17.906612 ], [ 89.211126, 17.905993 ], [ 89.210456, 17.905373 ], [ 89.209787, 17.904754 ], [ 89.209119, 17.904136 ], [ 89.20845, 17.903517 ], [ 89.20778, 17.902897 ], [ 89.207112, 17.902279 ], [ 89.206443, 17.90166 ], [ 89.205773, 17.90104 ], [ 89.205104, 17.90042 ], [ 89.204436, 17.899802 ], [ 89.203767, 17.899183 ], [ 89.203097, 17.898563 ], [ 89.202428, 17.897944 ], [ 89.20176, 17.897326 ], [ 89.201091, 17.896707 ], [ 89.200421, 17.896087 ], [ 89.199752, 17.895468 ], [ 89.199084, 17.894849 ], [ 89.198415, 17.89423 ], [ 89.197745, 17.89361 ], [ 89.197077, 17.892992 ], [ 89.196409, 17.892373 ], [ 89.195739, 17.891753 ], [ 89.19507, 17.891134 ], [ 89.194402, 17.890515 ], [ 89.193733, 17.889896 ], [ 89.193063, 17.889276 ], [ 89.192394, 17.888657 ], [ 89.191726, 17.888039 ], [ 89.191057, 17.88742 ], [ 89.190387, 17.8868 ], [ 89.189719, 17.886182 ], [ 89.18905, 17.885563 ], [ 89.18838, 17.884943 ], [ 89.187711, 17.884323 ], [ 89.187043, 17.883705 ], [ 89.186374, 17.883086 ], [ 89.185706, 17.882467 ], [ 89.18016, 17.877427 ], [ 89.179697, 17.876995 ], [ 89.179032, 17.876374 ], [ 89.178365, 17.875752 ], [ 89.177698, 17.875129 ], [ 89.177031, 17.874507 ], [ 89.176366, 17.873887 ], [ 89.1757, 17.873265 ], [ 89.175032, 17.872642 ], [ 89.174367, 17.872021 ], [ 89.1737, 17.871399 ], [ 89.173033, 17.870776 ], [ 89.172366, 17.870155 ], [ 89.171701, 17.869534 ], [ 89.171035, 17.868912 ], [ 89.170367, 17.868289 ], [ 89.169701, 17.867668 ], [ 89.169038, 17.867049 ], [ 89.16539, 17.863669 ], [ 89.164722, 17.863055 ], [ 89.164053, 17.86244 ], [ 89.163382, 17.861823 ], [ 89.162712, 17.861206 ], [ 89.162041, 17.860589 ], [ 89.16137, 17.859972 ], [ 89.160699, 17.859355 ], [ 89.160028, 17.858738 ], [ 89.159357, 17.85812 ], [ 89.158686, 17.857503 ], [ 89.158016, 17.856887 ], [ 89.157345, 17.85627 ], [ 89.156675, 17.855654 ], [ 89.153709, 17.852947 ], [ 89.15306, 17.852351 ], [ 89.152627, 17.851941 ], [ 89.148913, 17.848415 ], [ 89.148245, 17.847796 ], [ 89.147576, 17.847177 ], [ 89.146908, 17.846559 ], [ 89.146239, 17.84594 ], [ 89.145569, 17.84532 ], [ 89.144901, 17.844701 ], [ 89.144232, 17.844082 ], [ 89.143562, 17.843462 ], [ 89.142893, 17.842843 ], [ 89.142225, 17.842225 ], [ 89.141557, 17.841606 ], [ 89.140889, 17.840988 ], [ 89.136444, 17.83691 ], [ 89.133906, 17.834601 ], [ 89.133495, 17.834218 ], [ 89.132829, 17.833596 ], [ 89.13216, 17.832973 ], [ 89.131496, 17.832353 ], [ 89.130829, 17.831731 ], [ 89.130161, 17.831108 ], [ 89.129495, 17.830486 ], [ 89.12883, 17.829866 ], [ 89.128163, 17.829244 ], [ 89.127495, 17.828621 ], [ 89.126829, 17.827999 ], [ 89.126165, 17.82738 ], [ 89.125505, 17.826764 ], [ 89.123683, 17.82507 ], [ 89.120033, 17.821689 ], [ 89.118204, 17.820002 ], [ 89.117542, 17.819393 ], [ 89.116877, 17.818782 ], [ 89.116206, 17.818165 ], [ 89.115535, 17.817547 ], [ 89.114864, 17.816931 ], [ 89.114194, 17.816314 ], [ 89.113523, 17.815697 ], [ 89.112852, 17.81508 ], [ 89.112181, 17.814463 ], [ 89.11151, 17.813846 ], [ 89.110839, 17.813229 ], [ 89.110168, 17.812612 ], [ 89.109497, 17.811995 ], [ 89.109042, 17.811576 ], [ 89.103426, 17.806314 ], [ 89.102761, 17.805698 ], [ 89.101981, 17.805185 ], [ 89.101314, 17.804564 ], [ 89.100668, 17.803923 ], [ 89.099998, 17.803308 ], [ 89.099345, 17.802672 ], [ 89.098693, 17.802035 ], [ 89.098018, 17.801422 ], [ 89.097388, 17.800825 ], [ 89.096693, 17.800176 ], [ 89.096026, 17.799553 ], [ 89.09536, 17.798931 ], [ 89.094694, 17.79831 ], [ 89.094028, 17.797688 ], [ 89.093361, 17.797066 ], [ 89.092696, 17.796445 ], [ 89.092029, 17.795823 ], [ 89.091362, 17.7952 ], [ 89.090696, 17.794578 ], [ 89.090031, 17.793957 ], [ 89.089365, 17.793335 ], [ 89.088697, 17.792713 ], [ 89.088031, 17.792091 ], [ 89.087366, 17.79147 ], [ 89.0867, 17.790848 ], [ 89.086033, 17.790225 ], [ 89.085367, 17.789604 ], [ 89.084702, 17.788983 ], [ 89.084029, 17.788364 ], [ 89.083359, 17.787747 ], [ 89.082689, 17.787131 ], [ 89.082018, 17.786514 ], [ 89.081347, 17.785896 ], [ 89.080676, 17.785279 ], [ 89.080006, 17.784663 ], [ 89.079335, 17.784046 ], [ 89.078664, 17.783428 ], [ 89.077993, 17.782811 ], [ 89.077323, 17.782195 ], [ 89.076653, 17.781577 ], [ 89.075981, 17.78096 ], [ 89.075396, 17.780433 ], [ 89.074636, 17.779732 ], [ 89.073961, 17.779119 ], [ 89.073287, 17.778506 ], [ 89.072614, 17.777894 ], [ 89.071939, 17.777281 ], [ 89.071277, 17.776656 ], [ 89.070594, 17.776053 ], [ 89.069914, 17.77545 ], [ 89.069246, 17.774833 ], [ 89.068539, 17.774268 ], [ 89.066196, 17.771865 ], [ 89.061272, 17.767351 ], [ 89.058809, 17.765104 ], [ 89.056941, 17.763408 ], [ 89.053619, 17.760364 ], [ 89.052395, 17.759197 ], [ 89.051606, 17.758465 ], [ 89.050911, 17.75782 ], [ 89.048888, 17.755937 ], [ 89.047934, 17.755051 ], [ 89.044112, 17.751507 ], [ 89.043099, 17.750569 ], [ 89.037202, 17.745062 ], [ 89.034746, 17.742778 ], [ 89.029813, 17.738215 ], [ 89.027182, 17.735793 ], [ 89.024999, 17.733753 ], [ 89.023541, 17.732391 ], [ 89.020615, 17.729667 ], [ 89.019149, 17.728307 ], [ 89.018486, 17.727693 ], [ 89.017818, 17.727075 ], [ 89.017149, 17.726455 ], [ 89.01648, 17.725836 ], [ 89.015812, 17.725217 ], [ 89.015143, 17.724598 ], [ 89.014473, 17.723978 ], [ 89.013805, 17.723359 ], [ 89.013137, 17.722741 ], [ 89.012468, 17.722122 ], [ 89.011798, 17.721502 ], [ 89.011129, 17.720883 ], [ 89.010461, 17.720265 ], [ 89.009793, 17.719646 ], [ 89.009123, 17.719026 ], [ 89.008454, 17.718407 ], [ 89.007786, 17.717788 ], [ 89.007117, 17.717169 ], [ 89.006448, 17.716549 ], [ 89.00578, 17.715931 ], [ 89.005111, 17.715312 ], [ 89.004441, 17.714692 ], [ 89.003773, 17.714073 ], [ 89.003105, 17.713455 ], [ 89.002436, 17.712836 ], [ 89.001766, 17.712216 ], [ 89.001097, 17.711597 ], [ 89.000429, 17.710979 ], [ 88.999761, 17.71036 ], [ 88.999091, 17.70974 ], [ 88.998423, 17.709121 ], [ 88.997754, 17.708502 ], [ 88.997085, 17.707882 ], [ 88.996416, 17.707263 ], [ 88.995748, 17.706645 ], [ 88.995079, 17.706026 ], [ 88.994409, 17.705406 ], [ 88.993741, 17.704787 ], [ 88.993073, 17.704169 ], [ 88.992404, 17.70355 ], [ 88.991734, 17.70293 ], [ 88.991066, 17.702311 ], [ 88.990398, 17.701693 ], [ 88.989729, 17.701074 ], [ 88.989059, 17.700454 ], [ 88.988391, 17.699835 ], [ 88.987723, 17.699216 ], [ 88.987053, 17.698596 ], [ 88.986384, 17.697977 ], [ 88.985716, 17.697359 ], [ 88.985047, 17.69674 ], [ 88.984378, 17.69612 ], [ 88.983709, 17.695501 ], [ 88.983041, 17.694883 ], [ 88.982372, 17.694264 ], [ 88.981703, 17.693644 ], [ 88.981035, 17.693026 ], [ 88.980366, 17.692407 ], [ 88.979696, 17.691787 ], [ 88.979028, 17.691168 ], [ 88.97836, 17.690549 ], [ 88.977691, 17.68993 ], [ 88.977021, 17.68931 ], [ 88.976352, 17.688691 ], [ 88.975685, 17.688073 ], [ 88.975016, 17.687454 ], [ 88.974346, 17.686834 ], [ 88.973677, 17.686215 ], [ 88.973009, 17.685597 ], [ 88.972341, 17.684978 ], [ 88.971671, 17.684358 ], [ 88.971003, 17.68374 ], [ 88.970334, 17.683121 ], [ 88.969665, 17.682501 ], [ 88.968996, 17.681882 ], [ 88.968328, 17.681264 ], [ 88.967659, 17.680644 ], [ 88.96699, 17.680025 ], [ 88.966321, 17.679405 ], [ 88.965653, 17.678787 ], [ 88.964984, 17.678168 ], [ 88.964315, 17.677548 ], [ 88.963647, 17.67693 ], [ 88.962978, 17.676311 ], [ 88.962308, 17.675691 ], [ 88.96164, 17.675072 ], [ 88.960972, 17.674454 ], [ 88.960303, 17.673835 ], [ 88.959633, 17.673215 ], [ 88.958965, 17.672596 ], [ 88.958297, 17.671978 ], [ 88.957628, 17.671359 ], [ 88.956958, 17.670739 ], [ 88.956289, 17.67012 ], [ 88.955622, 17.669501 ], [ 88.954953, 17.668882 ], [ 88.954283, 17.668262 ], [ 88.953615, 17.667644 ], [ 88.952947, 17.667025 ], [ 88.952277, 17.666405 ], [ 88.951608, 17.665786 ], [ 88.95094, 17.665168 ], [ 88.950272, 17.664549 ], [ 88.949602, 17.663929 ], [ 88.948933, 17.66331 ], [ 88.948265, 17.662692 ], [ 88.947597, 17.662073 ], [ 88.946927, 17.661453 ], [ 88.946259, 17.660835 ], [ 88.94559, 17.660215 ], [ 88.944921, 17.659596 ], [ 88.944252, 17.658977 ], [ 88.943584, 17.658358 ], [ 88.942915, 17.657739 ], [ 88.942246, 17.657119 ], [ 88.941577, 17.6565 ], [ 88.940909, 17.655882 ], [ 88.94024, 17.655263 ], [ 88.939571, 17.654643 ], [ 88.938902, 17.654024 ], [ 88.938234, 17.653406 ], [ 88.937565, 17.652787 ], [ 88.936896, 17.652167 ], [ 88.936228, 17.651549 ], [ 88.935559, 17.65093 ], [ 88.93489, 17.65031 ], [ 88.934221, 17.649691 ], [ 88.933553, 17.649073 ], [ 88.932884, 17.648453 ], [ 88.932215, 17.647834 ], [ 88.931546, 17.647214 ], [ 88.930878, 17.646596 ], [ 88.93021, 17.645978 ], [ 88.929541, 17.645358 ], [ 88.928872, 17.644739 ], [ 88.928203, 17.64412 ], [ 88.927533, 17.6435 ], [ 88.926865, 17.642881 ], [ 88.926197, 17.642263 ], [ 88.925528, 17.641644 ], [ 88.924859, 17.641024 ], [ 88.92419, 17.640405 ], [ 88.923522, 17.639787 ], [ 88.922853, 17.639168 ], [ 88.922184, 17.638548 ], [ 88.921516, 17.63793 ], [ 88.920847, 17.637311 ], [ 88.920177, 17.636691 ], [ 88.919509, 17.636072 ], [ 88.918841, 17.635453 ], [ 88.918172, 17.634834 ], [ 88.917502, 17.634214 ], [ 88.916834, 17.633595 ], [ 88.916166, 17.632977 ], [ 88.915497, 17.632358 ], [ 88.914828, 17.631738 ], [ 88.914159, 17.631119 ], [ 88.913491, 17.630501 ], [ 88.912822, 17.629882 ], [ 88.912153, 17.629262 ], [ 88.911485, 17.628644 ], [ 88.910816, 17.628025 ], [ 88.910147, 17.627405 ], [ 88.909478, 17.626786 ], [ 88.90881, 17.626168 ], [ 88.908141, 17.625549 ], [ 88.907472, 17.624929 ], [ 88.906803, 17.62431 ], [ 88.906135, 17.623691 ], [ 88.905466, 17.623072 ], [ 88.904797, 17.622453 ], [ 88.904129, 17.621834 ], [ 88.90346, 17.621215 ], [ 88.902791, 17.620595 ], [ 88.902122, 17.619976 ], [ 88.901454, 17.619358 ], [ 88.900785, 17.618739 ], [ 88.900116, 17.618119 ], [ 88.899447, 17.6175 ], [ 88.898779, 17.616882 ], [ 88.898111, 17.616263 ], [ 88.897441, 17.615643 ], [ 88.896772, 17.615024 ], [ 88.896104, 17.614406 ], [ 88.895436, 17.613787 ], [ 88.894766, 17.613167 ], [ 88.894098, 17.612549 ], [ 88.89343, 17.61193 ], [ 88.89276, 17.61131 ], [ 88.892091, 17.610691 ], [ 88.891424, 17.610072 ], [ 88.890756, 17.609455 ], [ 88.88515, 17.604357 ], [ 88.884762, 17.603996 ], [ 88.884096, 17.603374 ], [ 88.883431, 17.602753 ], [ 88.882765, 17.602131 ], [ 88.882098, 17.601508 ], [ 88.881432, 17.600887 ], [ 88.880767, 17.600266 ], [ 88.8801, 17.599644 ], [ 88.879433, 17.599021 ], [ 88.878768, 17.598401 ], [ 88.878102, 17.597779 ], [ 88.877435, 17.597156 ], [ 88.876768, 17.596534 ], [ 88.876104, 17.595913 ], [ 88.875437, 17.595292 ], [ 88.874771, 17.594669 ], [ 88.874107, 17.59405 ], [ 88.870462, 17.590672 ], [ 88.869795, 17.590058 ], [ 88.869127, 17.589444 ], [ 88.868456, 17.588826 ], [ 88.867786, 17.58821 ], [ 88.867115, 17.587593 ], [ 88.866444, 17.586975 ], [ 88.865773, 17.586358 ], [ 88.865103, 17.585742 ], [ 88.864433, 17.585125 ], [ 88.863761, 17.584507 ], [ 88.863091, 17.58389 ], [ 88.862421, 17.583274 ], [ 88.861689, 17.582601 ], [ 88.860931, 17.581904 ], [ 88.858322, 17.579516 ], [ 88.857678, 17.578931 ], [ 88.857259, 17.578549 ], [ 88.856756, 17.57808 ], [ 88.855967, 17.577343 ], [ 88.855301, 17.576721 ], [ 88.854633, 17.576098 ], [ 88.853967, 17.575477 ], [ 88.853303, 17.574856 ], [ 88.852636, 17.574234 ], [ 88.851968, 17.573611 ], [ 88.851302, 17.57299 ], [ 88.850638, 17.572369 ], [ 88.849971, 17.571748 ], [ 88.849304, 17.571124 ], [ 88.848637, 17.570503 ], [ 88.847973, 17.569882 ], [ 88.847306, 17.569261 ], [ 88.846638, 17.568637 ], [ 88.845975, 17.568019 ], [ 88.845315, 17.567403 ], [ 88.843495, 17.56571 ], [ 88.839848, 17.562331 ], [ 88.838021, 17.560644 ], [ 88.837358, 17.560035 ], [ 88.836694, 17.559424 ], [ 88.836023, 17.558807 ], [ 88.835353, 17.55819 ], [ 88.834682, 17.557573 ], [ 88.834011, 17.556956 ], [ 88.833341, 17.556339 ], [ 88.83267, 17.555722 ], [ 88.831999, 17.555105 ], [ 88.831329, 17.554488 ], [ 88.83066, 17.553873 ], [ 88.828701, 17.552088 ], [ 88.82749, 17.550963 ], [ 88.820841, 17.544821 ], [ 88.817506, 17.54176 ], [ 88.814872, 17.539359 ], [ 88.814214, 17.53876 ], [ 88.812896, 17.537562 ], [ 88.812238, 17.536964 ], [ 88.801676, 17.527383 ], [ 88.800355, 17.526188 ], [ 88.797709, 17.5238 ], [ 88.796385, 17.522608 ], [ 88.79108, 17.517844 ], [ 88.789752, 17.516656 ], [ 88.787094, 17.514281 ], [ 88.785764, 17.513096 ], [ 88.775101, 17.503619 ], [ 88.773768, 17.502438 ], [ 88.771097, 17.500076 ], [ 88.769761, 17.498897 ], [ 88.764405, 17.494186 ], [ 88.763065, 17.49301 ], [ 88.760382, 17.490662 ], [ 88.759039, 17.48949 ], [ 88.748278, 17.480119 ], [ 88.746932, 17.47895 ], [ 88.744236, 17.476615 ], [ 88.742887, 17.475449 ], [ 88.737482, 17.470791 ], [ 88.73613, 17.469629 ], [ 88.733423, 17.467307 ], [ 88.732068, 17.466148 ], [ 88.721208, 17.456883 ], [ 88.71985, 17.455728 ], [ 88.71713, 17.453419 ], [ 88.715769, 17.452267 ], [ 88.710315, 17.447662 ], [ 88.708951, 17.446513 ], [ 88.706218, 17.444218 ], [ 88.704852, 17.443073 ], [ 88.693894, 17.433916 ], [ 88.692524, 17.432774 ], [ 88.68978, 17.430492 ], [ 88.688407, 17.429353 ], [ 88.682905, 17.424802 ], [ 88.681529, 17.423666 ], [ 88.678773, 17.421398 ], [ 88.677394, 17.420267 ], [ 88.666341, 17.411218 ], [ 88.664959, 17.410089 ], [ 88.662191, 17.407835 ], [ 88.660806, 17.406709 ], [ 88.655256, 17.402213 ], [ 88.653868, 17.401091 ], [ 88.651088, 17.39885 ], [ 88.649697, 17.397732 ], [ 88.638514, 17.388763 ], [ 88.638032, 17.388378 ], [ 88.636996, 17.387548 ], [ 88.636464, 17.387123 ], [ 88.634211, 17.385322 ], [ 88.633635, 17.384863 ], [ 88.632776, 17.384178 ], [ 88.632321, 17.383816 ], [ 88.62784, 17.38025 ], [ 88.626831, 17.379448 ], [ 88.625206, 17.37816 ], [ 88.622021, 17.375644 ], [ 88.620427, 17.374388 ], [ 88.614731, 17.369914 ], [ 88.613307, 17.368798 ], [ 88.610453, 17.366569 ], [ 88.609026, 17.365457 ], [ 88.600399, 17.358752 ], [ 88.599321, 17.357916 ], [ 88.597162, 17.356245 ], [ 88.596082, 17.35541 ], [ 88.591756, 17.352075 ], [ 88.590674, 17.351243 ], [ 88.588509, 17.34958 ], [ 88.587426, 17.34875 ], [ 88.572977, 17.337698 ], [ 88.571171, 17.33632 ], [ 88.567551, 17.33357 ], [ 88.565739, 17.332198 ], [ 88.558478, 17.326717 ], [ 88.556662, 17.325351 ], [ 88.553023, 17.322623 ], [ 88.551203, 17.321263 ], [ 88.536607, 17.310392 ], [ 88.534782, 17.309037 ], [ 88.531125, 17.306332 ], [ 88.529295, 17.304983 ], [ 88.521962, 17.299594 ], [ 88.520127, 17.29825 ], [ 88.516453, 17.295568 ], [ 88.514614, 17.294231 ], [ 88.499874, 17.283544 ], [ 88.498031, 17.282212 ], [ 88.494339, 17.279553 ], [ 88.492491, 17.278227 ], [ 88.485086, 17.27293 ], [ 88.483234, 17.271609 ], [ 88.479524, 17.268973 ], [ 88.477667, 17.267659 ], [ 88.462786, 17.257158 ], [ 88.460925, 17.255849 ], [ 88.457198, 17.253236 ], [ 88.455332, 17.251933 ], [ 88.447857, 17.24673 ], [ 88.445988, 17.245433 ], [ 88.442242, 17.242843 ], [ 88.440369, 17.241552 ], [ 88.425348, 17.231238 ], [ 88.42347, 17.229953 ], [ 88.419708, 17.227387 ], [ 88.417825, 17.226107 ], [ 88.410282, 17.220998 ], [ 88.408395, 17.219724 ], [ 88.404615, 17.217182 ], [ 88.402724, 17.215915 ], [ 88.387567, 17.205789 ], [ 88.385672, 17.204528 ], [ 88.381876, 17.202009 ], [ 88.379976, 17.200753 ], [ 88.372365, 17.195739 ], [ 88.370461, 17.194489 ], [ 88.366648, 17.191994 ], [ 88.364741, 17.19075 ], [ 88.34945, 17.180816 ], [ 88.348495, 17.180197 ], [ 88.346584, 17.178959 ], [ 88.345627, 17.178341 ], [ 88.341798, 17.175869 ], [ 88.34084, 17.175253 ], [ 88.338924, 17.17402 ], [ 88.337965, 17.173405 ], [ 88.330287, 17.168486 ], [ 88.329327, 17.167872 ], [ 88.327315, 17.166776 ], [ 88.326373, 17.166136 ], [ 88.325392, 17.165518 ], [ 88.322537, 17.163679 ], [ 88.321579, 17.163062 ], [ 88.319661, 17.161829 ], [ 88.318702, 17.161213 ], [ 88.317961, 17.160708 ], [ 88.317196, 17.160219 ], [ 88.316429, 17.15973 ], [ 88.315665, 17.159242 ], [ 88.314899, 17.158753 ], [ 88.314134, 17.158265 ], [ 88.313369, 17.157776 ], [ 88.312604, 17.157288 ], [ 88.311838, 17.156799 ], [ 88.311072, 17.15631 ], [ 88.310307, 17.155822 ], [ 88.309541, 17.155333 ], [ 88.308777, 17.154846 ], [ 88.308006, 17.154364 ], [ 88.307237, 17.153883 ], [ 88.306466, 17.153402 ], [ 88.305694, 17.152919 ], [ 88.304927, 17.152439 ], [ 88.304156, 17.151958 ], [ 88.303387, 17.151477 ], [ 88.302616, 17.150996 ], [ 88.301847, 17.150515 ], [ 88.301076, 17.150033 ], [ 88.300304, 17.149551 ], [ 88.299536, 17.149071 ], [ 88.298766, 17.14859 ], [ 88.297996, 17.148109 ], [ 88.297226, 17.147627 ], [ 88.296456, 17.147146 ], [ 88.295686, 17.146665 ], [ 88.294914, 17.146182 ], [ 88.294146, 17.145703 ], [ 88.293385, 17.145215 ], [ 88.292608, 17.144748 ], [ 88.291839, 17.14428 ], [ 88.29112, 17.143691 ], [ 88.290352, 17.143206 ], [ 88.289582, 17.14272 ], [ 88.288817, 17.142236 ], [ 88.288049, 17.141751 ], [ 88.287281, 17.141266 ], [ 88.286514, 17.140781 ], [ 88.285746, 17.140296 ], [ 88.284978, 17.139811 ], [ 88.284208, 17.139325 ], [ 88.283443, 17.138841 ], [ 88.282681, 17.13836 ], [ 88.278026, 17.135445 ], [ 88.268541, 17.129556 ], [ 88.264972, 17.127271 ], [ 88.260973, 17.124725 ], [ 88.260121, 17.124187 ], [ 88.255023, 17.120917 ], [ 88.251283, 17.118533 ], [ 88.24706, 17.115861 ], [ 88.246532, 17.115527 ], [ 88.245476, 17.11486 ], [ 88.244948, 17.114527 ], [ 88.242833, 17.113194 ], [ 88.242305, 17.112861 ], [ 88.241247, 17.112196 ], [ 88.240718, 17.111864 ], [ 88.239969, 17.111394 ], [ 88.239213, 17.110918 ], [ 88.238444, 17.110435 ], [ 88.237676, 17.109953 ], [ 88.236906, 17.10947 ], [ 88.236137, 17.108987 ], [ 88.235368, 17.108504 ], [ 88.235041, 17.108299 ], [ 88.233191, 17.107118 ], [ 88.229328, 17.10466 ], [ 88.227394, 17.103434 ], [ 88.226632, 17.102952 ], [ 88.225866, 17.102468 ], [ 88.225098, 17.101983 ], [ 88.22433, 17.101498 ], [ 88.223563, 17.101013 ], [ 88.222795, 17.100528 ], [ 88.222027, 17.100043 ], [ 88.221258, 17.099557 ], [ 88.220492, 17.099073 ], [ 88.219724, 17.098588 ], [ 88.218956, 17.098103 ], [ 88.218189, 17.097618 ], [ 88.217421, 17.097133 ], [ 88.216654, 17.096648 ], [ 88.215885, 17.096163 ], [ 88.215118, 17.095678 ], [ 88.214351, 17.095193 ], [ 88.213582, 17.094708 ], [ 88.212815, 17.094223 ], [ 88.212048, 17.093739 ], [ 88.21128, 17.093254 ], [ 88.210511, 17.092768 ], [ 88.209745, 17.092284 ], [ 88.208977, 17.091799 ], [ 88.208208, 17.091313 ], [ 88.207442, 17.090829 ], [ 88.206674, 17.090344 ], [ 88.205906, 17.089859 ], [ 88.205137, 17.089373 ], [ 88.20437, 17.088888 ], [ 88.203603, 17.088404 ], [ 88.202836, 17.087919 ], [ 88.202068, 17.087434 ], [ 88.2013, 17.086949 ], [ 88.200533, 17.086464 ], [ 88.199764, 17.085978 ], [ 88.198996, 17.085493 ], [ 88.198229, 17.085009 ], [ 88.197462, 17.084524 ], [ 88.196694, 17.084039 ], [ 88.195926, 17.083554 ], [ 88.195159, 17.083069 ], [ 88.19439, 17.082583 ], [ 88.193623, 17.082099 ], [ 88.192856, 17.081614 ], [ 88.192088, 17.081129 ], [ 88.19132, 17.080644 ], [ 88.190553, 17.080159 ], [ 88.189785, 17.079674 ], [ 88.189016, 17.079189 ], [ 88.188249, 17.078704 ], [ 88.187482, 17.078219 ], [ 88.186714, 17.077734 ], [ 88.185947, 17.077249 ], [ 88.185179, 17.076765 ], [ 88.184411, 17.07628 ], [ 88.183643, 17.075794 ], [ 88.182875, 17.075309 ], [ 88.182108, 17.074825 ], [ 88.181341, 17.07434 ], [ 88.180573, 17.073855 ], [ 88.179805, 17.07337 ], [ 88.179037, 17.072884 ], [ 88.178269, 17.072399 ], [ 88.177502, 17.071915 ], [ 88.176735, 17.07143 ], [ 88.175967, 17.070945 ], [ 88.1752, 17.07046 ], [ 88.174432, 17.069975 ], [ 88.173663, 17.069489 ], [ 88.172895, 17.069004 ], [ 88.172129, 17.06852 ], [ 88.171361, 17.068035 ], [ 88.170594, 17.06755 ], [ 88.169826, 17.067065 ], [ 88.169058, 17.06658 ], [ 88.16829, 17.066095 ], [ 88.167522, 17.065609 ], [ 88.166755, 17.065125 ], [ 88.165988, 17.06464 ], [ 88.16522, 17.064155 ], [ 88.164452, 17.06367 ], [ 88.163685, 17.063185 ], [ 88.162916, 17.0627 ], [ 88.162148, 17.062215 ], [ 88.161382, 17.061731 ], [ 88.160614, 17.061246 ], [ 88.159846, 17.060761 ], [ 88.159079, 17.060276 ], [ 88.158311, 17.059791 ], [ 88.157543, 17.059305 ], [ 88.156774, 17.05882 ], [ 88.156008, 17.058336 ], [ 88.15524, 17.057851 ], [ 88.154473, 17.057366 ], [ 88.153704, 17.05688 ], [ 88.152937, 17.056396 ], [ 88.15217, 17.055911 ], [ 88.151401, 17.055425 ], [ 88.150634, 17.054941 ], [ 88.149867, 17.054456 ], [ 88.149099, 17.053971 ], [ 88.148331, 17.053486 ], [ 88.147563, 17.053 ], [ 88.146796, 17.052516 ], [ 88.146029, 17.052031 ], [ 88.145261, 17.051546 ], [ 88.144493, 17.051061 ], [ 88.143726, 17.050576 ], [ 88.142957, 17.050091 ], [ 88.142189, 17.049606 ], [ 88.141423, 17.049121 ], [ 88.140655, 17.048636 ], [ 88.139887, 17.048151 ], [ 88.13912, 17.047666 ], [ 88.138352, 17.047182 ], [ 88.137584, 17.046696 ], [ 88.136816, 17.046211 ], [ 88.136049, 17.045727 ], [ 88.135282, 17.045242 ], [ 88.134514, 17.044757 ], [ 88.133746, 17.044272 ], [ 88.132979, 17.043787 ], [ 88.13221, 17.043301 ], [ 88.131442, 17.042816 ], [ 88.130676, 17.042332 ], [ 88.129908, 17.041847 ], [ 88.12914, 17.041362 ], [ 88.128372, 17.040876 ], [ 88.127605, 17.040392 ], [ 88.126837, 17.039907 ], [ 88.126069, 17.039421 ], [ 88.125302, 17.038937 ], [ 88.124534, 17.038452 ], [ 88.123767, 17.037967 ], [ 88.122998, 17.037482 ], [ 88.122232, 17.036997 ], [ 88.121464, 17.036512 ], [ 88.120695, 17.036027 ], [ 88.119929, 17.035542 ], [ 88.119161, 17.035057 ], [ 88.118393, 17.034572 ], [ 88.117625, 17.034087 ], [ 88.116858, 17.033603 ], [ 88.11609, 17.033118 ], [ 88.115322, 17.032632 ], [ 88.114555, 17.032148 ], [ 88.113788, 17.031663 ], [ 88.11302, 17.031178 ], [ 88.112251, 17.030692 ], [ 88.111485, 17.030208 ], [ 88.110717, 17.029723 ], [ 88.109948, 17.029237 ], [ 88.109182, 17.028753 ], [ 88.108414, 17.028268 ], [ 88.107646, 17.027783 ], [ 88.106878, 17.027298 ], [ 88.106111, 17.026813 ], [ 88.105344, 17.026328 ], [ 88.104575, 17.025842 ], [ 88.103808, 17.025358 ], [ 88.10304, 17.024873 ], [ 88.102273, 17.024388 ], [ 88.101505, 17.023903 ], [ 88.100738, 17.023418 ], [ 88.09997, 17.022933 ], [ 88.099201, 17.022448 ], [ 88.098435, 17.021963 ], [ 88.097666, 17.021478 ], [ 88.0969, 17.020994 ], [ 88.096132, 17.020509 ], [ 88.095364, 17.020024 ], [ 88.094597, 17.019539 ], [ 88.093828, 17.019053 ], [ 88.093061, 17.018569 ], [ 88.092293, 17.018083 ], [ 88.091526, 17.017599 ], [ 88.090759, 17.017114 ], [ 88.089991, 17.016629 ], [ 88.089223, 17.016144 ], [ 88.088454, 17.015658 ], [ 88.087688, 17.015174 ], [ 88.08692, 17.014689 ], [ 88.086153, 17.014204 ], [ 88.085385, 17.013719 ], [ 88.084618, 17.013234 ], [ 88.08385, 17.012749 ], [ 88.083081, 17.012263 ], [ 88.082315, 17.011779 ], [ 88.081546, 17.011294 ], [ 88.080779, 17.010809 ], [ 88.080012, 17.010324 ], [ 88.079244, 17.009839 ], [ 88.078476, 17.009355 ], [ 88.077708, 17.008869 ], [ 88.076941, 17.008385 ], [ 88.076173, 17.007899 ], [ 88.075406, 17.007415 ], [ 88.07464, 17.006931 ], [ 88.069747, 17.003933 ], [ 88.068886, 17.003383 ], [ 88.06812, 17.002895 ], [ 88.067355, 17.002406 ], [ 88.066589, 17.001918 ], [ 88.065824, 17.001429 ], [ 88.065059, 17.000941 ], [ 88.06429, 17.00045 ], [ 88.063528, 16.999964 ], [ 88.062762, 16.999475 ], [ 88.061997, 16.998987 ], [ 88.061232, 16.998498 ], [ 88.060465, 16.998009 ], [ 88.059702, 16.997522 ], [ 88.058934, 16.997032 ], [ 88.058171, 16.996545 ], [ 88.057405, 16.996056 ], [ 88.056641, 16.995568 ], [ 88.050932, 16.991963 ], [ 88.050168, 16.991486 ], [ 88.049402, 16.991007 ], [ 88.048632, 16.990526 ], [ 88.047862, 16.990045 ], [ 88.047092, 16.989564 ], [ 88.046322, 16.989083 ], [ 88.045553, 16.988602 ], [ 88.044782, 16.988121 ], [ 88.044013, 16.98764 ], [ 88.039161, 16.984693 ], [ 88.038461, 16.984238 ], [ 88.037858, 16.983859 ], [ 88.03315, 16.980764 ], [ 88.032388, 16.980278 ], [ 88.031623, 16.97979 ], [ 88.030853, 16.979299 ], [ 88.030093, 16.978814 ], [ 88.029328, 16.978325 ], [ 88.028563, 16.977837 ], [ 88.025688, 16.976013 ], [ 88.019929, 16.972377 ], [ 88.017046, 16.970566 ], [ 88.016289, 16.970094 ], [ 88.015528, 16.969619 ], [ 88.014757, 16.969137 ], [ 88.013988, 16.968657 ], [ 88.013218, 16.968175 ], [ 88.012448, 16.967695 ], [ 88.011678, 16.967214 ], [ 88.011323, 16.966992 ], [ 88.004783, 16.962797 ], [ 88.004017, 16.962313 ], [ 88.003251, 16.961829 ], [ 88.002483, 16.961344 ], [ 88.001716, 16.960859 ], [ 88.000948, 16.960374 ], [ 88.00018, 16.959889 ], [ 87.999413, 16.959404 ], [ 87.998644, 16.958918 ], [ 87.997878, 16.958434 ], [ 87.99711, 16.957949 ], [ 87.996342, 16.957464 ], [ 87.995575, 16.956979 ], [ 87.994807, 16.956494 ], [ 87.99404, 16.95601 ], [ 87.993271, 16.955524 ], [ 87.992504, 16.95504 ], [ 87.991737, 16.954555 ], [ 87.990968, 16.954069 ], [ 87.990202, 16.953585 ], [ 87.989434, 16.9531 ], [ 87.988666, 16.952615 ], [ 87.987898, 16.952129 ], [ 87.987131, 16.951645 ], [ 87.986364, 16.95116 ], [ 87.985595, 16.950675 ], [ 87.984829, 16.95019 ], [ 87.984061, 16.949705 ], [ 87.983293, 16.94922 ], [ 87.982525, 16.948734 ], [ 87.981758, 16.94825 ], [ 87.980991, 16.947765 ], [ 87.980222, 16.94728 ], [ 87.979455, 16.946795 ], [ 87.978688, 16.946311 ], [ 87.97792, 16.945826 ], [ 87.977151, 16.94534 ], [ 87.976385, 16.944856 ], [ 87.975617, 16.944371 ], [ 87.974849, 16.943885 ], [ 87.974082, 16.943401 ], [ 87.973319, 16.942919 ], [ 87.968704, 16.940028 ], [ 87.959449, 16.93428 ], [ 87.954654, 16.931329 ], [ 87.950826, 16.92885 ], [ 87.946041, 16.925772 ], [ 87.936166, 16.919474 ], [ 87.93242, 16.917284 ], [ 87.93115, 16.916444 ], [ 87.930404, 16.915968 ], [ 87.92967, 16.915458 ], [ 87.928903, 16.914972 ], [ 87.928137, 16.914485 ], [ 87.92737, 16.913999 ], [ 87.926867, 16.913708 ], [ 87.925112, 16.912573 ], [ 87.923157, 16.911312 ], [ 87.919232, 16.908784 ], [ 87.917269, 16.907522 ], [ 87.916511, 16.907033 ], [ 87.915747, 16.906545 ], [ 87.914976, 16.906063 ], [ 87.914205, 16.905582 ], [ 87.913437, 16.905101 ], [ 87.912667, 16.90462 ], [ 87.911897, 16.904139 ], [ 87.911127, 16.903657 ], [ 87.910357, 16.903176 ], [ 87.909587, 16.902695 ], [ 87.908816, 16.902213 ], [ 87.908048, 16.901733 ], [ 87.907278, 16.901251 ], [ 87.906508, 16.90077 ], [ 87.905738, 16.900289 ], [ 87.904968, 16.899808 ], [ 87.904198, 16.899326 ], [ 87.903427, 16.898845 ], [ 87.902659, 16.898364 ], [ 87.901889, 16.897883 ], [ 87.901119, 16.897402 ], [ 87.900358, 16.896916 ], [ 87.899581, 16.896448 ], [ 87.898814, 16.895981 ], [ 87.898488, 16.895786 ], [ 87.898092, 16.895391 ], [ 87.897325, 16.894906 ], [ 87.896558, 16.894421 ], [ 87.89579, 16.893936 ], [ 87.895022, 16.893451 ], [ 87.894255, 16.892967 ], [ 87.893488, 16.892482 ], [ 87.892719, 16.891996 ], [ 87.891952, 16.891512 ], [ 87.891185, 16.891027 ], [ 87.890417, 16.890542 ], [ 87.889649, 16.890056 ], [ 87.888882, 16.889572 ], [ 87.888115, 16.889087 ], [ 87.887346, 16.888601 ], [ 87.88658, 16.888117 ], [ 87.885812, 16.887632 ], [ 87.885045, 16.887147 ], [ 87.884276, 16.886662 ], [ 87.883509, 16.886177 ], [ 87.882742, 16.885693 ], [ 87.881973, 16.885207 ], [ 87.881207, 16.884723 ], [ 87.880439, 16.884238 ], [ 87.879672, 16.883753 ], [ 87.878903, 16.883267 ], [ 87.878135, 16.882782 ], [ 87.877369, 16.882298 ], [ 87.876601, 16.881813 ], [ 87.875834, 16.881328 ], [ 87.875066, 16.880843 ], [ 87.874299, 16.880358 ], [ 87.873531, 16.879873 ], [ 87.872763, 16.879388 ], [ 87.871996, 16.878903 ], [ 87.871229, 16.878418 ], [ 87.870461, 16.877933 ], [ 87.869693, 16.877448 ], [ 87.868926, 16.876964 ], [ 87.868158, 16.876479 ], [ 87.86739, 16.875993 ], [ 87.866623, 16.875509 ], [ 87.865856, 16.875024 ], [ 87.865088, 16.874539 ], [ 87.86432, 16.874053 ], [ 87.863553, 16.873569 ], [ 87.862786, 16.873084 ], [ 87.862017, 16.872598 ], [ 87.861251, 16.872114 ], [ 87.860483, 16.871629 ], [ 87.859716, 16.871144 ], [ 87.858947, 16.870659 ], [ 87.85818, 16.870174 ], [ 87.857413, 16.86969 ], [ 87.856644, 16.869204 ], [ 87.855878, 16.86872 ], [ 87.85511, 16.868235 ], [ 87.854343, 16.86775 ], [ 87.853574, 16.867264 ], [ 87.852808, 16.86678 ], [ 87.85204, 16.866295 ], [ 87.851271, 16.865809 ], [ 87.850505, 16.865325 ], [ 87.849738, 16.86484 ], [ 87.84897, 16.864355 ], [ 87.848202, 16.86387 ], [ 87.847435, 16.863385 ], [ 87.846667, 16.8629 ], [ 87.845899, 16.862415 ], [ 87.845132, 16.861931 ], [ 87.844365, 16.861446 ], [ 87.843597, 16.860961 ], [ 87.842829, 16.860475 ], [ 87.842062, 16.859991 ], [ 87.841295, 16.859506 ], [ 87.840526, 16.85902 ], [ 87.83976, 16.858536 ], [ 87.838991, 16.858051 ], [ 87.838225, 16.857566 ], [ 87.837457, 16.857081 ], [ 87.836689, 16.856596 ], [ 87.835922, 16.856111 ], [ 87.835153, 16.855626 ], [ 87.834387, 16.855141 ], [ 87.833619, 16.854656 ], [ 87.832852, 16.854172 ], [ 87.832084, 16.853687 ], [ 87.831317, 16.853202 ], [ 87.830549, 16.852717 ], [ 87.82978, 16.852231 ], [ 87.829014, 16.851747 ], [ 87.828246, 16.851262 ], [ 87.827479, 16.850777 ], [ 87.826712, 16.850292 ], [ 87.825944, 16.849807 ], [ 87.825177, 16.849322 ], [ 87.824408, 16.848837 ], [ 87.823641, 16.848352 ], [ 87.822873, 16.847867 ], [ 87.822106, 16.847383 ], [ 87.821339, 16.846898 ], [ 87.820571, 16.846413 ], [ 87.819804, 16.845928 ], [ 87.819035, 16.845442 ], [ 87.818269, 16.844958 ], [ 87.8175, 16.844472 ], [ 87.816734, 16.843988 ], [ 87.815966, 16.843503 ], [ 87.815199, 16.843018 ], [ 87.814431, 16.842533 ], [ 87.813662, 16.842047 ], [ 87.812896, 16.841563 ], [ 87.812129, 16.841078 ], [ 87.811361, 16.840593 ], [ 87.810594, 16.840109 ], [ 87.809826, 16.839624 ], [ 87.809058, 16.839139 ], [ 87.808289, 16.838652 ], [ 87.807523, 16.838169 ], [ 87.806756, 16.837684 ], [ 87.805988, 16.837199 ], [ 87.805221, 16.836714 ], [ 87.804453, 16.836229 ], [ 87.803686, 16.835744 ], [ 87.802916, 16.835258 ], [ 87.802151, 16.834774 ], [ 87.801383, 16.834289 ], [ 87.800616, 16.833804 ], [ 87.799848, 16.83332 ], [ 87.799081, 16.832835 ], [ 87.798313, 16.83235 ], [ 87.797544, 16.831863 ], [ 87.796778, 16.83138 ], [ 87.796011, 16.830895 ], [ 87.795243, 16.83041 ], [ 87.794476, 16.829925 ], [ 87.793707, 16.829439 ], [ 87.792941, 16.828955 ], [ 87.792172, 16.82847 ], [ 87.791406, 16.827985 ], [ 87.790638, 16.8275 ], [ 87.789871, 16.827015 ], [ 87.789103, 16.82653 ], [ 87.788334, 16.826044 ], [ 87.787568, 16.825561 ], [ 87.786801, 16.825076 ], [ 87.786033, 16.824591 ], [ 87.785265, 16.824106 ], [ 87.784498, 16.823621 ], [ 87.78373, 16.823136 ], [ 87.782961, 16.82265 ], [ 87.782195, 16.822166 ], [ 87.781428, 16.821681 ], [ 87.78066, 16.821196 ], [ 87.779893, 16.820711 ], [ 87.779125, 16.820226 ], [ 87.778358, 16.819741 ], [ 87.777588, 16.819255 ], [ 87.776823, 16.818772 ], [ 87.776055, 16.818287 ], [ 87.775288, 16.817802 ], [ 87.77452, 16.817317 ], [ 87.773753, 16.816832 ], [ 87.772985, 16.816347 ], [ 87.772216, 16.815861 ], [ 87.77145, 16.815377 ], [ 87.770683, 16.814892 ], [ 87.769915, 16.814407 ], [ 87.769148, 16.813922 ], [ 87.76838, 16.813437 ], [ 87.767613, 16.812952 ], [ 87.766843, 16.812466 ], [ 87.766078, 16.811983 ], [ 87.76531, 16.811498 ], [ 87.764543, 16.811013 ], [ 87.763775, 16.810528 ], [ 87.763007, 16.810042 ], [ 87.76224, 16.809558 ], [ 87.761472, 16.809072 ], [ 87.760705, 16.808588 ], [ 87.759938, 16.808103 ], [ 87.75917, 16.807618 ], [ 87.758403, 16.807133 ], [ 87.757634, 16.806648 ], [ 87.756868, 16.806163 ], [ 87.756099, 16.805678 ], [ 87.755333, 16.805194 ], [ 87.754565, 16.804709 ], [ 87.753798, 16.804224 ], [ 87.75303, 16.803739 ], [ 87.752262, 16.803253 ], [ 87.751495, 16.802769 ], [ 87.750727, 16.802283 ], [ 87.74996, 16.801799 ], [ 87.749193, 16.801314 ], [ 87.748425, 16.800829 ], [ 87.747658, 16.800344 ], [ 87.746889, 16.799859 ], [ 87.746123, 16.799375 ], [ 87.745354, 16.798889 ], [ 87.744588, 16.798405 ], [ 87.74382, 16.79792 ], [ 87.743053, 16.797435 ], [ 87.742285, 16.79695 ], [ 87.741517, 16.796464 ], [ 87.74075, 16.79598 ], [ 87.739982, 16.795494 ], [ 87.739215, 16.79501 ], [ 87.738448, 16.794525 ], [ 87.73768, 16.79404 ], [ 87.736913, 16.793555 ], [ 87.736145, 16.79307 ], [ 87.735378, 16.792586 ], [ 87.734609, 16.7921 ], [ 87.733844, 16.791616 ], [ 87.728695, 16.788466 ], [ 87.728247, 16.788179 ], [ 87.727483, 16.78769 ], [ 87.724118, 16.785595 ], [ 87.720452, 16.783308 ], [ 87.716508, 16.78086 ], [ 87.715914, 16.780492 ], [ 87.715354, 16.78012 ], [ 87.714574, 16.779661 ], [ 87.713637, 16.779041 ], [ 87.712868, 16.778519 ], [ 87.712003, 16.777919 ], [ 87.711379, 16.777534 ], [ 87.704044, 16.772893 ], [ 87.693967, 16.766442 ], [ 87.693209, 16.765969 ], [ 87.69245, 16.765495 ], [ 87.69168, 16.765014 ], [ 87.69091, 16.764533 ], [ 87.690141, 16.764052 ], [ 87.68937, 16.763571 ], [ 87.688601, 16.76309 ], [ 87.68783, 16.762609 ], [ 87.687061, 16.762128 ], [ 87.686291, 16.761647 ], [ 87.685521, 16.761166 ], [ 87.684752, 16.760686 ], [ 87.684339, 16.760428 ], [ 87.682905, 16.759497 ], [ 87.675511, 16.75476 ], [ 87.674747, 16.754277 ], [ 87.673979, 16.753792 ], [ 87.673212, 16.753307 ], [ 87.672444, 16.752822 ], [ 87.671681, 16.75234 ], [ 87.670953, 16.751884 ], [ 87.670137, 16.751364 ], [ 87.669379, 16.750885 ], [ 87.664816, 16.748027 ], [ 87.661871, 16.746197 ], [ 87.65926, 16.744542 ], [ 87.658275, 16.743918 ], [ 87.656303, 16.742673 ], [ 87.655316, 16.742051 ], [ 87.654524, 16.741552 ], [ 87.653717, 16.741045 ], [ 87.652952, 16.740563 ], [ 87.649104, 16.738159 ], [ 87.648605, 16.73785 ], [ 87.642715, 16.734068 ], [ 87.638869, 16.731616 ], [ 87.634649, 16.728945 ], [ 87.634122, 16.728612 ], [ 87.633067, 16.727945 ], [ 87.632539, 16.727612 ], [ 87.630427, 16.72628 ], [ 87.629899, 16.725948 ], [ 87.628842, 16.725283 ], [ 87.628314, 16.724951 ], [ 87.627564, 16.72448 ], [ 87.626809, 16.724006 ], [ 87.626041, 16.723523 ], [ 87.625272, 16.72304 ], [ 87.624504, 16.722558 ], [ 87.623735, 16.722075 ], [ 87.622882, 16.721537 ], [ 87.621186, 16.720455 ], [ 87.617494, 16.718106 ], [ 87.615647, 16.716935 ], [ 87.614884, 16.716453 ], [ 87.614116, 16.715968 ], [ 87.61335, 16.715484 ], [ 87.612583, 16.714999 ], [ 87.611815, 16.714514 ], [ 87.611047, 16.714028 ], [ 87.61028, 16.713544 ], [ 87.609513, 16.713059 ], [ 87.608744, 16.712573 ], [ 87.607978, 16.712089 ], [ 87.607211, 16.711604 ], [ 87.606443, 16.711119 ], [ 87.605675, 16.710634 ], [ 87.604908, 16.710149 ], [ 87.604141, 16.709665 ], [ 87.603372, 16.709179 ], [ 87.602606, 16.708695 ], [ 87.601838, 16.70821 ], [ 87.601071, 16.707725 ], [ 87.600303, 16.70724 ], [ 87.599536, 16.706755 ], [ 87.598769, 16.70627 ], [ 87.598, 16.705784 ], [ 87.597234, 16.7053 ], [ 87.596466, 16.704815 ], [ 87.595699, 16.704331 ], [ 87.594931, 16.703845 ], [ 87.594164, 16.703361 ], [ 87.593397, 16.702876 ], [ 87.592628, 16.70239 ], [ 87.591862, 16.701906 ], [ 87.591094, 16.701421 ], [ 87.590327, 16.700936 ], [ 87.589559, 16.700451 ], [ 87.588792, 16.699966 ], [ 87.588025, 16.699481 ], [ 87.587256, 16.698996 ], [ 87.58649, 16.698512 ], [ 87.585624, 16.698162 ], [ 87.584858, 16.697677 ], [ 87.58411, 16.697163 ], [ 87.583341, 16.696684 ], [ 87.582588, 16.696178 ], [ 87.581835, 16.69567 ], [ 87.581049, 16.695185 ], [ 87.58032, 16.694677 ], [ 87.579555, 16.694191 ], [ 87.57877, 16.693731 ], [ 87.578005, 16.693242 ], [ 87.57724, 16.692754 ], [ 87.576474, 16.692264 ], [ 87.57571, 16.691777 ], [ 87.574944, 16.691288 ], [ 87.57418, 16.6908 ], [ 87.573415, 16.690311 ], [ 87.57265, 16.689823 ], [ 87.571884, 16.689334 ], [ 87.571118, 16.688845 ], [ 87.570354, 16.688357 ], [ 87.569588, 16.687868 ], [ 87.568824, 16.68738 ], [ 87.568059, 16.686891 ], [ 87.567294, 16.686403 ], [ 87.566529, 16.685914 ], [ 87.565763, 16.685425 ], [ 87.564999, 16.684937 ], [ 87.564233, 16.684449 ], [ 87.563464, 16.683968 ], [ 87.562694, 16.683486 ], [ 87.561925, 16.683005 ], [ 87.561155, 16.682524 ], [ 87.560384, 16.682042 ], [ 87.559616, 16.681562 ], [ 87.558845, 16.68108 ], [ 87.558076, 16.680599 ], [ 87.557306, 16.680118 ], [ 87.556537, 16.679637 ], [ 87.555767, 16.679156 ], [ 87.554995, 16.678673 ], [ 87.554228, 16.678193 ], [ 87.553458, 16.677712 ], [ 87.552688, 16.677231 ], [ 87.551918, 16.67675 ], [ 87.551149, 16.676269 ], [ 87.550379, 16.675787 ], [ 87.549607, 16.675305 ], [ 87.548858, 16.674795 ], [ 87.548089, 16.674313 ], [ 87.547245, 16.673829 ], [ 87.546543, 16.673369 ], [ 87.545762, 16.672908 ], [ 87.544982, 16.672445 ], [ 87.544216, 16.671955 ], [ 87.543434, 16.671501 ], [ 87.542666, 16.671018 ], [ 87.541979, 16.670387 ], [ 87.541211, 16.669902 ], [ 87.540444, 16.669417 ], [ 87.539677, 16.668932 ], [ 87.538907, 16.668446 ], [ 87.538142, 16.667962 ], [ 87.537374, 16.667478 ], [ 87.536607, 16.666993 ], [ 87.53584, 16.666508 ], [ 87.535072, 16.666023 ], [ 87.534305, 16.665538 ], [ 87.533535, 16.665052 ], [ 87.53277, 16.664568 ], [ 87.532002, 16.664083 ], [ 87.531235, 16.663598 ], [ 87.530468, 16.663113 ], [ 87.529699, 16.662628 ], [ 87.528933, 16.662144 ], [ 87.528164, 16.661658 ], [ 87.527398, 16.661174 ], [ 87.526631, 16.660689 ], [ 87.525863, 16.660204 ], [ 87.525096, 16.659719 ], [ 87.524326, 16.659233 ], [ 87.523561, 16.658749 ], [ 87.522794, 16.658264 ], [ 87.522026, 16.657779 ], [ 87.521259, 16.657295 ], [ 87.520491, 16.65681 ], [ 87.519724, 16.656325 ], [ 87.518954, 16.655839 ], [ 87.518189, 16.655355 ], [ 87.517422, 16.65487 ], [ 87.516654, 16.654385 ], [ 87.515887, 16.6539 ], [ 87.515119, 16.653415 ], [ 87.514352, 16.65293 ], [ 87.513583, 16.652444 ], [ 87.512817, 16.651961 ], [ 87.51205, 16.651476 ], [ 87.511282, 16.650991 ], [ 87.510515, 16.650506 ], [ 87.509748, 16.650021 ], [ 87.50898, 16.649536 ], [ 87.508211, 16.64905 ], [ 87.507445, 16.648566 ], [ 87.506678, 16.648081 ], [ 87.505911, 16.647596 ], [ 87.505143, 16.647112 ], [ 87.504375, 16.646626 ], [ 87.503608, 16.646142 ], [ 87.50284, 16.645656 ], [ 87.502074, 16.645172 ], [ 87.501306, 16.644687 ], [ 87.500539, 16.644202 ], [ 87.499771, 16.643717 ], [ 87.499003, 16.643232 ], [ 87.498236, 16.642747 ], [ 87.497468, 16.642262 ], [ 87.496702, 16.641778 ], [ 87.495934, 16.641293 ], [ 87.495167, 16.640808 ], [ 87.494399, 16.640323 ], [ 87.493631, 16.639838 ], [ 87.492865, 16.639353 ], [ 87.492096, 16.638867 ], [ 87.49133, 16.638383 ], [ 87.490562, 16.637898 ], [ 87.489795, 16.637414 ], [ 87.489028, 16.636929 ], [ 87.488259, 16.636443 ], [ 87.487493, 16.635959 ], [ 87.486724, 16.635473 ], [ 87.485958, 16.634989 ], [ 87.485191, 16.634504 ], [ 87.484423, 16.634019 ], [ 87.483656, 16.633534 ], [ 87.482888, 16.633049 ], [ 87.482121, 16.632565 ], [ 87.481352, 16.632079 ], [ 87.480586, 16.631595 ], [ 87.479819, 16.63111 ], [ 87.479051, 16.630624 ], [ 87.478284, 16.63014 ], [ 87.477517, 16.629655 ], [ 87.476749, 16.62917 ], [ 87.475981, 16.628685 ], [ 87.475215, 16.6282 ], [ 87.474447, 16.627716 ], [ 87.473679, 16.62723 ], [ 87.472912, 16.626746 ], [ 87.472145, 16.626261 ], [ 87.471378, 16.625776 ], [ 87.470609, 16.62529 ], [ 87.469843, 16.624806 ], [ 87.469075, 16.624321 ], [ 87.468307, 16.623836 ], [ 87.467541, 16.623351 ], [ 87.466773, 16.622867 ], [ 87.466006, 16.622382 ], [ 87.465237, 16.621896 ], [ 87.464471, 16.621412 ], [ 87.463704, 16.620927 ], [ 87.462935, 16.620442 ], [ 87.462169, 16.619957 ], [ 87.461402, 16.619472 ], [ 87.460634, 16.618987 ], [ 87.459865, 16.618502 ], [ 87.459099, 16.618018 ], [ 87.458332, 16.617533 ], [ 87.457564, 16.617047 ], [ 87.456797, 16.616563 ], [ 87.45603, 16.616078 ], [ 87.455262, 16.615593 ], [ 87.454494, 16.615107 ], [ 87.453727, 16.614623 ], [ 87.45296, 16.614138 ], [ 87.452193, 16.613654 ], [ 87.451425, 16.613169 ], [ 87.450658, 16.612684 ], [ 87.449891, 16.612199 ], [ 87.449122, 16.611713 ], [ 87.448355, 16.611229 ], [ 87.447589, 16.610744 ], [ 87.446821, 16.610259 ], [ 87.446054, 16.609774 ], [ 87.445286, 16.609289 ], [ 87.444519, 16.608805 ], [ 87.44375, 16.608319 ], [ 87.442983, 16.607834 ], [ 87.442217, 16.60735 ], [ 87.44145, 16.606865 ], [ 87.440682, 16.60638 ], [ 87.439914, 16.605894 ], [ 87.439147, 16.60541 ], [ 87.43838, 16.604925 ], [ 87.437612, 16.60444 ], [ 87.436845, 16.603956 ], [ 87.436078, 16.603471 ], [ 87.43531, 16.602986 ], [ 87.434542, 16.6025 ], [ 87.433776, 16.602016 ], [ 87.433008, 16.601531 ], [ 87.43224, 16.601046 ], [ 87.431474, 16.600561 ], [ 87.430706, 16.600076 ], [ 87.429939, 16.599592 ], [ 87.42917, 16.599106 ], [ 87.428403, 16.598621 ], [ 87.427637, 16.598137 ], [ 87.426869, 16.597652 ], [ 87.426102, 16.597167 ], [ 87.425335, 16.596682 ], [ 87.424567, 16.596197 ], [ 87.423799, 16.595712 ], [ 87.423032, 16.595227 ], [ 87.422265, 16.594743 ], [ 87.421498, 16.594258 ], [ 87.42073, 16.593773 ], [ 87.419963, 16.593288 ], [ 87.419196, 16.592803 ], [ 87.418427, 16.592317 ], [ 87.41766, 16.591833 ], [ 87.416893, 16.591348 ], [ 87.416126, 16.590863 ], [ 87.415359, 16.590379 ], [ 87.414591, 16.589894 ], [ 87.413824, 16.589409 ], [ 87.413055, 16.588923 ], [ 87.412288, 16.588439 ], [ 87.411522, 16.587954 ], [ 87.410755, 16.587469 ], [ 87.409987, 16.586984 ], [ 87.40922, 16.586499 ], [ 87.408452, 16.586015 ], [ 87.407684, 16.585529 ], [ 87.406917, 16.585044 ], [ 87.40615, 16.58456 ], [ 87.405383, 16.584075 ], [ 87.404616, 16.58359 ], [ 87.403848, 16.583105 ], [ 87.403084, 16.582622 ], [ 87.397396, 16.579155 ], [ 87.396492, 16.578572 ], [ 87.39573, 16.578081 ], [ 87.394965, 16.577587 ], [ 87.3942, 16.577095 ], [ 87.393442, 16.576606 ], [ 87.392677, 16.576113 ], [ 87.391914, 16.575621 ], [ 87.391156, 16.575132 ], [ 87.383817, 16.570466 ], [ 87.383053, 16.569987 ], [ 87.381617, 16.569089 ], [ 87.37587, 16.565504 ], [ 87.372761, 16.563619 ], [ 87.371969, 16.563119 ], [ 87.3712, 16.562634 ], [ 87.370434, 16.562151 ], [ 87.369665, 16.561665 ], [ 87.3689, 16.561182 ], [ 87.368131, 16.560697 ], [ 87.367363, 16.560213 ], [ 87.366489, 16.559668 ], [ 87.365127, 16.558827 ], [ 87.364232, 16.558262 ], [ 87.363373, 16.557725 ], [ 87.362639, 16.557239 ], [ 87.356296, 16.553194 ], [ 87.355741, 16.552808 ], [ 87.352779, 16.550929 ], [ 87.346841, 16.547181 ], [ 87.343867, 16.545315 ], [ 87.343102, 16.544838 ], [ 87.342333, 16.544358 ], [ 87.341569, 16.543881 ], [ 87.334833, 16.539729 ], [ 87.332346, 16.538216 ], [ 87.328707, 16.535848 ], [ 87.326733, 16.534568 ], [ 87.322766, 16.532005 ], [ 87.320781, 16.530727 ], [ 87.312827, 16.525626 ], [ 87.310837, 16.524355 ], [ 87.306851, 16.521817 ], [ 87.304856, 16.520552 ], [ 87.304093, 16.52007 ], [ 87.303326, 16.519585 ], [ 87.302558, 16.5191 ], [ 87.30179, 16.518614 ], [ 87.301024, 16.51813 ], [ 87.300256, 16.517645 ], [ 87.299489, 16.517161 ], [ 87.298722, 16.516676 ], [ 87.297954, 16.516191 ], [ 87.297187, 16.515706 ], [ 87.296418, 16.51522 ], [ 87.295652, 16.514736 ], [ 87.294885, 16.514251 ], [ 87.294118, 16.513766 ], [ 87.29335, 16.513282 ], [ 87.292583, 16.512797 ], [ 87.291816, 16.512312 ], [ 87.291046, 16.511826 ], [ 87.290281, 16.511342 ], [ 87.289514, 16.510857 ], [ 87.288746, 16.510372 ], [ 87.287979, 16.509887 ], [ 87.287212, 16.509403 ], [ 87.286444, 16.508918 ], [ 87.285675, 16.508431 ], [ 87.28491, 16.507948 ], [ 87.284143, 16.507463 ], [ 87.283375, 16.506978 ], [ 87.282608, 16.506493 ], [ 87.281841, 16.506008 ], [ 87.281073, 16.505523 ], [ 87.280304, 16.505037 ], [ 87.279539, 16.504554 ], [ 87.278771, 16.504069 ], [ 87.278004, 16.503584 ], [ 87.277237, 16.503099 ], [ 87.276469, 16.502614 ], [ 87.275702, 16.502129 ], [ 87.274933, 16.501643 ], [ 87.274167, 16.50116 ], [ 87.2734, 16.500675 ], [ 87.272633, 16.50019 ], [ 87.271865, 16.499705 ], [ 87.271097, 16.49922 ], [ 87.270331, 16.498735 ], [ 87.269562, 16.49825 ], [ 87.268796, 16.497765 ], [ 87.268029, 16.497281 ], [ 87.267262, 16.496796 ], [ 87.266494, 16.496311 ], [ 87.265726, 16.495825 ], [ 87.26496, 16.495341 ], [ 87.264191, 16.494855 ], [ 87.263425, 16.494371 ], [ 87.262658, 16.493886 ], [ 87.26189, 16.493402 ], [ 87.261123, 16.492917 ], [ 87.260354, 16.49243 ], [ 87.259588, 16.491947 ], [ 87.258821, 16.491462 ], [ 87.258054, 16.490977 ], [ 87.257286, 16.490492 ], [ 87.256519, 16.490007 ], [ 87.255752, 16.489522 ], [ 87.254982, 16.489036 ], [ 87.254217, 16.488553 ], [ 87.25345, 16.488068 ], [ 87.252683, 16.487583 ], [ 87.251915, 16.487098 ], [ 87.251148, 16.486613 ], [ 87.250381, 16.486128 ], [ 87.249611, 16.485642 ], [ 87.248846, 16.485159 ], [ 87.248079, 16.484674 ], [ 87.247311, 16.484189 ], [ 87.246544, 16.483704 ], [ 87.245776, 16.483219 ], [ 87.24501, 16.482734 ], [ 87.244241, 16.482249 ], [ 87.243475, 16.481764 ], [ 87.242708, 16.48128 ], [ 87.24194, 16.480795 ], [ 87.241173, 16.48031 ], [ 87.240405, 16.479824 ], [ 87.239638, 16.47934 ], [ 87.23887, 16.478854 ], [ 87.238104, 16.47837 ], [ 87.237336, 16.477885 ], [ 87.236569, 16.477401 ], [ 87.235802, 16.476916 ], [ 87.235034, 16.47643 ], [ 87.234267, 16.475946 ], [ 87.233499, 16.47546 ], [ 87.232733, 16.474976 ], [ 87.231965, 16.474491 ], [ 87.231198, 16.474006 ], [ 87.230431, 16.473522 ], [ 87.229663, 16.473036 ], [ 87.228896, 16.472552 ], [ 87.228128, 16.472066 ], [ 87.227362, 16.471582 ], [ 87.226594, 16.471097 ], [ 87.225827, 16.470612 ], [ 87.22506, 16.470127 ], [ 87.224292, 16.469642 ], [ 87.223525, 16.469158 ], [ 87.222757, 16.468672 ], [ 87.22199, 16.468188 ], [ 87.221223, 16.467703 ], [ 87.220357, 16.467354 ], [ 87.219592, 16.466868 ], [ 87.218845, 16.466356 ], [ 87.218075, 16.465875 ], [ 87.217321, 16.465369 ], [ 87.216571, 16.464863 ], [ 87.215805, 16.464392 ], [ 87.215055, 16.46387 ], [ 87.21429, 16.463383 ], [ 87.213505, 16.462923 ], [ 87.21274, 16.462434 ], [ 87.211974, 16.461945 ], [ 87.21121, 16.461457 ], [ 87.210445, 16.460969 ], [ 87.209679, 16.46048 ], [ 87.208915, 16.459992 ], [ 87.20815, 16.459503 ], [ 87.207385, 16.459015 ], [ 87.206619, 16.458526 ], [ 87.205856, 16.458038 ], [ 87.20509, 16.457549 ], [ 87.204325, 16.45706 ], [ 87.203561, 16.456572 ], [ 87.202796, 16.456084 ], [ 87.202031, 16.455595 ], [ 87.201265, 16.455106 ], [ 87.200501, 16.454619 ], [ 87.199736, 16.45413 ], [ 87.198971, 16.453641 ], [ 87.198202, 16.45316 ], [ 87.197432, 16.452679 ], [ 87.196662, 16.452198 ], [ 87.195892, 16.451716 ], [ 87.195123, 16.451235 ], [ 87.194354, 16.450754 ], [ 87.193584, 16.450273 ], [ 87.192815, 16.449792 ], [ 87.192045, 16.449311 ], [ 87.191276, 16.44883 ], [ 87.190505, 16.448348 ], [ 87.189736, 16.447867 ], [ 87.188967, 16.447386 ], [ 87.188198, 16.446905 ], [ 87.187428, 16.446424 ], [ 87.186659, 16.445942 ], [ 87.185889, 16.445461 ], [ 87.185118, 16.444979 ], [ 87.184349, 16.444498 ], [ 87.183598, 16.443988 ], [ 87.18283, 16.443506 ], [ 87.182043, 16.443056 ], [ 87.181283, 16.442563 ], [ 87.180503, 16.442102 ], [ 87.179721, 16.441638 ], [ 87.178958, 16.44115 ], [ 87.178175, 16.440695 ], [ 87.177407, 16.440212 ], [ 87.17672, 16.439581 ], [ 87.175953, 16.439096 ], [ 87.175186, 16.438611 ], [ 87.174417, 16.438125 ], [ 87.17365, 16.437641 ], [ 87.172884, 16.437156 ], [ 87.172117, 16.436671 ], [ 87.171349, 16.436186 ], [ 87.170581, 16.435701 ], [ 87.169814, 16.435216 ], [ 87.169048, 16.434732 ], [ 87.16828, 16.434247 ], [ 87.167513, 16.433762 ], [ 87.166746, 16.433277 ], [ 87.165978, 16.432792 ], [ 87.16521, 16.432307 ], [ 87.164443, 16.431822 ], [ 87.163677, 16.431338 ], [ 87.162909, 16.430853 ], [ 87.162142, 16.430368 ], [ 87.161375, 16.429883 ], [ 87.160608, 16.429398 ], [ 87.159839, 16.428913 ], [ 87.159072, 16.428428 ], [ 87.158306, 16.427944 ], [ 87.157538, 16.427459 ], [ 87.156771, 16.426974 ], [ 87.156004, 16.426489 ], [ 87.155237, 16.426004 ], [ 87.154468, 16.425519 ], [ 87.153701, 16.425034 ], [ 87.152935, 16.42455 ], [ 87.152168, 16.424065 ], [ 87.1514, 16.42358 ], [ 87.150633, 16.423095 ], [ 87.149866, 16.42261 ], [ 87.149097, 16.422124 ], [ 87.14833, 16.42164 ], [ 87.147564, 16.421156 ], [ 87.146797, 16.420671 ], [ 87.146029, 16.420186 ], [ 87.145262, 16.419701 ], [ 87.144494, 16.419216 ], [ 87.143726, 16.41873 ], [ 87.14296, 16.418246 ], [ 87.142193, 16.417761 ], [ 87.141426, 16.417277 ], [ 87.140659, 16.416792 ], [ 87.139891, 16.416307 ], [ 87.139123, 16.415822 ], [ 87.138355, 16.415336 ], [ 87.137589, 16.414852 ], [ 87.136822, 16.414367 ], [ 87.136055, 16.413883 ], [ 87.135288, 16.413398 ], [ 87.13452, 16.412913 ], [ 87.133752, 16.412427 ], [ 87.132985, 16.411942 ], [ 87.132219, 16.411458 ], [ 87.131451, 16.410973 ], [ 87.130684, 16.410488 ], [ 87.129917, 16.410004 ], [ 87.12915, 16.409519 ], [ 87.128381, 16.409033 ], [ 87.127614, 16.408548 ], [ 87.126848, 16.408064 ], [ 87.12608, 16.407579 ], [ 87.125313, 16.407094 ], [ 87.124546, 16.40661 ], [ 87.123779, 16.406125 ], [ 87.123011, 16.405639 ], [ 87.122243, 16.405154 ], [ 87.121477, 16.40467 ], [ 87.12071, 16.404185 ], [ 87.119942, 16.4037 ], [ 87.119175, 16.403216 ], [ 87.118408, 16.402731 ], [ 87.11764, 16.402245 ], [ 87.116872, 16.40176 ], [ 87.116106, 16.401276 ], [ 87.115339, 16.400791 ], [ 87.114572, 16.400306 ], [ 87.113804, 16.399821 ], [ 87.113037, 16.399337 ], [ 87.11227, 16.398852 ], [ 87.111501, 16.398366 ], [ 87.110735, 16.397882 ], [ 87.109968, 16.397397 ], [ 87.109201, 16.396912 ], [ 87.108433, 16.396427 ], [ 87.107666, 16.395943 ], [ 87.106899, 16.395458 ], [ 87.106131, 16.394972 ], [ 87.105365, 16.394488 ], [ 87.104597, 16.394003 ], [ 87.10383, 16.393518 ], [ 87.103062, 16.393033 ], [ 87.102296, 16.392549 ], [ 87.101528, 16.392064 ], [ 87.10076, 16.391578 ], [ 87.099994, 16.391094 ], [ 87.099226, 16.390609 ], [ 87.098459, 16.390124 ], [ 87.097691, 16.389639 ], [ 87.096925, 16.389155 ], [ 87.096157, 16.38867 ], [ 87.095389, 16.388184 ], [ 87.094623, 16.3877 ], [ 87.093856, 16.387215 ], [ 87.093088, 16.38673 ], [ 87.09232, 16.386245 ], [ 87.091554, 16.38576 ], [ 87.090787, 16.385276 ], [ 87.090018, 16.38479 ], [ 87.089252, 16.384306 ], [ 87.088484, 16.383821 ], [ 87.087718, 16.383336 ], [ 87.086951, 16.382851 ], [ 87.086182, 16.382366 ], [ 87.085416, 16.381882 ], [ 87.084649, 16.381397 ], [ 87.083882, 16.380912 ], [ 87.083113, 16.380427 ], [ 87.082347, 16.379942 ], [ 87.08158, 16.379457 ], [ 87.080811, 16.378972 ], [ 87.080045, 16.378488 ], [ 87.079278, 16.378003 ], [ 87.078511, 16.377518 ], [ 87.077743, 16.377032 ], [ 87.076976, 16.376548 ], [ 87.076209, 16.376063 ], [ 87.075441, 16.375578 ], [ 87.074675, 16.375094 ], [ 87.073907, 16.374609 ], [ 87.07314, 16.374124 ], [ 87.072372, 16.373638 ], [ 87.071606, 16.373154 ], [ 87.070838, 16.372669 ], [ 87.07007, 16.372184 ], [ 87.069304, 16.3717 ], [ 87.068537, 16.371215 ], [ 87.067769, 16.37073 ], [ 87.067001, 16.370244 ], [ 87.066235, 16.36976 ], [ 87.065468, 16.369275 ], [ 87.064699, 16.36879 ], [ 87.063933, 16.368306 ], [ 87.063165, 16.36782 ], [ 87.062399, 16.367336 ], [ 87.061632, 16.366851 ], [ 87.060864, 16.366366 ], [ 87.060097, 16.365881 ], [ 87.059333, 16.365398 ], [ 87.058596, 16.364936 ], [ 87.057789, 16.364423 ], [ 87.057031, 16.363944 ], [ 87.052546, 16.361133 ], [ 87.046931, 16.357644 ], [ 87.045036, 16.356453 ], [ 87.033915, 16.34954 ], [ 87.032235, 16.348483 ], [ 87.029131, 16.346538 ], [ 87.025618, 16.344397 ], [ 87.024707, 16.343824 ], [ 87.022942, 16.342697 ], [ 87.020586, 16.341195 ], [ 87.018552, 16.339898 ], [ 87.015543, 16.337946 ], [ 87.014272, 16.337142 ], [ 87.013367, 16.336551 ], [ 87.012375, 16.335905 ], [ 87.008417, 16.333329 ], [ 87.005293, 16.331297 ], [ 87.004531, 16.33081 ], [ 87.003767, 16.330322 ], [ 87.003, 16.329832 ], [ 87.002237, 16.329345 ], [ 87.001472, 16.328857 ], [ 87.000707, 16.328368 ], [ 86.999943, 16.327881 ], [ 86.999178, 16.327392 ], [ 86.993522, 16.323819 ], [ 86.992759, 16.323341 ], [ 86.991994, 16.322863 ], [ 86.991225, 16.322382 ], [ 86.990455, 16.321901 ], [ 86.989686, 16.32142 ], [ 86.988916, 16.320939 ], [ 86.988146, 16.320458 ], [ 86.987377, 16.319977 ], [ 86.986608, 16.319496 ], [ 86.985839, 16.319015 ], [ 86.985069, 16.318534 ], [ 86.984299, 16.318053 ], [ 86.983529, 16.317571 ], [ 86.982842, 16.317142 ], [ 86.97877, 16.314486 ], [ 86.978004, 16.314002 ], [ 86.977237, 16.313517 ], [ 86.976469, 16.313032 ], [ 86.975703, 16.312547 ], [ 86.974934, 16.312062 ], [ 86.974168, 16.311578 ], [ 86.973401, 16.311093 ], [ 86.972634, 16.310608 ], [ 86.971867, 16.310123 ], [ 86.971099, 16.309638 ], [ 86.970332, 16.309153 ], [ 86.969564, 16.308668 ], [ 86.968798, 16.308184 ], [ 86.968031, 16.307699 ], [ 86.967264, 16.307214 ], [ 86.966496, 16.306729 ], [ 86.965728, 16.306244 ], [ 86.964962, 16.305759 ], [ 86.964193, 16.305274 ], [ 86.963428, 16.30479 ], [ 86.96266, 16.304305 ], [ 86.961892, 16.30382 ], [ 86.961126, 16.303335 ], [ 86.960359, 16.30285 ], [ 86.959592, 16.302365 ], [ 86.958823, 16.30188 ], [ 86.958057, 16.301396 ], [ 86.95729, 16.300911 ], [ 86.956522, 16.300426 ], [ 86.955756, 16.299941 ], [ 86.954988, 16.299456 ], [ 86.954221, 16.298972 ], [ 86.953453, 16.298486 ], [ 86.952687, 16.298002 ], [ 86.95192, 16.297517 ], [ 86.951152, 16.297032 ], [ 86.950385, 16.296547 ], [ 86.949618, 16.296062 ], [ 86.948851, 16.295578 ], [ 86.948082, 16.295092 ], [ 86.947316, 16.294608 ], [ 86.946549, 16.294123 ], [ 86.945781, 16.293638 ], [ 86.945015, 16.293153 ], [ 86.944248, 16.292669 ], [ 86.94348, 16.292184 ], [ 86.942712, 16.291698 ], [ 86.941946, 16.291214 ], [ 86.941179, 16.290729 ], [ 86.940411, 16.290244 ], [ 86.939644, 16.289759 ], [ 86.938877, 16.289275 ], [ 86.93811, 16.28879 ], [ 86.937342, 16.288304 ], [ 86.936575, 16.28782 ], [ 86.935808, 16.287335 ], [ 86.935041, 16.28685 ], [ 86.934274, 16.286366 ], [ 86.933507, 16.285881 ], [ 86.93274, 16.285396 ], [ 86.931971, 16.28491 ], [ 86.931205, 16.284426 ], [ 86.930438, 16.283941 ], [ 86.929671, 16.283456 ], [ 86.928904, 16.282972 ], [ 86.928137, 16.282487 ], [ 86.927369, 16.282002 ], [ 86.926601, 16.281516 ], [ 86.925834, 16.281032 ], [ 86.925068, 16.280547 ], [ 86.924301, 16.280063 ], [ 86.923533, 16.279578 ], [ 86.922766, 16.279093 ], [ 86.921999, 16.278608 ], [ 86.921231, 16.278122 ], [ 86.920464, 16.277638 ], [ 86.919698, 16.277153 ], [ 86.91893, 16.276669 ], [ 86.918163, 16.276184 ], [ 86.917396, 16.275699 ], [ 86.916629, 16.275214 ], [ 86.91586, 16.274728 ], [ 86.915094, 16.274244 ], [ 86.914327, 16.27376 ], [ 86.91356, 16.273275 ], [ 86.912793, 16.27279 ], [ 86.912026, 16.272305 ], [ 86.911258, 16.27182 ], [ 86.910425, 16.271447 ], [ 86.909691, 16.270833 ], [ 86.90895, 16.270224 ], [ 86.908253, 16.269639 ], [ 86.907692, 16.268738 ], [ 86.907067, 16.268077 ], [ 86.906441, 16.267416 ], [ 86.905816, 16.266755 ], [ 86.905192, 16.266096 ], [ 86.904567, 16.265435 ], [ 86.903943, 16.264774 ], [ 86.903317, 16.264113 ], [ 86.902692, 16.263452 ], [ 86.902067, 16.262792 ], [ 86.901443, 16.262132 ], [ 86.900821, 16.261474 ], [ 86.897932, 16.258439 ], [ 86.897306, 16.257785 ], [ 86.896679, 16.257131 ], [ 86.89605, 16.256474 ], [ 86.895421, 16.255817 ], [ 86.894791, 16.255159 ], [ 86.894162, 16.254503 ], [ 86.893534, 16.253847 ], [ 86.892905, 16.25319 ], [ 86.892276, 16.252534 ], [ 86.891648, 16.251877 ], [ 86.891019, 16.25122 ], [ 86.890391, 16.250565 ], [ 86.889369, 16.249508 ], [ 86.887348, 16.247408 ], [ 86.883568, 16.243352 ], [ 86.882942, 16.242695 ], [ 86.882314, 16.242036 ], [ 86.881687, 16.241377 ], [ 86.881061, 16.24072 ], [ 86.880434, 16.240061 ], [ 86.879806, 16.239402 ], [ 86.879179, 16.238743 ], [ 86.878553, 16.238086 ], [ 86.877926, 16.237427 ], [ 86.877298, 16.236768 ], [ 86.876671, 16.23611 ], [ 86.876044, 16.235452 ], [ 86.875417, 16.234794 ], [ 86.87479, 16.234135 ], [ 86.874163, 16.233476 ], [ 86.873535, 16.232818 ], [ 86.872909, 16.232159 ], [ 86.872281, 16.231501 ], [ 86.871655, 16.230843 ], [ 86.871028, 16.230185 ], [ 86.870401, 16.229526 ], [ 86.869774, 16.228868 ], [ 86.869146, 16.228209 ], [ 86.868518, 16.227549 ], [ 86.867892, 16.226892 ], [ 86.867266, 16.226234 ], [ 86.866644, 16.225581 ], [ 86.865621, 16.224509 ], [ 86.863572, 16.222367 ], [ 86.862547, 16.221297 ], [ 86.859469, 16.218093 ], [ 86.858623, 16.217198 ], [ 86.857893, 16.216428 ], [ 86.852044, 16.210264 ], [ 86.851313, 16.209495 ], [ 86.849848, 16.207956 ], [ 86.849116, 16.207188 ], [ 86.846182, 16.204114 ], [ 86.845448, 16.203347 ], [ 86.843978, 16.201813 ], [ 86.843243, 16.201046 ], [ 86.842625, 16.200403 ], [ 86.84194, 16.19969 ], [ 86.83799, 16.195509 ], [ 86.837001, 16.194464 ], [ 86.835021, 16.192376 ], [ 86.83403, 16.191333 ], [ 86.833408, 16.190679 ], [ 86.832781, 16.190021 ], [ 86.832154, 16.189363 ], [ 86.831526, 16.188703 ], [ 86.830899, 16.188045 ], [ 86.830272, 16.187386 ], [ 86.829645, 16.186728 ], [ 86.829019, 16.18607 ], [ 86.828392, 16.185412 ], [ 86.827765, 16.184754 ], [ 86.827137, 16.184094 ], [ 86.82651, 16.183436 ], [ 86.825884, 16.182778 ], [ 86.825256, 16.182119 ], [ 86.824629, 16.181461 ], [ 86.824003, 16.180803 ], [ 86.823376, 16.180145 ], [ 86.822748, 16.179486 ], [ 86.822121, 16.178827 ], [ 86.821495, 16.17817 ], [ 86.820868, 16.177511 ], [ 86.820241, 16.176853 ], [ 86.819613, 16.176193 ], [ 86.818986, 16.175535 ], [ 86.81836, 16.174877 ], [ 86.817732, 16.174218 ], [ 86.817105, 16.17356 ], [ 86.816479, 16.172902 ], [ 86.815852, 16.172244 ], [ 86.815225, 16.171585 ], [ 86.814598, 16.170927 ], [ 86.81397, 16.170268 ], [ 86.813343, 16.169608 ], [ 86.812716, 16.168951 ], [ 86.81209, 16.168293 ], [ 86.811463, 16.167635 ], [ 86.810836, 16.166977 ], [ 86.810209, 16.166318 ], [ 86.809582, 16.16566 ], [ 86.808955, 16.165 ], [ 86.808327, 16.164341 ], [ 86.807701, 16.163684 ], [ 86.807075, 16.163026 ], [ 86.806448, 16.162368 ], [ 86.805821, 16.161709 ], [ 86.805194, 16.161051 ], [ 86.804567, 16.160392 ], [ 86.803939, 16.159733 ], [ 86.803311, 16.159074 ], [ 86.802685, 16.158416 ], [ 86.802059, 16.157759 ], [ 86.801432, 16.1571 ], [ 86.800805, 16.156442 ], [ 86.800178, 16.155784 ], [ 86.79955, 16.155124 ], [ 86.798923, 16.154466 ], [ 86.798297, 16.153808 ], [ 86.797669, 16.153149 ], [ 86.797042, 16.152491 ], [ 86.796416, 16.151833 ], [ 86.795789, 16.151175 ], [ 86.795161, 16.150515 ], [ 86.794534, 16.149857 ], [ 86.793908, 16.1492 ], [ 86.793281, 16.148541 ], [ 86.792654, 16.147883 ], [ 86.792027, 16.147223 ], [ 86.7914, 16.146565 ], [ 86.790774, 16.145907 ], [ 86.790146, 16.145248 ], [ 86.789519, 16.14459 ], [ 86.788893, 16.143932 ], [ 86.788266, 16.143274 ], [ 86.787639, 16.142615 ], [ 86.787012, 16.141957 ], [ 86.786384, 16.141298 ], [ 86.785756, 16.140639 ], [ 86.78513, 16.139981 ], [ 86.784504, 16.139323 ], [ 86.783877, 16.138665 ], [ 86.78325, 16.138007 ], [ 86.782623, 16.137348 ], [ 86.781996, 16.13669 ], [ 86.781368, 16.13603 ], [ 86.780741, 16.135371 ], [ 86.780115, 16.134715 ], [ 86.779489, 16.134056 ], [ 86.778862, 16.133398 ], [ 86.778235, 16.132739 ], [ 86.777608, 16.132081 ], [ 86.776981, 16.131423 ], [ 86.776353, 16.130763 ], [ 86.775725, 16.130104 ], [ 86.775101, 16.129448 ], [ 86.771164, 16.125348 ], [ 86.769322, 16.123444 ], [ 86.768637, 16.122719 ], [ 86.76801, 16.122058 ], [ 86.767386, 16.121397 ], [ 86.766762, 16.120738 ], [ 86.766137, 16.120078 ], [ 86.765511, 16.119416 ], [ 86.764886, 16.118756 ], [ 86.764262, 16.118097 ], [ 86.763637, 16.117436 ], [ 86.763013, 16.116776 ], [ 86.762386, 16.116114 ], [ 86.761763, 16.115455 ], [ 86.761143, 16.1148 ], [ 86.759735, 16.113316 ], [ 86.756914, 16.110353 ], [ 86.755501, 16.108873 ], [ 86.754879, 16.108223 ], [ 86.754255, 16.107571 ], [ 86.753626, 16.106915 ], [ 86.752997, 16.106258 ], [ 86.752369, 16.105601 ], [ 86.751739, 16.104944 ], [ 86.75111, 16.104287 ], [ 86.750481, 16.103631 ], [ 86.749853, 16.102974 ], [ 86.749225, 16.102318 ], [ 86.748596, 16.101662 ], [ 86.748103, 16.101147 ], [ 86.747553, 16.100572 ], [ 86.747251, 16.100251 ], [ 86.742497, 16.095208 ], [ 86.741873, 16.094552 ], [ 86.741246, 16.093894 ], [ 86.740619, 16.093236 ], [ 86.739992, 16.092576 ], [ 86.739365, 16.091918 ], [ 86.738739, 16.091261 ], [ 86.738112, 16.090602 ], [ 86.737484, 16.089943 ], [ 86.736857, 16.089284 ], [ 86.736231, 16.088627 ], [ 86.735607, 16.087972 ], [ 86.733607, 16.08588 ], [ 86.729596, 16.081703 ], [ 86.729138, 16.081226 ], [ 86.728444, 16.080492 ], [ 86.727819, 16.079832 ], [ 86.727194, 16.079172 ], [ 86.726569, 16.078511 ], [ 86.725944, 16.077852 ], [ 86.725316, 16.077189 ], [ 86.724692, 16.076529 ], [ 86.724071, 16.075872 ], [ 86.72345, 16.075217 ], [ 86.722766, 16.074495 ], [ 86.721397, 16.073053 ], [ 86.720712, 16.072333 ], [ 86.717969, 16.069452 ], [ 86.717283, 16.068733 ], [ 86.71591, 16.067294 ], [ 86.715223, 16.066576 ], [ 86.714604, 16.065929 ], [ 86.713981, 16.065279 ], [ 86.713352, 16.064622 ], [ 86.712723, 16.063966 ], [ 86.712094, 16.063309 ], [ 86.711465, 16.062652 ], [ 86.710837, 16.061996 ], [ 86.710208, 16.061339 ], [ 86.709583, 16.060686 ], [ 86.708121, 16.059164 ], [ 86.705192, 16.056124 ], [ 86.703725, 16.054607 ], [ 86.701344, 16.05215 ], [ 86.700127, 16.050896 ], [ 86.697229, 16.047865 ], [ 86.695416, 16.045977 ], [ 86.691777, 16.042201 ], [ 86.689954, 16.040316 ], [ 86.682636, 16.032779 ], [ 86.680803, 16.030899 ], [ 86.677129, 16.027145 ], [ 86.67529, 16.025271 ], [ 86.666816, 16.016677 ], [ 86.665757, 16.015605 ], [ 86.663635, 16.013462 ], [ 86.662572, 16.012391 ], [ 86.658317, 16.008113 ], [ 86.657253, 16.007045 ], [ 86.655121, 16.00491 ], [ 86.654054, 16.003845 ], [ 86.645504, 15.995323 ], [ 86.644435, 15.994259 ], [ 86.642294, 15.992134 ], [ 86.641222, 15.991073 ], [ 86.636929, 15.98683 ], [ 86.635855, 15.985772 ], [ 86.633704, 15.983655 ], [ 86.632628, 15.982599 ], [ 86.624002, 15.974149 ], [ 86.622924, 15.973095 ], [ 86.620764, 15.970988 ], [ 86.619683, 15.969936 ], [ 86.615352, 15.96573 ], [ 86.614268, 15.96468 ], [ 86.612099, 15.962582 ], [ 86.611013, 15.961535 ], [ 86.602312, 15.953159 ], [ 86.601224, 15.952114 ], [ 86.599045, 15.950025 ], [ 86.597955, 15.948982 ], [ 86.593586, 15.944813 ], [ 86.592494, 15.943772 ], [ 86.590305, 15.941693 ], [ 86.589211, 15.940655 ], [ 86.580435, 15.932352 ], [ 86.579338, 15.931317 ], [ 86.577141, 15.929246 ], [ 86.576041, 15.928213 ], [ 86.571635, 15.924081 ], [ 86.570533, 15.923049 ], [ 86.568327, 15.920989 ], [ 86.567223, 15.91996 ], [ 86.558373, 15.911732 ], [ 86.557267, 15.910705 ], [ 86.555051, 15.908654 ], [ 86.553942, 15.90763 ], [ 86.5495, 15.903535 ], [ 86.548389, 15.902513 ], [ 86.546164, 15.900471 ], [ 86.54505, 15.899452 ], [ 86.536128, 15.891299 ], [ 86.535013, 15.890282 ], [ 86.532779, 15.888249 ], [ 86.531661, 15.887234 ], [ 86.527182, 15.883177 ], [ 86.526062, 15.882165 ], [ 86.523818, 15.880142 ], [ 86.522696, 15.879132 ], [ 86.513701, 15.871055 ], [ 86.512577, 15.870047 ], [ 86.510325, 15.868034 ], [ 86.509198, 15.867028 ], [ 86.504683, 15.863009 ], [ 86.503554, 15.862006 ], [ 86.501293, 15.860002 ], [ 86.500161, 15.859002 ], [ 86.491095, 15.851001 ], [ 86.489962, 15.850003 ], [ 86.487691, 15.848009 ], [ 86.486556, 15.847013 ], [ 86.482005, 15.843032 ], [ 86.480867, 15.842039 ], [ 86.478588, 15.840054 ], [ 86.477448, 15.839063 ], [ 86.46831, 15.83114 ], [ 86.467168, 15.830151 ], [ 86.46488, 15.828176 ], [ 86.463736, 15.82719 ], [ 86.45915, 15.823248 ], [ 86.458003, 15.822264 ], [ 86.455706, 15.820299 ], [ 86.454557, 15.819318 ], [ 86.44535, 15.811472 ], [ 86.444199, 15.810493 ], [ 86.441893, 15.808537 ], [ 86.44074, 15.807561 ], [ 86.436119, 15.803658 ], [ 86.434963, 15.802684 ], [ 86.432649, 15.800738 ], [ 86.431492, 15.799767 ], [ 86.422214, 15.791999 ], [ 86.420636, 15.790682 ], [ 86.417475, 15.78805 ], [ 86.415893, 15.786737 ], [ 86.409553, 15.781492 ], [ 86.407966, 15.780184 ], [ 86.404789, 15.777571 ], [ 86.4032, 15.776268 ], [ 86.390455, 15.76585 ], [ 86.389174, 15.764805 ], [ 86.386525, 15.762811 ], [ 86.38524, 15.761734 ], [ 86.380046, 15.757483 ], [ 86.37946, 15.757004 ], [ 86.378105, 15.755897 ], [ 86.376208, 15.754349 ], [ 86.373727, 15.752328 ], [ 86.37254, 15.751377 ], [ 86.370063, 15.749395 ], [ 86.369441, 15.748902 ], [ 86.368196, 15.74792 ], [ 86.367573, 15.747429 ], [ 86.364966, 15.745376 ], [ 86.364049, 15.744654 ], [ 86.362521, 15.743452 ], [ 86.361618, 15.742741 ], [ 86.358667, 15.740424 ], [ 86.357897, 15.739799 ], [ 86.35718, 15.739238 ], [ 86.356465, 15.738678 ], [ 86.355702, 15.738082 ], [ 86.354408, 15.737061 ], [ 86.353266, 15.736235 ], [ 86.352582, 15.735687 ], [ 86.351338, 15.734497 ], [ 86.350671, 15.733966 ], [ 86.348067, 15.731896 ], [ 86.347416, 15.731379 ], [ 86.346114, 15.730345 ], [ 86.345462, 15.729829 ], [ 86.340923, 15.726238 ], [ 86.340356, 15.725789 ], [ 86.339221, 15.724893 ], [ 86.338653, 15.724445 ], [ 86.33638, 15.722654 ], [ 86.335811, 15.722207 ], [ 86.334674, 15.721312 ], [ 86.33406, 15.72083 ], [ 86.333137, 15.720106 ], [ 86.331685, 15.718969 ], [ 86.329473, 15.717238 ], [ 86.328016, 15.7161 ], [ 86.326935, 15.715256 ], [ 86.326199, 15.714681 ], [ 86.325482, 15.714123 ], [ 86.324765, 15.713563 ], [ 86.324048, 15.713003 ], [ 86.323331, 15.712444 ], [ 86.322614, 15.711885 ], [ 86.321806, 15.711254 ], [ 86.318058, 15.708292 ], [ 86.31742, 15.707788 ], [ 86.31619, 15.706818 ], [ 86.315575, 15.706333 ], [ 86.313112, 15.704394 ], [ 86.312497, 15.70391 ], [ 86.311264, 15.702942 ], [ 86.310648, 15.702459 ], [ 86.309937, 15.701902 ], [ 86.309221, 15.701341 ], [ 86.308505, 15.70078 ], [ 86.30779, 15.70022 ], [ 86.307075, 15.699659 ], [ 86.306359, 15.699099 ], [ 86.305643, 15.698537 ], [ 86.304927, 15.697976 ], [ 86.304211, 15.697416 ], [ 86.303497, 15.696856 ], [ 86.30278, 15.696294 ], [ 86.302063, 15.695733 ], [ 86.301349, 15.695173 ], [ 86.300634, 15.694612 ], [ 86.299918, 15.694052 ], [ 86.299201, 15.69349 ], [ 86.298485, 15.692929 ], [ 86.297771, 15.692369 ], [ 86.297055, 15.691809 ], [ 86.296338, 15.691246 ], [ 86.295623, 15.690686 ], [ 86.294908, 15.690126 ], [ 86.294192, 15.689565 ], [ 86.293477, 15.689005 ], [ 86.292759, 15.688442 ], [ 86.292044, 15.687882 ], [ 86.291329, 15.687322 ], [ 86.290613, 15.686761 ], [ 86.289897, 15.6862 ], [ 86.289181, 15.685639 ], [ 86.288467, 15.685079 ], [ 86.287751, 15.684518 ], [ 86.287034, 15.683957 ], [ 86.286319, 15.683396 ], [ 86.285603, 15.682835 ], [ 86.284887, 15.682275 ], [ 86.284172, 15.681715 ], [ 86.283456, 15.681153 ], [ 86.282739, 15.680592 ], [ 86.282025, 15.680032 ], [ 86.28131, 15.679471 ], [ 86.280594, 15.678911 ], [ 86.279877, 15.678349 ], [ 86.279161, 15.677788 ], [ 86.278447, 15.677228 ], [ 86.277731, 15.676668 ], [ 86.277014, 15.676105 ], [ 86.276299, 15.675545 ], [ 86.275584, 15.674985 ], [ 86.27487, 15.674425 ], [ 86.269833, 15.670558 ], [ 86.269237, 15.670083 ], [ 86.268527, 15.669518 ], [ 86.266951, 15.668271 ], [ 86.266173, 15.667655 ], [ 86.263924, 15.665875 ], [ 86.26321, 15.665313 ], [ 86.262497, 15.664752 ], [ 86.261781, 15.664188 ], [ 86.261066, 15.663625 ], [ 86.260354, 15.663064 ], [ 86.259639, 15.662502 ], [ 86.258923, 15.661938 ], [ 86.25821, 15.661376 ], [ 86.257497, 15.660816 ], [ 86.254459, 15.658437 ], [ 86.253745, 15.657882 ], [ 86.25303, 15.657326 ], [ 86.252312, 15.656766 ], [ 86.251595, 15.656208 ], [ 86.250878, 15.65565 ], [ 86.25016, 15.655092 ], [ 86.249443, 15.654534 ], [ 86.248724, 15.653975 ], [ 86.248007, 15.653416 ], [ 86.24729, 15.652858 ], [ 86.246572, 15.6523 ], [ 86.245854, 15.651741 ], [ 86.245137, 15.651183 ], [ 86.244338, 15.650561 ], [ 86.243506, 15.649914 ], [ 86.242169, 15.64888 ], [ 86.23622, 15.644142 ], [ 86.235506, 15.643582 ], [ 86.234788, 15.64302 ], [ 86.234073, 15.64246 ], [ 86.233359, 15.6419 ], [ 86.232643, 15.641339 ], [ 86.231933, 15.640783 ], [ 86.230596, 15.639737 ], [ 86.227918, 15.63765 ], [ 86.226696, 15.636699 ], [ 86.224118, 15.634699 ], [ 86.223107, 15.6339 ], [ 86.221689, 15.632781 ], [ 86.220148, 15.631567 ], [ 86.218441, 15.630224 ], [ 86.216997, 15.629088 ], [ 86.215844, 15.628182 ], [ 86.215095, 15.627594 ], [ 86.214378, 15.627031 ], [ 86.213513, 15.626351 ], [ 86.212576, 15.625616 ], [ 86.211015, 15.624393 ], [ 86.210077, 15.623659 ], [ 86.207264, 15.62146 ], [ 86.206326, 15.620728 ], [ 86.204762, 15.619508 ], [ 86.203823, 15.618776 ], [ 86.202965, 15.618109 ], [ 86.202259, 15.617559 ], [ 86.201541, 15.617 ], [ 86.200774, 15.616404 ], [ 86.199317, 15.615253 ], [ 86.19889, 15.614916 ], [ 86.197567, 15.613872 ], [ 86.196906, 15.613351 ], [ 86.194377, 15.611359 ], [ 86.193744, 15.610862 ], [ 86.192479, 15.609868 ], [ 86.191846, 15.609371 ], [ 86.191135, 15.608814 ], [ 86.190418, 15.608253 ], [ 86.189702, 15.607692 ], [ 86.188987, 15.607131 ], [ 86.188272, 15.606571 ], [ 86.187557, 15.606011 ], [ 86.18684, 15.605449 ], [ 86.186124, 15.604888 ], [ 86.185409, 15.604327 ], [ 86.184693, 15.603767 ], [ 86.183978, 15.603207 ], [ 86.183262, 15.602645 ], [ 86.182546, 15.602084 ], [ 86.181831, 15.601524 ], [ 86.181115, 15.600963 ], [ 86.1804, 15.600403 ], [ 86.179683, 15.599841 ], [ 86.178967, 15.59928 ], [ 86.178253, 15.598721 ], [ 86.177538, 15.59816 ], [ 86.176821, 15.597598 ], [ 86.176105, 15.597038 ], [ 86.17539, 15.596477 ], [ 86.174675, 15.595917 ], [ 86.173959, 15.595356 ], [ 86.173242, 15.594794 ], [ 86.172527, 15.594234 ], [ 86.171812, 15.593674 ], [ 86.171096, 15.593112 ], [ 86.17038, 15.592552 ], [ 86.169664, 15.591991 ], [ 86.16895, 15.591431 ], [ 86.168234, 15.59087 ], [ 86.167518, 15.590309 ], [ 86.166802, 15.589748 ], [ 86.166086, 15.589187 ], [ 86.165371, 15.588626 ], [ 86.164656, 15.588066 ], [ 86.163939, 15.587505 ], [ 86.163224, 15.586944 ], [ 86.162509, 15.586384 ], [ 86.161793, 15.585823 ], [ 86.161078, 15.585262 ], [ 86.160361, 15.584701 ], [ 86.159645, 15.584139 ], [ 86.158931, 15.58358 ], [ 86.158215, 15.583019 ], [ 86.157499, 15.582458 ], [ 86.156783, 15.581897 ], [ 86.156068, 15.581337 ], [ 86.155353, 15.580776 ], [ 86.154637, 15.580216 ], [ 86.15392, 15.579653 ], [ 86.153205, 15.579093 ], [ 86.15249, 15.578533 ], [ 86.151775, 15.577973 ], [ 86.151059, 15.577412 ], [ 86.150342, 15.57685 ], [ 86.149627, 15.57629 ], [ 86.148912, 15.57573 ], [ 86.148196, 15.575168 ], [ 86.14748, 15.574607 ], [ 86.146764, 15.574047 ], [ 86.14605, 15.573487 ], [ 86.145334, 15.572926 ], [ 86.144618, 15.572364 ], [ 86.143902, 15.571803 ], [ 86.143186, 15.571243 ], [ 86.142471, 15.570682 ], [ 86.141756, 15.570122 ], [ 86.141039, 15.56956 ], [ 86.140323, 15.568999 ], [ 86.139609, 15.56844 ], [ 86.138894, 15.567879 ], [ 86.138178, 15.567318 ], [ 86.137461, 15.566757 ], [ 86.136745, 15.566195 ], [ 86.136031, 15.565636 ], [ 86.135315, 15.565075 ], [ 86.134598, 15.564513 ], [ 86.133883, 15.563953 ], [ 86.133169, 15.563393 ], [ 86.132453, 15.562832 ], [ 86.131737, 15.562271 ], [ 86.13102, 15.561709 ], [ 86.130305, 15.561149 ], [ 86.129591, 15.560589 ], [ 86.128874, 15.560028 ], [ 86.128158, 15.559467 ], [ 86.127443, 15.558906 ], [ 86.126728, 15.558346 ], [ 86.126012, 15.557785 ], [ 86.125296, 15.557224 ], [ 86.12458, 15.556663 ], [ 86.123865, 15.556102 ], [ 86.123149, 15.555542 ], [ 86.122434, 15.554982 ], [ 86.121718, 15.55442 ], [ 86.121002, 15.553859 ], [ 86.120288, 15.553299 ], [ 86.119571, 15.552738 ], [ 86.118856, 15.552178 ], [ 86.118143, 15.551619 ], [ 86.116615, 15.550513 ], [ 86.116228, 15.550205 ], [ 86.115467, 15.549599 ], [ 86.114713, 15.548999 ], [ 86.113244, 15.547834 ], [ 86.110305, 15.545509 ], [ 86.108834, 15.544348 ], [ 86.108105, 15.543774 ], [ 86.107377, 15.543202 ], [ 86.106662, 15.54264 ], [ 86.105948, 15.542077 ], [ 86.105235, 15.541516 ], [ 86.104518, 15.540953 ], [ 86.103804, 15.540391 ], [ 86.103092, 15.53983 ], [ 86.102379, 15.53927 ], [ 86.100938, 15.538139 ], [ 86.098051, 15.53588 ], [ 86.096606, 15.534752 ], [ 86.095896, 15.5342 ], [ 86.095184, 15.533646 ], [ 86.094467, 15.533088 ], [ 86.09375, 15.532529 ], [ 86.093032, 15.531971 ], [ 86.092315, 15.531413 ], [ 86.091597, 15.530854 ], [ 86.09088, 15.530296 ], [ 86.090163, 15.529738 ], [ 86.089445, 15.529179 ], [ 86.088727, 15.528621 ], [ 86.08801, 15.528062 ], [ 86.087293, 15.527504 ], [ 86.086579, 15.526949 ], [ 86.084072, 15.525006 ], [ 86.083327, 15.524415 ], [ 86.082741, 15.52395 ], [ 86.081569, 15.523021 ], [ 86.080983, 15.522557 ], [ 86.078463, 15.520563 ], [ 86.077503, 15.519805 ], [ 86.076489, 15.519005 ], [ 86.075831, 15.518486 ], [ 86.074469, 15.517413 ], [ 86.073634, 15.516756 ], [ 86.072781, 15.516085 ], [ 86.072065, 15.515522 ], [ 86.071353, 15.514963 ], [ 86.070638, 15.5144 ], [ 86.069923, 15.513838 ], [ 86.069214, 15.513281 ], [ 86.068537, 15.512749 ], [ 86.067182, 15.511687 ], [ 86.066504, 15.511156 ], [ 86.063792, 15.509034 ], [ 86.063113, 15.508505 ], [ 86.061756, 15.507445 ], [ 86.061077, 15.506916 ], [ 86.060372, 15.506368 ], [ 86.059664, 15.505817 ], [ 86.058946, 15.505258 ], [ 86.05823, 15.5047 ], [ 86.057512, 15.504142 ], [ 86.056794, 15.503583 ], [ 86.056078, 15.503026 ], [ 86.055359, 15.502467 ], [ 86.054804, 15.502035 ], [ 86.05345, 15.50096 ], [ 86.051738, 15.499605 ], [ 86.048299, 15.496893 ], [ 86.046577, 15.495539 ], [ 86.045866, 15.494982 ], [ 86.045151, 15.494421 ], [ 86.044435, 15.49386 ], [ 86.043719, 15.493299 ], [ 86.043003, 15.492738 ], [ 86.042288, 15.492178 ], [ 86.041573, 15.491618 ], [ 86.040856, 15.491056 ], [ 86.040141, 15.490495 ], [ 86.039426, 15.489935 ], [ 86.03871, 15.489374 ], [ 86.037995, 15.488814 ], [ 86.037279, 15.488252 ], [ 86.036562, 15.487691 ], [ 86.035849, 15.487132 ], [ 86.035133, 15.486571 ], [ 86.034314, 15.48612 ], [ 86.033604, 15.485557 ], [ 86.032908, 15.484975 ], [ 86.032191, 15.484422 ], [ 86.031486, 15.483848 ], [ 86.030781, 15.483272 ], [ 86.030079, 15.482696 ], [ 86.029359, 15.482144 ], [ 86.028648, 15.481576 ], [ 86.027937, 15.481009 ], [ 86.027227, 15.480442 ], [ 86.026518, 15.479876 ], [ 86.025807, 15.479309 ], [ 86.02519, 15.478825 ], [ 86.024381, 15.47818 ], [ 86.023667, 15.477617 ], [ 86.022953, 15.477055 ], [ 86.02224, 15.476493 ], [ 86.021525, 15.475929 ], [ 86.020811, 15.475367 ], [ 86.020098, 15.474805 ], [ 86.019383, 15.474241 ], [ 86.01867, 15.473679 ], [ 86.017955, 15.473116 ], [ 86.01724, 15.472553 ], [ 86.016529, 15.471992 ], [ 86.015811, 15.471433 ], [ 86.015092, 15.470874 ], [ 86.014375, 15.470315 ], [ 86.013658, 15.469757 ], [ 86.012941, 15.4692 ], [ 86.012224, 15.468641 ], [ 86.011505, 15.468081 ], [ 86.010788, 15.467524 ], [ 86.010072, 15.466966 ], [ 86.009355, 15.466408 ], [ 86.008636, 15.465848 ], [ 86.007918, 15.465289 ], [ 86.007203, 15.464732 ], [ 86.006485, 15.464174 ], [ 86.005806, 15.463645 ], [ 86.005046, 15.463063 ], [ 86.004325, 15.462509 ], [ 86.003606, 15.461956 ], [ 86.002885, 15.461403 ], [ 86.002174, 15.460834 ], [ 86.001447, 15.460292 ], [ 86.000721, 15.459748 ], [ 85.999994, 15.459201 ], [ 85.999285, 15.458637 ], [ 85.998551, 15.458101 ], [ 85.997835, 15.457546 ], [ 85.997209, 15.456852 ], [ 85.996493, 15.456291 ], [ 85.995777, 15.45573 ], [ 85.995061, 15.455169 ], [ 85.994346, 15.454608 ], [ 85.993631, 15.454048 ], [ 85.992916, 15.453488 ], [ 85.992198, 15.452925 ], [ 85.991484, 15.452365 ], [ 85.990769, 15.451805 ], [ 85.990053, 15.451245 ], [ 85.989337, 15.450683 ], [ 85.988621, 15.450122 ], [ 85.987907, 15.449562 ], [ 85.987191, 15.449002 ], [ 85.986475, 15.44844 ], [ 85.985759, 15.447879 ], [ 85.985044, 15.447319 ], [ 85.984329, 15.446759 ], [ 85.983614, 15.446198 ], [ 85.982896, 15.445636 ], [ 85.982182, 15.445076 ], [ 85.981467, 15.444516 ], [ 85.980751, 15.443955 ], [ 85.980036, 15.443394 ], [ 85.979319, 15.442833 ], [ 85.978604, 15.442272 ], [ 85.977889, 15.441712 ], [ 85.977173, 15.441151 ], [ 85.976457, 15.44059 ], [ 85.975742, 15.440029 ], [ 85.975026, 15.439469 ], [ 85.974312, 15.438909 ], [ 85.973596, 15.438348 ], [ 85.972879, 15.437786 ], [ 85.972164, 15.437226 ], [ 85.97145, 15.436666 ], [ 85.970734, 15.436105 ], [ 85.970018, 15.435543 ], [ 85.969301, 15.434982 ], [ 85.968588, 15.434423 ], [ 85.967872, 15.433862 ], [ 85.967156, 15.433301 ], [ 85.96644, 15.43274 ], [ 85.965724, 15.432179 ], [ 85.96501, 15.431619 ], [ 85.964294, 15.431058 ], [ 85.963577, 15.430496 ], [ 85.962862, 15.429936 ], [ 85.962148, 15.429376 ], [ 85.961432, 15.428815 ], [ 85.960717, 15.428255 ], [ 85.96, 15.427693 ], [ 85.959285, 15.427133 ], [ 85.95857, 15.426573 ], [ 85.957854, 15.426011 ], [ 85.957138, 15.42545 ], [ 85.956423, 15.42489 ], [ 85.955707, 15.424329 ], [ 85.954993, 15.423769 ], [ 85.954277, 15.423208 ], [ 85.953561, 15.422647 ], [ 85.952845, 15.422086 ], [ 85.95213, 15.421525 ], [ 85.951415, 15.420965 ], [ 85.9507, 15.420405 ], [ 85.949982, 15.419842 ], [ 85.949268, 15.419282 ], [ 85.948553, 15.418723 ], [ 85.947838, 15.418162 ], [ 85.947121, 15.4176 ], [ 85.946409, 15.417042 ], [ 85.945049, 15.415979 ], [ 85.942325, 15.413856 ], [ 85.937867, 15.410414 ], [ 85.936769, 15.409544 ], [ 85.935509, 15.408545 ], [ 85.9351, 15.408221 ], [ 85.933702, 15.407111 ], [ 85.932989, 15.406548 ], [ 85.932274, 15.405983 ], [ 85.931567, 15.405424 ], [ 85.927737, 15.402421 ], [ 85.92691, 15.401777 ], [ 85.925711, 15.400844 ], [ 85.923554, 15.399167 ], [ 85.922353, 15.398235 ], [ 85.918276, 15.395072 ], [ 85.917114, 15.394171 ], [ 85.913008, 15.390894 ], [ 85.911666, 15.389834 ], [ 85.910995, 15.389305 ], [ 85.908307, 15.387188 ], [ 85.907635, 15.386659 ], [ 85.90629, 15.385602 ], [ 85.905617, 15.385075 ], [ 85.904907, 15.384518 ], [ 85.904191, 15.383957 ], [ 85.903477, 15.383397 ], [ 85.902761, 15.382836 ], [ 85.902044, 15.382274 ], [ 85.901329, 15.381714 ], [ 85.900615, 15.381154 ], [ 85.899898, 15.380593 ], [ 85.899184, 15.380033 ], [ 85.898467, 15.379471 ], [ 85.897752, 15.378911 ], [ 85.897037, 15.378351 ], [ 85.896321, 15.377789 ], [ 85.895605, 15.377228 ], [ 85.89489, 15.376668 ], [ 85.894175, 15.376107 ], [ 85.89346, 15.375547 ], [ 85.892744, 15.374986 ], [ 85.892028, 15.374425 ], [ 85.891312, 15.373864 ], [ 85.890597, 15.373304 ], [ 85.889882, 15.372744 ], [ 85.889166, 15.372182 ], [ 85.88845, 15.371621 ], [ 85.887736, 15.371061 ], [ 85.887021, 15.370501 ], [ 85.886304, 15.369939 ], [ 85.885589, 15.369379 ], [ 85.884873, 15.368818 ], [ 85.884159, 15.368258 ], [ 85.883443, 15.367697 ], [ 85.882726, 15.367135 ], [ 85.882011, 15.366575 ], [ 85.881297, 15.366015 ], [ 85.88058, 15.365454 ], [ 85.879866, 15.364894 ], [ 85.879149, 15.364332 ], [ 85.878434, 15.363771 ], [ 85.877719, 15.363211 ], [ 85.877003, 15.36265 ], [ 85.876287, 15.362089 ], [ 85.875572, 15.361529 ], [ 85.874857, 15.360968 ], [ 85.874142, 15.360408 ], [ 85.873427, 15.359847 ], [ 85.87271, 15.359286 ], [ 85.871995, 15.358725 ], [ 85.871279, 15.358164 ], [ 85.870565, 15.357604 ], [ 85.869848, 15.357043 ], [ 85.869132, 15.356481 ], [ 85.868418, 15.355922 ], [ 85.867703, 15.355362 ], [ 85.866987, 15.354801 ], [ 85.866271, 15.354239 ], [ 85.865555, 15.353678 ], [ 85.864841, 15.353119 ], [ 85.864125, 15.352558 ], [ 85.863408, 15.351996 ], [ 85.862693, 15.351436 ], [ 85.861979, 15.350876 ], [ 85.861264, 15.350315 ], [ 85.860548, 15.349754 ], [ 85.859831, 15.349192 ], [ 85.859116, 15.348632 ], [ 85.858402, 15.348072 ], [ 85.857685, 15.347511 ], [ 85.85697, 15.34695 ], [ 85.856254, 15.346389 ], [ 85.855539, 15.345829 ], [ 85.854824, 15.345269 ], [ 85.854109, 15.344708 ], [ 85.853392, 15.344147 ], [ 85.852677, 15.343586 ], [ 85.851962, 15.343025 ], [ 85.851247, 15.342465 ], [ 85.850532, 15.341905 ], [ 85.849814, 15.341342 ], [ 85.8491, 15.340782 ], [ 85.848385, 15.340222 ], [ 85.84767, 15.339662 ], [ 85.846953, 15.3391 ], [ 85.846237, 15.338539 ], [ 85.845524, 15.33798 ], [ 85.844808, 15.337419 ], [ 85.844092, 15.336858 ], [ 85.843376, 15.336297 ], [ 85.842661, 15.335736 ], [ 85.841946, 15.335176 ], [ 85.841231, 15.334615 ], [ 85.840513, 15.334053 ], [ 85.839799, 15.333493 ], [ 85.839084, 15.332933 ], [ 85.838368, 15.332372 ], [ 85.837654, 15.331812 ], [ 85.836937, 15.33125 ], [ 85.836222, 15.33069 ], [ 85.835507, 15.33013 ], [ 85.834791, 15.329568 ], [ 85.834075, 15.329007 ], [ 85.83336, 15.328447 ], [ 85.832645, 15.327886 ], [ 85.83193, 15.327326 ], [ 85.831214, 15.326765 ], [ 85.830497, 15.326203 ], [ 85.829783, 15.325643 ], [ 85.829068, 15.325083 ], [ 85.828353, 15.324523 ], [ 85.827636, 15.323961 ], [ 85.82692, 15.3234 ], [ 85.826206, 15.322841 ], [ 85.825491, 15.32228 ], [ 85.824775, 15.321718 ], [ 85.824059, 15.321158 ], [ 85.823344, 15.320597 ], [ 85.822629, 15.320037 ], [ 85.821914, 15.319476 ], [ 85.821196, 15.318914 ], [ 85.820482, 15.318354 ], [ 85.819767, 15.317794 ], [ 85.819051, 15.317233 ], [ 85.818337, 15.316673 ], [ 85.81762, 15.316111 ], [ 85.816905, 15.315551 ], [ 85.81619, 15.314991 ], [ 85.815476, 15.314431 ], [ 85.810266, 15.310388 ], [ 85.807495, 15.308258 ], [ 85.805565, 15.306738 ], [ 85.804019, 15.305515 ], [ 85.801871, 15.303822 ], [ 85.801158, 15.303262 ], [ 85.800442, 15.3027 ], [ 85.79973, 15.302142 ], [ 85.795674, 15.299034 ], [ 85.794554, 15.298155 ], [ 85.792998, 15.296935 ], [ 85.792328, 15.296411 ], [ 85.789923, 15.294529 ], [ 85.789478, 15.294171 ], [ 85.779781, 15.286484 ], [ 85.774915, 15.282661 ], [ 85.774204, 15.282107 ], [ 85.773487, 15.28155 ], [ 85.77277, 15.280991 ], [ 85.772052, 15.280433 ], [ 85.771335, 15.279875 ], [ 85.770618, 15.279316 ], [ 85.7699, 15.278758 ], [ 85.769183, 15.2782 ], [ 85.768466, 15.277642 ], [ 85.76787, 15.277177 ], [ 85.765051, 15.274935 ], [ 85.761099, 15.271814 ], [ 85.760387, 15.271256 ], [ 85.75967, 15.270694 ], [ 85.758955, 15.270134 ], [ 85.758241, 15.269574 ], [ 85.757525, 15.269013 ], [ 85.756809, 15.268452 ], [ 85.756094, 15.267891 ], [ 85.755379, 15.267331 ], [ 85.754664, 15.266771 ], [ 85.753948, 15.266209 ], [ 85.753232, 15.265649 ], [ 85.752517, 15.265088 ], [ 85.751802, 15.264527 ], [ 85.751087, 15.263967 ], [ 85.750372, 15.263407 ], [ 85.749655, 15.262845 ], [ 85.74894, 15.262284 ], [ 85.748225, 15.261724 ], [ 85.74751, 15.261164 ], [ 85.746794, 15.260602 ], [ 85.746077, 15.260041 ], [ 85.745364, 15.259482 ], [ 85.744648, 15.258921 ], [ 85.743932, 15.25836 ], [ 85.743217, 15.257799 ], [ 85.742501, 15.257238 ], [ 85.741787, 15.256678 ], [ 85.741071, 15.256118 ], [ 85.740354, 15.255555 ], [ 85.73964, 15.254995 ], [ 85.738925, 15.254436 ], [ 85.738209, 15.253874 ], [ 85.737494, 15.253314 ], [ 85.736778, 15.252753 ], [ 85.736063, 15.252192 ], [ 85.735348, 15.251632 ], [ 85.734632, 15.251071 ], [ 85.733916, 15.25051 ], [ 85.733201, 15.249949 ], [ 85.732486, 15.249389 ], [ 85.731771, 15.248829 ], [ 85.731056, 15.248268 ], [ 85.730339, 15.247706 ], [ 85.729624, 15.247146 ], [ 85.728909, 15.246585 ], [ 85.728194, 15.246025 ], [ 85.727478, 15.245464 ], [ 85.726762, 15.244902 ], [ 85.726048, 15.244343 ], [ 85.725333, 15.243783 ], [ 85.724617, 15.243222 ], [ 85.723901, 15.24266 ], [ 85.723185, 15.242099 ], [ 85.722471, 15.24154 ], [ 85.721756, 15.240979 ], [ 85.721039, 15.240417 ], [ 85.720324, 15.239857 ], [ 85.71961, 15.239297 ], [ 85.718893, 15.238736 ], [ 85.718179, 15.238176 ], [ 85.717462, 15.237614 ], [ 85.716747, 15.237053 ], [ 85.716033, 15.236494 ], [ 85.715317, 15.235932 ], [ 85.714601, 15.235371 ], [ 85.713886, 15.234811 ], [ 85.71317, 15.23425 ], [ 85.712456, 15.23369 ], [ 85.71174, 15.233129 ], [ 85.711024, 15.232568 ], [ 85.710309, 15.232007 ], [ 85.709594, 15.231447 ], [ 85.708879, 15.230887 ], [ 85.708163, 15.230325 ], [ 85.707446, 15.229764 ], [ 85.706733, 15.229205 ], [ 85.706017, 15.228644 ], [ 85.705302, 15.228083 ], [ 85.704586, 15.227522 ], [ 85.703869, 15.22696 ], [ 85.703156, 15.226401 ], [ 85.702441, 15.225841 ], [ 85.701723, 15.225278 ], [ 85.701009, 15.224718 ], [ 85.700294, 15.224159 ], [ 85.699579, 15.223598 ], [ 85.698864, 15.223037 ], [ 85.698146, 15.222475 ], [ 85.697432, 15.221915 ], [ 85.696616, 15.221465 ], [ 85.695905, 15.220903 ], [ 85.695209, 15.22032 ], [ 85.69449, 15.219766 ], [ 85.693787, 15.219193 ], [ 85.693084, 15.218618 ], [ 85.692381, 15.218042 ], [ 85.69166, 15.217488 ], [ 85.69095, 15.216921 ], [ 85.69024, 15.216354 ], [ 85.689531, 15.215787 ], [ 85.68882, 15.215219 ], [ 85.688057, 15.214609 ], [ 85.687398, 15.21409 ], [ 85.686684, 15.213527 ], [ 85.685971, 15.212965 ], [ 85.685256, 15.212401 ], [ 85.684541, 15.211838 ], [ 85.683829, 15.211277 ], [ 85.683116, 15.210714 ], [ 85.6824, 15.21015 ], [ 85.681687, 15.209588 ], [ 85.680974, 15.209026 ], [ 85.680261, 15.208463 ], [ 85.679547, 15.2079 ], [ 85.678832, 15.207337 ], [ 85.678115, 15.206779 ], [ 85.677399, 15.206221 ], [ 85.676681, 15.205662 ], [ 85.675963, 15.205104 ], [ 85.675246, 15.204545 ], [ 85.67453, 15.203988 ], [ 85.673813, 15.203429 ], [ 85.673095, 15.20287 ], [ 85.672378, 15.202312 ], [ 85.67166, 15.201754 ], [ 85.670943, 15.201195 ], [ 85.670227, 15.200638 ], [ 85.669509, 15.200078 ], [ 85.668792, 15.19952 ], [ 85.668129, 15.199003 ], [ 85.667354, 15.19841 ], [ 85.666634, 15.197857 ], [ 85.665913, 15.197303 ], [ 85.665191, 15.196749 ], [ 85.664485, 15.196183 ], [ 85.663757, 15.19564 ], [ 85.663028, 15.195094 ], [ 85.662303, 15.194549 ], [ 85.661595, 15.193985 ], [ 85.660862, 15.193449 ], [ 85.660136, 15.192925 ], [ 85.65562, 15.189199 ], [ 85.655237, 15.188896 ], [ 85.654611, 15.1884 ], [ 85.65333, 15.187577 ], [ 85.652679, 15.186961 ], [ 85.652005, 15.186323 ], [ 85.651367, 15.185684 ], [ 85.650726, 15.185116 ], [ 85.650194, 15.184275 ], [ 85.64959, 15.183596 ], [ 85.648984, 15.182915 ], [ 85.648379, 15.182234 ], [ 85.647775, 15.181555 ], [ 85.64717, 15.180874 ], [ 85.646564, 15.180193 ], [ 85.645959, 15.179513 ], [ 85.645356, 15.178834 ], [ 85.64475, 15.178153 ], [ 85.644144, 15.177472 ], [ 85.64354, 15.176792 ], [ 85.642935, 15.176112 ], [ 85.642329, 15.175431 ], [ 85.641724, 15.17475 ], [ 85.64112, 15.174071 ], [ 85.640514, 15.17339 ], [ 85.63991, 15.172709 ], [ 85.639305, 15.17203 ], [ 85.6387, 15.171349 ], [ 85.638095, 15.170668 ], [ 85.63749, 15.169988 ], [ 85.636886, 15.169308 ], [ 85.636281, 15.168628 ], [ 85.635675, 15.167947 ], [ 85.635071, 15.167267 ], [ 85.634467, 15.166588 ], [ 85.63386, 15.165906 ], [ 85.633255, 15.165225 ], [ 85.632651, 15.164546 ], [ 85.632046, 15.163865 ], [ 85.63144, 15.163184 ], [ 85.630835, 15.162504 ], [ 85.630231, 15.161824 ], [ 85.629625, 15.161143 ], [ 85.62902, 15.160463 ], [ 85.628416, 15.159783 ], [ 85.627811, 15.159103 ], [ 85.627206, 15.158422 ], [ 85.626601, 15.157741 ], [ 85.626, 15.157065 ], [ 85.62374, 15.154536 ], [ 85.61918, 15.149459 ], [ 85.618797, 15.149025 ], [ 85.618185, 15.148329 ], [ 85.617382, 15.147418 ], [ 85.616609, 15.14654 ], [ 85.616156, 15.146026 ], [ 85.615261, 15.145012 ], [ 85.614813, 15.144505 ], [ 85.613036, 15.142496 ], [ 85.612592, 15.141994 ], [ 85.611702, 15.14099 ], [ 85.611257, 15.140488 ], [ 85.610611, 15.13976 ], [ 85.60998, 15.13905 ], [ 85.609379, 15.138372 ], [ 85.608902, 15.137836 ], [ 85.607947, 15.136763 ], [ 85.60747, 15.136227 ], [ 85.605558, 15.134083 ], [ 85.60508, 15.133548 ], [ 85.604123, 15.132477 ], [ 85.603645, 15.131942 ], [ 85.603048, 15.131275 ], [ 85.602448, 15.130605 ], [ 85.601839, 15.129926 ], [ 85.601233, 15.129249 ], [ 85.600625, 15.12857 ], [ 85.600018, 15.127892 ], [ 85.599355, 15.127152 ], [ 85.598971, 15.126717 ], [ 85.59763, 15.125193 ], [ 85.594574, 15.121733 ], [ 85.59381, 15.120869 ], [ 85.592279, 15.119141 ], [ 85.591513, 15.118278 ], [ 85.59091, 15.1176 ], [ 85.590305, 15.11692 ], [ 85.589701, 15.116241 ], [ 85.5891, 15.115565 ], [ 85.585849, 15.111984 ], [ 85.585591, 15.111691 ], [ 85.584987, 15.111006 ], [ 85.584385, 15.110323 ], [ 85.583785, 15.109643 ], [ 85.58318, 15.108957 ], [ 85.582556, 15.108249 ], [ 85.581669, 15.107243 ], [ 85.580726, 15.106174 ], [ 85.580115, 15.105483 ], [ 85.579116, 15.104353 ], [ 85.578518, 15.103677 ], [ 85.576741, 15.10167 ], [ 85.57615, 15.101003 ], [ 85.575162, 15.09989 ], [ 85.57457, 15.099222 ], [ 85.573741, 15.09829 ], [ 85.573087, 15.097555 ], [ 85.571996, 15.096329 ], [ 85.571341, 15.095594 ], [ 85.569375, 15.09339 ], [ 85.568719, 15.092656 ], [ 85.567625, 15.091432 ], [ 85.566969, 15.090698 ], [ 85.566267, 15.089914 ], [ 85.56567, 15.089247 ], [ 85.565248, 15.088777 ], [ 85.56463, 15.088075 ], [ 85.56403, 15.087395 ], [ 85.562958, 15.08618 ], [ 85.562421, 15.085574 ], [ 85.560389, 15.083279 ], [ 85.559672, 15.08247 ], [ 85.558476, 15.081121 ], [ 85.557758, 15.080312 ], [ 85.557037, 15.079502 ], [ 85.556432, 15.078822 ], [ 85.555827, 15.07814 ], [ 85.555222, 15.07746 ], [ 85.554618, 15.076781 ], [ 85.554012, 15.076099 ], [ 85.553407, 15.075419 ], [ 85.552803, 15.07474 ], [ 85.552198, 15.074059 ], [ 85.551593, 15.073378 ], [ 85.550988, 15.072699 ], [ 85.550384, 15.072019 ], [ 85.549778, 15.071337 ], [ 85.549173, 15.070657 ], [ 85.548569, 15.069977 ], [ 85.547964, 15.069297 ], [ 85.547359, 15.068616 ], [ 85.546754, 15.067935 ], [ 85.54615, 15.067256 ], [ 85.545544, 15.066575 ], [ 85.544939, 15.065894 ], [ 85.544335, 15.065215 ], [ 85.54373, 15.064535 ], [ 85.543125, 15.063853 ], [ 85.54252, 15.063173 ], [ 85.541916, 15.062494 ], [ 85.541311, 15.061813 ], [ 85.540705, 15.061132 ], [ 85.540102, 15.060454 ], [ 85.535183, 15.055124 ], [ 85.534892, 15.054791 ], [ 85.534294, 15.054106 ], [ 85.533154, 15.052884 ], [ 85.53282, 15.052499 ], [ 85.531466, 15.0509 ], [ 85.529369, 15.048495 ], [ 85.528804, 15.04785 ], [ 85.528263, 15.047233 ], [ 85.527664, 15.046548 ], [ 85.526472, 15.045209 ], [ 85.523041, 15.041308 ], [ 85.52199, 15.040123 ], [ 85.521466, 15.039533 ], [ 85.521124, 15.039149 ], [ 85.519778, 15.037627 ], [ 85.519173, 15.036949 ], [ 85.518568, 15.03627 ], [ 85.517962, 15.03559 ], [ 85.517356, 15.034911 ], [ 85.516751, 15.034232 ], [ 85.516147, 15.033554 ], [ 85.513642, 15.03076 ], [ 85.513036, 15.030087 ], [ 85.512428, 15.029412 ], [ 85.511818, 15.028736 ], [ 85.511209, 15.02806 ], [ 85.510599, 15.027383 ], [ 85.50999, 15.026707 ], [ 85.508956, 15.025571 ], [ 85.507396, 15.02374 ], [ 85.501995, 15.01759 ], [ 85.501391, 15.016911 ], [ 85.500787, 15.016232 ], [ 85.500181, 15.01555 ], [ 85.499576, 15.01487 ], [ 85.498972, 15.014191 ], [ 85.498368, 15.013511 ], [ 85.497763, 15.01283 ], [ 85.497157, 15.012149 ], [ 85.496553, 15.011469 ], [ 85.495948, 15.010789 ], [ 85.495343, 15.010108 ], [ 85.494738, 15.009427 ], [ 85.494134, 15.008748 ], [ 85.493528, 15.008067 ], [ 85.492924, 15.007386 ], [ 85.49232, 15.006707 ], [ 85.491715, 15.006027 ], [ 85.491109, 15.005346 ], [ 85.490504, 15.004665 ], [ 85.4899, 15.003986 ], [ 85.489172, 15.003389 ], [ 85.488591, 15.002697 ], [ 85.487992, 15.002023 ], [ 85.487398, 15.001333 ], [ 85.486805, 15.00064 ], [ 85.486216, 14.999947 ], [ 85.485606, 14.999275 ], [ 85.485006, 14.998589 ], [ 85.484406, 14.997904 ], [ 85.483807, 14.99722 ], [ 85.483208, 14.996535 ], [ 85.482608, 14.995849 ], [ 85.482008, 14.995165 ], [ 85.48141, 14.994481 ], [ 85.480809, 14.993795 ], [ 85.480217, 14.993119 ], [ 85.479607, 14.99243 ], [ 85.479004, 14.991748 ], [ 85.4784, 14.991066 ], [ 85.477796, 14.990384 ], [ 85.477195, 14.989705 ], [ 85.476591, 14.989023 ], [ 85.475986, 14.98834 ], [ 85.475383, 14.987658 ], [ 85.47478, 14.986978 ], [ 85.474172, 14.986298 ], [ 85.473565, 14.98562 ], [ 85.472959, 14.984943 ], [ 85.472352, 14.984265 ], [ 85.471744, 14.983585 ], [ 85.471137, 14.982907 ], [ 85.470531, 14.98223 ], [ 85.469923, 14.981551 ], [ 85.469316, 14.980873 ], [ 85.468709, 14.980195 ], [ 85.468102, 14.979517 ], [ 85.467494, 14.978838 ], [ 85.466888, 14.978161 ], [ 85.466282, 14.977483 ], [ 85.465647, 14.976775 ], [ 85.465063, 14.976129 ], [ 85.464452, 14.975456 ], [ 85.463841, 14.974782 ], [ 85.463228, 14.974107 ], [ 85.462632, 14.973422 ], [ 85.462012, 14.972758 ], [ 85.461392, 14.972092 ], [ 85.460773, 14.971424 ], [ 85.460176, 14.97074 ], [ 85.45955, 14.970083 ], [ 85.458943, 14.969407 ], [ 85.458451, 14.968609 ], [ 85.457847, 14.967929 ], [ 85.457242, 14.967249 ], [ 85.456636, 14.966568 ], [ 85.456032, 14.965888 ], [ 85.455428, 14.965209 ], [ 85.454822, 14.964527 ], [ 85.454217, 14.963847 ], [ 85.453613, 14.963167 ], [ 85.453008, 14.962487 ], [ 85.452403, 14.961806 ], [ 85.451798, 14.961125 ], [ 85.451194, 14.960446 ], [ 85.450589, 14.959765 ], [ 85.449984, 14.959084 ], [ 85.44938, 14.958405 ], [ 85.448775, 14.957725 ], [ 85.448169, 14.957044 ], [ 85.447565, 14.956363 ], [ 85.446961, 14.955684 ], [ 85.446356, 14.955004 ], [ 85.445751, 14.954323 ], [ 85.445146, 14.953643 ], [ 85.444542, 14.952963 ], [ 85.443936, 14.952281 ], [ 85.443331, 14.951601 ], [ 85.442727, 14.950922 ], [ 85.442123, 14.950241 ], [ 85.441517, 14.94956 ], [ 85.440912, 14.94888 ], [ 85.440308, 14.948201 ], [ 85.439703, 14.947519 ], [ 85.439098, 14.946839 ], [ 85.438494, 14.94616 ], [ 85.437889, 14.945479 ], [ 85.437284, 14.944798 ], [ 85.436679, 14.944118 ], [ 85.436075, 14.943438 ], [ 85.43547, 14.942758 ], [ 85.434866, 14.942078 ], [ 85.434261, 14.941398 ], [ 85.433656, 14.940717 ], [ 85.433051, 14.940036 ], [ 85.432446, 14.939356 ], [ 85.431842, 14.938676 ], [ 85.431237, 14.937996 ], [ 85.430632, 14.937315 ], [ 85.430027, 14.936635 ], [ 85.429423, 14.935955 ], [ 85.428817, 14.935274 ], [ 85.428213, 14.934594 ], [ 85.427609, 14.933914 ], [ 85.427004, 14.933234 ], [ 85.426398, 14.932553 ], [ 85.425794, 14.931872 ], [ 85.42519, 14.931193 ], [ 85.424585, 14.930513 ], [ 85.42398, 14.929832 ], [ 85.423376, 14.929152 ], [ 85.422771, 14.928472 ], [ 85.422165, 14.927791 ], [ 85.421561, 14.92711 ], [ 85.420957, 14.926431 ], [ 85.420351, 14.92575 ], [ 85.419746, 14.92507 ], [ 85.419142, 14.92439 ], [ 85.418538, 14.92371 ], [ 85.417932, 14.923029 ], [ 85.417327, 14.922348 ], [ 85.416724, 14.921669 ], [ 85.416119, 14.920989 ], [ 85.415513, 14.920307 ], [ 85.414908, 14.919627 ], [ 85.414305, 14.918949 ], [ 85.4137, 14.918267 ], [ 85.413094, 14.917586 ], [ 85.41249, 14.916907 ], [ 85.411886, 14.916227 ], [ 85.41128, 14.915545 ], [ 85.410675, 14.914865 ], [ 85.410072, 14.914186 ], [ 85.409466, 14.913505 ], [ 85.408861, 14.912824 ], [ 85.408257, 14.912145 ], [ 85.407653, 14.911465 ], [ 85.407047, 14.910783 ], [ 85.406442, 14.910103 ], [ 85.405838, 14.909424 ], [ 85.405233, 14.908743 ], [ 85.404628, 14.908062 ], [ 85.404025, 14.907384 ], [ 85.40342, 14.906703 ], [ 85.402814, 14.906021 ], [ 85.402209, 14.905341 ], [ 85.401605, 14.904662 ], [ 85.401001, 14.903981 ], [ 85.400395, 14.9033 ], [ 85.39979, 14.90262 ], [ 85.399187, 14.901941 ], [ 85.398581, 14.901259 ], [ 85.397976, 14.900579 ], [ 85.397372, 14.8999 ], [ 85.396768, 14.899219 ], [ 85.396162, 14.898538 ], [ 85.395557, 14.897858 ], [ 85.394954, 14.897179 ], [ 85.394348, 14.896497 ], [ 85.393743, 14.895817 ], [ 85.39314, 14.895139 ], [ 85.392536, 14.894458 ], [ 85.391929, 14.893776 ], [ 85.391325, 14.893096 ], [ 85.390721, 14.892417 ], [ 85.390115, 14.891735 ], [ 85.38951, 14.891055 ], [ 85.388907, 14.890376 ], [ 85.388302, 14.889695 ], [ 85.387696, 14.889014 ], [ 85.387092, 14.888334 ], [ 85.386488, 14.887655 ], [ 85.385883, 14.886974 ], [ 85.385278, 14.886293 ], [ 85.384675, 14.885616 ], [ 85.382348, 14.883011 ], [ 85.377822, 14.877969 ], [ 85.376842, 14.876855 ], [ 85.375738, 14.8756 ], [ 85.375042, 14.87481 ], [ 85.373925, 14.873544 ], [ 85.373257, 14.872788 ], [ 85.372535, 14.871971 ], [ 85.371879, 14.871231 ], [ 85.370786, 14.869996 ], [ 85.37013, 14.869256 ], [ 85.369418, 14.868454 ], [ 85.368814, 14.867774 ], [ 85.368214, 14.867098 ], [ 85.367727, 14.866549 ], [ 85.366751, 14.865452 ], [ 85.366263, 14.864904 ], [ 85.364309, 14.862711 ], [ 85.36382, 14.862163 ], [ 85.362841, 14.861068 ], [ 85.362352, 14.860521 ], [ 85.361754, 14.859853 ], [ 85.361154, 14.859182 ], [ 85.360547, 14.858504 ], [ 85.359939, 14.857825 ], [ 85.359333, 14.857148 ], [ 85.358726, 14.85647 ], [ 85.358049, 14.855713 ], [ 85.356881, 14.854389 ], [ 85.353546, 14.850609 ], [ 85.352711, 14.849664 ], [ 85.35104, 14.847777 ], [ 85.350204, 14.846834 ], [ 85.349602, 14.846158 ], [ 85.349001, 14.845482 ], [ 85.347807, 14.844142 ], [ 85.345415, 14.841465 ], [ 85.34432, 14.840242 ], [ 85.342027, 14.837687 ], [ 85.340775, 14.836266 ], [ 85.33997, 14.835354 ], [ 85.338344, 14.833512 ], [ 85.337817, 14.832916 ], [ 85.336932, 14.831914 ], [ 85.336351, 14.831259 ], [ 85.335382, 14.830165 ], [ 85.334099, 14.828718 ], [ 85.33313, 14.827626 ], [ 85.332766, 14.827216 ], [ 85.332073, 14.826437 ], [ 85.331727, 14.826048 ], [ 85.330224, 14.82436 ], [ 85.329221, 14.823236 ], [ 85.32621, 14.819864 ], [ 85.325206, 14.818742 ], [ 85.323588, 14.816935 ], [ 85.322949, 14.816212 ], [ 85.322381, 14.815568 ], [ 85.321244, 14.814279 ], [ 85.320675, 14.813635 ], [ 85.318322, 14.810974 ], [ 85.317491, 14.810035 ], [ 85.316105, 14.808472 ], [ 85.315272, 14.807534 ], [ 85.314532, 14.806701 ], [ 85.313927, 14.806021 ], [ 85.313324, 14.805342 ], [ 85.312719, 14.804662 ], [ 85.312113, 14.80398 ], [ 85.311509, 14.8033 ], [ 85.310905, 14.802621 ], [ 85.3103, 14.80194 ], [ 85.309695, 14.801259 ], [ 85.309092, 14.800581 ], [ 85.308487, 14.799901 ], [ 85.307881, 14.799219 ], [ 85.307276, 14.798538 ], [ 85.306673, 14.797859 ], [ 85.306068, 14.797179 ], [ 85.305463, 14.796497 ], [ 85.304858, 14.795817 ], [ 85.304254, 14.795138 ], [ 85.303649, 14.794457 ], [ 85.303044, 14.793776 ], [ 85.30244, 14.793097 ], [ 85.301836, 14.792417 ], [ 85.30123, 14.791736 ], [ 85.300626, 14.791055 ], [ 85.300022, 14.790376 ], [ 85.299416, 14.789695 ], [ 85.298813, 14.789015 ], [ 85.298209, 14.788336 ], [ 85.297603, 14.787655 ], [ 85.296998, 14.786974 ], [ 85.296393, 14.786294 ], [ 85.29579, 14.785614 ], [ 85.295184, 14.784933 ], [ 85.29458, 14.784253 ], [ 85.293976, 14.783574 ], [ 85.293371, 14.782893 ], [ 85.292766, 14.782212 ], [ 85.292161, 14.781532 ], [ 85.291557, 14.780853 ], [ 85.290953, 14.780172 ], [ 85.290347, 14.779491 ], [ 85.289743, 14.778811 ], [ 85.289139, 14.778132 ], [ 85.288534, 14.77745 ], [ 85.287931, 14.776772 ], [ 85.283284, 14.771598 ], [ 85.281713, 14.769867 ], [ 85.281348, 14.76945 ], [ 85.280746, 14.768764 ], [ 85.280073, 14.767998 ], [ 85.279802, 14.767689 ], [ 85.278423, 14.766119 ], [ 85.275658, 14.762983 ], [ 85.274273, 14.761417 ], [ 85.273839, 14.760927 ], [ 85.273349, 14.760374 ], [ 85.272745, 14.759693 ], [ 85.272141, 14.759011 ], [ 85.271537, 14.758331 ], [ 85.270937, 14.757653 ], [ 85.269868, 14.756451 ], [ 85.267727, 14.754047 ], [ 85.266655, 14.752847 ], [ 85.266054, 14.752175 ], [ 85.265452, 14.751502 ], [ 85.264845, 14.750824 ], [ 85.26424, 14.750148 ], [ 85.26337, 14.749288 ], [ 85.263021, 14.748891 ], [ 85.262419, 14.748207 ], [ 85.26214, 14.747889 ], [ 85.261873, 14.74758 ], [ 85.258511, 14.743729 ], [ 85.255145, 14.739904 ], [ 85.254383, 14.739038 ], [ 85.253783, 14.738359 ], [ 85.253019, 14.737495 ], [ 85.252417, 14.736816 ], [ 85.25011, 14.734224 ], [ 85.249505, 14.733549 ], [ 85.248901, 14.732873 ], [ 85.248294, 14.732195 ], [ 85.247687, 14.731517 ], [ 85.247081, 14.730839 ], [ 85.246474, 14.730161 ], [ 85.245866, 14.729482 ], [ 85.24526, 14.728804 ], [ 85.244654, 14.728127 ], [ 85.244047, 14.727449 ], [ 85.243439, 14.726769 ], [ 85.242832, 14.726091 ], [ 85.242225, 14.725413 ], [ 85.241619, 14.724735 ], [ 85.240466, 14.723453 ], [ 85.234725, 14.716907 ], [ 85.234122, 14.716228 ], [ 85.233518, 14.715549 ], [ 85.232914, 14.714869 ], [ 85.232308, 14.714188 ], [ 85.231704, 14.713508 ], [ 85.2311, 14.712828 ], [ 85.230495, 14.712148 ], [ 85.22989, 14.711467 ], [ 85.229285, 14.710787 ], [ 85.228682, 14.710107 ], [ 85.228076, 14.709426 ], [ 85.227472, 14.708746 ], [ 85.226868, 14.708067 ], [ 85.226264, 14.707386 ], [ 85.225658, 14.706705 ], [ 85.225054, 14.706026 ], [ 85.224451, 14.705346 ], [ 85.223845, 14.704664 ], [ 85.22324, 14.703984 ], [ 85.222636, 14.703305 ], [ 85.222032, 14.702625 ], [ 85.221426, 14.701944 ], [ 85.220822, 14.701263 ], [ 85.220218, 14.700584 ], [ 85.219613, 14.699903 ], [ 85.219008, 14.699223 ], [ 85.218405, 14.698543 ], [ 85.2178, 14.697863 ], [ 85.217195, 14.697182 ], [ 85.21659, 14.696502 ], [ 85.215986, 14.695822 ], [ 85.215382, 14.695142 ], [ 85.214777, 14.694462 ], [ 85.214173, 14.693782 ], [ 85.213568, 14.693102 ], [ 85.212963, 14.69242 ], [ 85.212358, 14.69174 ], [ 85.211755, 14.691061 ], [ 85.21115, 14.690381 ], [ 85.210545, 14.689699 ], [ 85.20994, 14.689019 ], [ 85.209218, 14.688424 ], [ 85.208634, 14.687732 ], [ 85.208031, 14.687056 ], [ 85.207439, 14.686367 ], [ 85.206848, 14.685676 ], [ 85.206259, 14.684982 ], [ 85.205648, 14.684309 ], [ 85.20505, 14.683625 ], [ 85.20445, 14.682939 ], [ 85.203852, 14.682255 ], [ 85.203253, 14.681571 ], [ 85.202653, 14.680885 ], [ 85.202054, 14.680199 ], [ 85.201455, 14.679515 ], [ 85.200856, 14.678831 ], [ 85.200545, 14.678488 ], [ 85.200255, 14.678147 ], [ 85.199652, 14.677465 ], [ 85.199049, 14.676785 ], [ 85.198446, 14.676103 ], [ 85.197842, 14.675421 ], [ 85.197239, 14.674739 ], [ 85.196637, 14.674059 ], [ 85.196034, 14.673377 ], [ 85.19543, 14.672695 ], [ 85.194827, 14.672014 ], [ 85.194221, 14.671336 ], [ 85.193614, 14.670658 ], [ 85.193008, 14.66998 ], [ 85.192401, 14.669302 ], [ 85.191794, 14.668623 ], [ 85.191186, 14.667944 ], [ 85.19058, 14.667266 ], [ 85.189974, 14.666589 ], [ 85.189366, 14.66591 ], [ 85.188759, 14.665232 ], [ 85.188153, 14.664554 ], [ 85.187547, 14.663876 ], [ 85.186939, 14.663197 ], [ 85.186332, 14.662519 ], [ 85.185713, 14.661827 ], [ 85.185115, 14.661167 ], [ 85.184504, 14.660494 ], [ 85.183894, 14.65982 ], [ 85.183283, 14.659147 ], [ 85.182686, 14.658461 ], [ 85.182065, 14.657795 ], [ 85.181447, 14.65713 ], [ 85.180829, 14.656463 ], [ 85.18023, 14.655778 ], [ 85.179604, 14.65512 ], [ 85.178999, 14.654447 ], [ 85.178506, 14.653648 ], [ 85.177902, 14.652967 ], [ 85.177298, 14.652288 ], [ 85.176693, 14.651608 ], [ 85.176088, 14.650927 ], [ 85.175484, 14.650247 ], [ 85.17488, 14.649567 ], [ 85.174275, 14.648886 ], [ 85.17367, 14.648206 ], [ 85.173066, 14.647527 ], [ 85.172463, 14.646847 ], [ 85.171857, 14.646166 ], [ 85.171252, 14.645485 ], [ 85.170648, 14.644806 ], [ 85.170043, 14.644125 ], [ 85.169439, 14.643444 ], [ 85.168835, 14.642765 ], [ 85.168231, 14.642085 ], [ 85.167625, 14.641404 ], [ 85.167021, 14.640724 ], [ 85.166417, 14.640044 ], [ 85.165813, 14.639364 ], [ 85.165207, 14.638683 ], [ 85.164603, 14.638003 ], [ 85.163999, 14.637323 ], [ 85.163394, 14.636642 ], [ 85.162789, 14.635962 ], [ 85.162187, 14.635284 ], [ 85.161582, 14.634603 ], [ 85.160976, 14.633921 ], [ 85.160372, 14.633241 ], [ 85.159768, 14.632562 ], [ 85.159163, 14.631881 ], [ 85.158558, 14.631201 ], [ 85.157954, 14.630521 ], [ 85.15735, 14.629841 ], [ 85.156745, 14.62916 ], [ 85.15614, 14.62848 ], [ 85.155537, 14.6278 ], [ 85.154931, 14.627119 ], [ 85.154327, 14.626439 ], [ 85.153723, 14.62576 ], [ 85.153119, 14.62508 ], [ 85.152513, 14.624399 ], [ 85.15191, 14.623719 ], [ 85.151306, 14.62304 ], [ 85.150701, 14.622359 ], [ 85.150096, 14.621678 ], [ 85.149491, 14.620997 ], [ 85.148887, 14.620318 ], [ 85.148282, 14.619637 ], [ 85.147678, 14.618957 ], [ 85.147074, 14.618278 ], [ 85.14647, 14.617597 ], [ 85.145864, 14.616916 ], [ 85.14526, 14.616236 ], [ 85.144656, 14.615557 ], [ 85.144054, 14.614879 ], [ 85.141708, 14.612253 ], [ 85.137118, 14.607141 ], [ 85.13684, 14.606824 ], [ 85.135998, 14.605867 ], [ 85.135194, 14.604953 ], [ 85.134722, 14.604417 ], [ 85.133793, 14.603363 ], [ 85.133329, 14.602837 ], [ 85.131491, 14.600757 ], [ 85.131032, 14.600237 ], [ 85.130111, 14.599197 ], [ 85.129651, 14.598677 ], [ 85.128991, 14.597934 ], [ 85.128348, 14.597209 ], [ 85.127743, 14.596527 ], [ 85.127142, 14.595849 ], [ 85.126644, 14.595288 ], [ 85.125648, 14.594167 ], [ 85.125149, 14.593607 ], [ 85.123153, 14.591367 ], [ 85.122654, 14.590807 ], [ 85.121655, 14.589688 ], [ 85.121155, 14.589129 ], [ 85.120557, 14.588461 ], [ 85.119957, 14.58779 ], [ 85.11935, 14.587112 ], [ 85.118743, 14.586433 ], [ 85.118136, 14.585755 ], [ 85.117529, 14.585077 ], [ 85.116923, 14.584399 ], [ 85.116636, 14.584079 ], [ 85.116218, 14.583604 ], [ 85.112609, 14.579509 ], [ 85.111706, 14.578487 ], [ 85.109897, 14.576443 ], [ 85.108991, 14.575422 ], [ 85.10839, 14.574745 ], [ 85.107785, 14.574065 ], [ 85.107185, 14.573389 ], [ 85.103709, 14.569555 ], [ 85.103326, 14.56912 ], [ 85.102721, 14.568433 ], [ 85.102119, 14.56775 ], [ 85.101454, 14.566994 ], [ 85.100325, 14.565712 ], [ 85.099197, 14.564433 ], [ 85.098573, 14.563725 ], [ 85.09758, 14.5626 ], [ 85.096986, 14.561929 ], [ 85.095273, 14.559992 ], [ 85.094703, 14.559349 ], [ 85.093752, 14.558276 ], [ 85.093181, 14.557632 ], [ 85.092393, 14.556743 ], [ 85.091626, 14.555879 ], [ 85.09094, 14.555107 ], [ 85.089796, 14.553822 ], [ 85.08911, 14.553051 ], [ 85.087051, 14.550741 ], [ 85.086364, 14.549971 ], [ 85.085219, 14.548689 ], [ 85.084531, 14.54792 ], [ 85.083822, 14.547128 ], [ 85.083226, 14.546461 ], [ 85.082553, 14.545709 ], [ 85.08142, 14.544425 ], [ 85.080819, 14.543745 ], [ 85.078152, 14.540726 ], [ 85.07721, 14.539662 ], [ 85.075639, 14.537889 ], [ 85.074695, 14.536825 ], [ 85.073938, 14.535973 ], [ 85.073334, 14.535294 ], [ 85.072729, 14.534613 ], [ 85.072125, 14.533932 ], [ 85.071521, 14.533253 ], [ 85.070917, 14.532573 ], [ 85.070312, 14.531892 ], [ 85.069707, 14.531212 ], [ 85.069104, 14.530532 ], [ 85.068498, 14.529851 ], [ 85.067895, 14.529172 ], [ 85.067291, 14.528493 ], [ 85.066686, 14.527812 ], [ 85.066081, 14.527131 ], [ 85.065477, 14.52645 ], [ 85.064873, 14.525771 ], [ 85.064268, 14.52509 ], [ 85.063663, 14.52441 ], [ 85.06306, 14.523731 ], [ 85.062456, 14.52305 ], [ 85.06185, 14.522369 ], [ 85.061246, 14.521689 ], [ 85.060642, 14.52101 ], [ 85.060037, 14.520329 ], [ 85.059433, 14.519649 ], [ 85.058829, 14.518969 ], [ 85.058225, 14.518289 ], [ 85.05762, 14.517608 ], [ 85.057016, 14.516929 ], [ 85.056413, 14.51625 ], [ 85.055807, 14.515569 ], [ 85.055202, 14.514887 ], [ 85.054598, 14.514207 ], [ 85.053994, 14.513528 ], [ 85.053389, 14.512847 ], [ 85.052785, 14.512167 ], [ 85.052181, 14.511487 ], [ 85.051577, 14.510807 ], [ 85.050972, 14.510126 ], [ 85.050367, 14.509446 ], [ 85.049764, 14.508767 ], [ 85.049159, 14.508086 ], [ 85.048554, 14.507405 ], [ 85.047951, 14.506726 ], [ 85.047346, 14.506046 ], [ 85.046742, 14.505366 ], [ 85.046137, 14.504686 ], [ 85.045533, 14.504005 ], [ 85.044928, 14.503324 ], [ 85.044324, 14.502644 ], [ 85.04372, 14.501965 ], [ 85.043116, 14.501285 ], [ 85.042511, 14.500604 ], [ 85.041906, 14.499924 ], [ 85.041303, 14.499244 ], [ 85.040698, 14.498564 ], [ 85.040093, 14.497883 ], [ 85.039489, 14.497203 ], [ 85.038885, 14.496524 ], [ 85.038282, 14.495845 ], [ 85.036776, 14.494282 ], [ 85.036102, 14.493512 ], [ 85.0355, 14.492826 ], [ 85.0349, 14.492142 ], [ 85.034302, 14.49146 ], [ 85.033702, 14.490776 ], [ 85.0331, 14.49009 ], [ 85.0325, 14.489406 ], [ 85.031802, 14.48861 ], [ 85.031187, 14.48791 ], [ 85.030528, 14.48716 ], [ 85.02965, 14.486163 ], [ 85.027893, 14.484171 ], [ 85.027011, 14.483173 ], [ 85.026293, 14.482363 ], [ 85.025614, 14.481596 ], [ 85.02501, 14.480915 ], [ 85.024405, 14.480233 ], [ 85.023802, 14.479552 ], [ 85.023202, 14.478875 ], [ 85.022114, 14.477649 ], [ 85.019933, 14.4752 ], [ 85.018842, 14.473977 ], [ 85.01824, 14.473305 ], [ 85.017638, 14.472632 ], [ 85.017031, 14.471954 ], [ 85.016424, 14.471275 ], [ 85.015818, 14.470597 ], [ 85.015211, 14.469919 ], [ 85.014604, 14.469241 ], [ 85.013998, 14.468563 ], [ 85.013391, 14.467885 ], [ 85.012784, 14.467207 ], [ 85.012178, 14.466529 ], [ 85.011571, 14.465851 ], [ 85.010964, 14.465173 ], [ 85.010357, 14.464494 ], [ 85.009753, 14.463819 ], [ 85.009184, 14.463187 ], [ 85.007284, 14.461033 ], [ 85.005195, 14.458752 ], [ 85.004501, 14.457972 ], [ 85.003985, 14.457392 ], [ 85.003387, 14.456708 ], [ 85.002783, 14.456023 ], [ 85.002178, 14.455346 ], [ 85.001582, 14.45466 ], [ 85.00098, 14.453978 ], [ 85.000314, 14.453222 ], [ 84.999721, 14.452499 ], [ 84.999058, 14.451742 ], [ 84.996826, 14.449208 ], [ 84.996191, 14.448491 ], [ 84.995568, 14.447787 ], [ 84.994966, 14.447107 ], [ 84.994363, 14.446426 ], [ 84.993758, 14.445743 ], [ 84.993155, 14.445062 ], [ 84.992553, 14.444382 ], [ 84.991952, 14.443702 ], [ 84.989606, 14.441066 ], [ 84.989001, 14.44039 ], [ 84.988397, 14.439715 ], [ 84.987791, 14.439037 ], [ 84.987183, 14.438358 ], [ 84.986577, 14.43768 ], [ 84.985971, 14.437003 ], [ 84.985364, 14.436324 ], [ 84.984757, 14.435646 ], [ 84.98415, 14.434968 ], [ 84.983544, 14.43429 ], [ 84.982937, 14.433611 ], [ 84.982331, 14.432934 ], [ 84.981725, 14.432256 ], [ 84.981119, 14.431579 ], [ 84.980123, 14.430476 ], [ 84.974222, 14.423745 ], [ 84.973618, 14.423065 ], [ 84.973014, 14.422386 ], [ 84.972411, 14.421707 ], [ 84.971806, 14.421026 ], [ 84.971201, 14.420344 ], [ 84.970596, 14.419664 ], [ 84.969993, 14.418985 ], [ 84.969388, 14.418304 ], [ 84.968784, 14.417624 ], [ 84.96818, 14.416945 ], [ 84.967576, 14.416265 ], [ 84.966971, 14.415583 ], [ 84.966366, 14.414903 ], [ 84.965763, 14.414224 ], [ 84.965159, 14.413544 ], [ 84.964554, 14.412863 ], [ 84.963949, 14.412183 ], [ 84.963346, 14.411503 ], [ 84.962742, 14.410823 ], [ 84.962137, 14.410143 ], [ 84.961533, 14.409463 ], [ 84.960929, 14.408783 ], [ 84.960324, 14.408102 ], [ 84.959719, 14.407422 ], [ 84.959116, 14.406742 ], [ 84.958511, 14.406061 ], [ 84.957907, 14.405381 ], [ 84.957303, 14.404702 ], [ 84.956699, 14.404022 ], [ 84.956094, 14.403341 ], [ 84.95549, 14.402661 ], [ 84.954886, 14.401981 ], [ 84.954281, 14.4013 ], [ 84.953677, 14.40062 ], [ 84.953073, 14.399941 ], [ 84.952469, 14.399261 ], [ 84.951865, 14.398581 ], [ 84.95126, 14.3979 ], [ 84.950656, 14.39722 ], [ 84.950052, 14.39654 ], [ 84.949447, 14.395859 ], [ 84.948843, 14.395179 ], [ 84.948239, 14.3945 ], [ 84.947634, 14.393819 ], [ 84.947034, 14.393143 ], [ 84.946432, 14.392466 ], [ 84.945227, 14.391114 ], [ 84.944624, 14.390438 ], [ 84.94221, 14.387735 ], [ 84.941606, 14.38706 ], [ 84.940398, 14.385711 ], [ 84.939794, 14.385037 ], [ 84.934951, 14.379645 ], [ 84.934346, 14.378972 ], [ 84.933135, 14.377626 ], [ 84.932528, 14.376953 ], [ 84.930101, 14.374264 ], [ 84.929494, 14.373593 ], [ 84.928279, 14.37225 ], [ 84.927671, 14.37158 ], [ 84.917929, 14.360845 ], [ 84.916711, 14.359506 ], [ 84.914269, 14.356829 ], [ 84.913047, 14.355493 ], [ 84.908148, 14.350151 ], [ 84.906922, 14.348818 ], [ 84.904466, 14.346154 ], [ 84.903236, 14.344825 ], [ 84.89338, 14.33419 ], [ 84.892147, 14.332864 ], [ 84.889677, 14.330213 ], [ 84.88844, 14.328889 ], [ 84.883484, 14.323598 ], [ 84.882244, 14.322278 ], [ 84.879759, 14.319639 ], [ 84.878515, 14.318322 ], [ 84.868545, 14.30779 ], [ 84.867298, 14.306477 ], [ 84.8648, 14.303851 ], [ 84.863549, 14.30254 ], [ 84.858536, 14.2973 ], [ 84.857282, 14.295993 ], [ 84.854769, 14.29338 ], [ 84.853511, 14.292076 ], [ 84.843429, 14.281648 ], [ 84.842168, 14.280347 ], [ 84.839641, 14.277747 ], [ 84.838376, 14.276449 ], [ 84.833307, 14.271262 ], [ 84.832039, 14.269967 ], [ 84.829498, 14.26738 ], [ 84.828227, 14.26609 ], [ 84.818033, 14.255765 ], [ 84.816758, 14.254478 ], [ 84.814204, 14.251904 ], [ 84.812925, 14.250619 ], [ 84.807801, 14.245484 ], [ 84.806519, 14.244203 ], [ 84.803951, 14.241643 ], [ 84.802665, 14.240365 ], [ 84.792361, 14.230146 ], [ 84.791072, 14.228872 ], [ 84.788491, 14.226325 ], [ 84.787198, 14.225053 ], [ 84.782019, 14.219971 ], [ 84.780724, 14.218703 ], [ 84.778128, 14.216169 ], [ 84.776829, 14.214905 ], [ 84.766416, 14.204793 ], [ 84.765114, 14.203532 ], [ 84.762505, 14.201012 ], [ 84.761199, 14.199754 ], [ 84.755966, 14.194725 ], [ 84.754656, 14.193471 ], [ 84.752034, 14.190964 ], [ 84.750721, 14.189713 ], [ 84.741344, 14.18091 ], [ 84.740146, 14.179765 ], [ 84.738835, 14.178513 ], [ 84.736209, 14.17601 ], [ 84.734895, 14.174759 ], [ 84.729635, 14.169757 ], [ 84.728315, 14.168514 ], [ 84.725658, 14.166042 ], [ 84.72433, 14.164808 ], [ 84.720793, 14.161527 ], [ 84.713717, 14.154897 ], [ 84.712388, 14.153663 ], [ 84.709726, 14.151197 ], [ 84.708393, 14.149966 ], [ 84.703054, 14.145047 ], [ 84.701718, 14.143819 ], [ 84.699042, 14.141367 ], [ 84.697703, 14.140143 ], [ 84.68697, 14.130359 ], [ 84.685628, 14.129139 ], [ 84.682939, 14.1267 ], [ 84.681594, 14.125483 ], [ 84.676201, 14.120619 ], [ 84.674853, 14.119406 ], [ 84.672151, 14.116981 ], [ 84.670799, 14.115771 ], [ 84.659961, 14.106098 ], [ 84.658606, 14.104892 ], [ 84.655892, 14.102481 ], [ 84.654533, 14.101278 ], [ 84.649089, 14.09647 ], [ 84.647727, 14.09527 ], [ 84.645, 14.092874 ], [ 84.643635, 14.091678 ], [ 84.632695, 14.082117 ], [ 84.631327, 14.080925 ], [ 84.628586, 14.078542 ], [ 84.627215, 14.077353 ], [ 84.62172, 14.072601 ], [ 84.620345, 14.071416 ], [ 84.617592, 14.069048 ], [ 84.616215, 14.067866 ], [ 84.605172, 14.058418 ], [ 84.603792, 14.05724 ], [ 84.601026, 14.054886 ], [ 84.599642, 14.053711 ], [ 84.594096, 14.049016 ], [ 84.592709, 14.047845 ], [ 84.589931, 14.045506 ], [ 84.588541, 14.044338 ], [ 84.577398, 14.035005 ], [ 84.576005, 14.033841 ], [ 84.573214, 14.031516 ], [ 84.571818, 14.030355 ], [ 84.566222, 14.025718 ], [ 84.564823, 14.024561 ], [ 84.562019, 14.02225 ], [ 84.560617, 14.021097 ], [ 84.549375, 14.011879 ], [ 84.548817, 14.011422 ], [ 84.547699, 14.010507 ], [ 84.547139, 14.010049 ], [ 84.544837, 14.00817 ], [ 84.544339, 14.007764 ], [ 84.543219, 14.00685 ], [ 84.542658, 14.006394 ], [ 84.537994, 14.002602 ], [ 84.537173, 14.001935 ], [ 84.535905, 14.000906 ], [ 84.534478, 13.999752 ], [ 84.531622, 13.997447 ], [ 84.530192, 13.996297 ], [ 84.525604, 13.992615 ], [ 84.524457, 13.991696 ], [ 84.52216, 13.98986 ], [ 84.52101, 13.988944 ], [ 84.514049, 13.983405 ], [ 84.513179, 13.982714 ], [ 84.511437, 13.981333 ], [ 84.510566, 13.980643 ], [ 84.507076, 13.977885 ], [ 84.506204, 13.977197 ], [ 84.504458, 13.975821 ], [ 84.503585, 13.975135 ], [ 84.491924, 13.965978 ], [ 84.490466, 13.964836 ], [ 84.487546, 13.962555 ], [ 84.486084, 13.961417 ], [ 84.480229, 13.95687 ], [ 84.478765, 13.955736 ], [ 84.475832, 13.95347 ], [ 84.474365, 13.95234 ], [ 84.462605, 13.943307 ], [ 84.461134, 13.94218 ], [ 84.458189, 13.93993 ], [ 84.456716, 13.938808 ], [ 84.450812, 13.934322 ], [ 84.449335, 13.933203 ], [ 84.446377, 13.930969 ], [ 84.444898, 13.929855 ], [ 84.43304, 13.920945 ], [ 84.431557, 13.919834 ], [ 84.428588, 13.917615 ], [ 84.427102, 13.916508 ], [ 84.42115, 13.912085 ], [ 84.419661, 13.910982 ], [ 84.416679, 13.908779 ], [ 84.415188, 13.90768 ], [ 84.403233, 13.898895 ], [ 84.401739, 13.8978 ], [ 84.398745, 13.895613 ], [ 84.397248, 13.894521 ], [ 84.391247, 13.890161 ], [ 84.389746, 13.889074 ], [ 84.386741, 13.886902 ], [ 84.385238, 13.885819 ], [ 84.373188, 13.877161 ], [ 84.371682, 13.876081 ], [ 84.368665, 13.873925 ], [ 84.367155, 13.87285 ], [ 84.361108, 13.868553 ], [ 84.359595, 13.867481 ], [ 84.356566, 13.865341 ], [ 84.355051, 13.864274 ], [ 84.342908, 13.855743 ], [ 84.34139, 13.854679 ], [ 84.33835, 13.852555 ], [ 84.336829, 13.851496 ], [ 84.330735, 13.847263 ], [ 84.329211, 13.846207 ], [ 84.326159, 13.844099 ], [ 84.324632, 13.843048 ], [ 84.312397, 13.834645 ], [ 84.310867, 13.833597 ], [ 84.307804, 13.831506 ], [ 84.306271, 13.830462 ], [ 84.300132, 13.826293 ], [ 84.298596, 13.825254 ], [ 84.295521, 13.823178 ], [ 84.293984, 13.822143 ], [ 84.281657, 13.813869 ], [ 84.280117, 13.812837 ], [ 84.277031, 13.810778 ], [ 84.275487, 13.80975 ], [ 84.269302, 13.805647 ], [ 84.267756, 13.804623 ], [ 84.264658, 13.80258 ], [ 84.263109, 13.801561 ], [ 84.250694, 13.793417 ], [ 84.249142, 13.792402 ], [ 84.246034, 13.790375 ], [ 84.244479, 13.789364 ], [ 84.23825, 13.785325 ], [ 84.236692, 13.784318 ], [ 84.233573, 13.782308 ], [ 84.232013, 13.781305 ], [ 84.21951, 13.773292 ], [ 84.217947, 13.772294 ], [ 84.214817, 13.770299 ], [ 84.213251, 13.769305 ], [ 84.206978, 13.765332 ], [ 84.20541, 13.764341 ], [ 84.202269, 13.762363 ], [ 84.200698, 13.761377 ], [ 84.188108, 13.753496 ], [ 84.186535, 13.752514 ], [ 84.183383, 13.750553 ], [ 84.181807, 13.749575 ], [ 84.175491, 13.745668 ], [ 84.173912, 13.744694 ], [ 84.17075, 13.74275 ], [ 84.169168, 13.74178 ], [ 84.156494, 13.734032 ], [ 84.15491, 13.733066 ], [ 84.151737, 13.731138 ], [ 84.15015, 13.730177 ], [ 84.143792, 13.726337 ], [ 84.142202, 13.725379 ], [ 84.139019, 13.723468 ], [ 84.137427, 13.722515 ], [ 84.124669, 13.714901 ], [ 84.123075, 13.713952 ], [ 84.119881, 13.712058 ], [ 84.118284, 13.711113 ], [ 84.111885, 13.70734 ], [ 84.110285, 13.706399 ], [ 84.107081, 13.704522 ], [ 84.105479, 13.703586 ], [ 84.092639, 13.696106 ], [ 84.091034, 13.695174 ], [ 84.08782, 13.693313 ], [ 84.086212, 13.692385 ], [ 84.079773, 13.68868 ], [ 84.078163, 13.687756 ], [ 84.074939, 13.685912 ], [ 84.073326, 13.684993 ], [ 84.060406, 13.677649 ], [ 84.059725, 13.677262 ], [ 84.058361, 13.676489 ], [ 84.057679, 13.676103 ], [ 84.054948, 13.674559 ], [ 84.054265, 13.674173 ], [ 84.052899, 13.673403 ], [ 84.052256, 13.67304 ], [ 84.046531, 13.66982 ], [ 84.04546, 13.669218 ], [ 84.045006, 13.668963 ], [ 84.043211, 13.667957 ], [ 84.041324, 13.666903 ], [ 84.037548, 13.664802 ], [ 84.035659, 13.663754 ], [ 84.029868, 13.660554 ], [ 84.02842, 13.659757 ], [ 84.025521, 13.658164 ], [ 84.024071, 13.65737 ], [ 84.014409, 13.652091 ], [ 84.013202, 13.651433 ], [ 84.010785, 13.650118 ], [ 84.009576, 13.649463 ], [ 84.004736, 13.646843 ], [ 84.003526, 13.646189 ], [ 84.001104, 13.644885 ], [ 83.999894, 13.644234 ], [ 83.982521, 13.634918 ], [ 83.980349, 13.633759 ], [ 83.975999, 13.631446 ], [ 83.973823, 13.630293 ], [ 83.965104, 13.625697 ], [ 83.962924, 13.624552 ], [ 83.958557, 13.622269 ], [ 83.956373, 13.621133 ], [ 83.938868, 13.61206 ], [ 83.93668, 13.610931 ], [ 83.932297, 13.608679 ], [ 83.930105, 13.607557 ], [ 83.921321, 13.603082 ], [ 83.919124, 13.601968 ], [ 83.914725, 13.599746 ], [ 83.912525, 13.59864 ], [ 83.894891, 13.589813 ], [ 83.89379, 13.589263 ], [ 83.891586, 13.588164 ], [ 83.890483, 13.587616 ], [ 83.886068, 13.585425 ], [ 83.884964, 13.584878 ], [ 83.882755, 13.583787 ], [ 83.881651, 13.583242 ], [ 83.872803, 13.57889 ], [ 83.871697, 13.578347 ], [ 83.869484, 13.577263 ], [ 83.868377, 13.576723 ], [ 83.863945, 13.574562 ], [ 83.862836, 13.574023 ], [ 83.860619, 13.572946 ], [ 83.859509, 13.572409 ], [ 83.858704, 13.57202 ], [ 83.857889, 13.571626 ], [ 83.857076, 13.571233 ], [ 83.856262, 13.57084 ], [ 83.855448, 13.570447 ], [ 83.854635, 13.570054 ], [ 83.853821, 13.56966 ], [ 83.853007, 13.569267 ], [ 83.852192, 13.568873 ], [ 83.85138, 13.568481 ], [ 83.850566, 13.568088 ], [ 83.849752, 13.567695 ], [ 83.848939, 13.567302 ], [ 83.848125, 13.566908 ], [ 83.847311, 13.566515 ], [ 83.846496, 13.566121 ], [ 83.845684, 13.565729 ], [ 83.844871, 13.565336 ], [ 83.844056, 13.564943 ], [ 83.843243, 13.564549 ], [ 83.842429, 13.564156 ], [ 83.841615, 13.563763 ], [ 83.840802, 13.56337 ], [ 83.839988, 13.562977 ], [ 83.839173, 13.562583 ], [ 83.838361, 13.56219 ], [ 83.837547, 13.561797 ], [ 83.836733, 13.561404 ], [ 83.835919, 13.561011 ], [ 83.835106, 13.560618 ], [ 83.834292, 13.560225 ], [ 83.833478, 13.559831 ], [ 83.832665, 13.559438 ], [ 83.83185, 13.559044 ], [ 83.831038, 13.558652 ], [ 83.830224, 13.558259 ], [ 83.82941, 13.557866 ], [ 83.828596, 13.557472 ], [ 83.827782, 13.557079 ], [ 83.826969, 13.556686 ], [ 83.826155, 13.556293 ], [ 83.825341, 13.5559 ], [ 83.824526, 13.555506 ], [ 83.823714, 13.555113 ], [ 83.8229, 13.55472 ], [ 83.822087, 13.554327 ], [ 83.821274, 13.553934 ], [ 83.820459, 13.553541 ], [ 83.819646, 13.553148 ], [ 83.818832, 13.552755 ], [ 83.818018, 13.552361 ], [ 83.817204, 13.551968 ], [ 83.816391, 13.551575 ], [ 83.815577, 13.551182 ], [ 83.814763, 13.550789 ], [ 83.81395, 13.550396 ], [ 83.81314, 13.550004 ], [ 83.809093, 13.548065 ], [ 83.804159, 13.54572 ], [ 83.803492, 13.545394 ], [ 83.802681, 13.544997 ], [ 83.801867, 13.544599 ], [ 83.801056, 13.544202 ], [ 83.800247, 13.543807 ], [ 83.799445, 13.543414 ], [ 83.797954, 13.542687 ], [ 83.794969, 13.541236 ], [ 83.793476, 13.540512 ], [ 83.787499, 13.537623 ], [ 83.786004, 13.536903 ], [ 83.783012, 13.535466 ], [ 83.781515, 13.534749 ], [ 83.780714, 13.534367 ], [ 83.779913, 13.533984 ], [ 83.779099, 13.533596 ], [ 83.778282, 13.533206 ], [ 83.777468, 13.532817 ], [ 83.776652, 13.532427 ], [ 83.775837, 13.532038 ], [ 83.775021, 13.531649 ], [ 83.774666, 13.531479 ], [ 83.769611, 13.528992 ], [ 83.765125, 13.526804 ], [ 83.764144, 13.526286 ], [ 83.764103, 13.524539 ], [ 83.764287, 13.521438 ], [ 83.764377, 13.519889 ], [ 83.764731, 13.513685 ], [ 83.764817, 13.512135 ], [ 83.764987, 13.509034 ], [ 83.76507, 13.507484 ], [ 83.765718, 13.495073 ], [ 83.765798, 13.493523 ], [ 83.765952, 13.490421 ], [ 83.766028, 13.488871 ], [ 83.766323, 13.482664 ], [ 83.766395, 13.481114 ], [ 83.766535, 13.478011 ], [ 83.766603, 13.47646 ], [ 83.767134, 13.464044 ], [ 83.767199, 13.462493 ], [ 83.767324, 13.45939 ], [ 83.767385, 13.457839 ], [ 83.767621, 13.45163 ], [ 83.767678, 13.450079 ], [ 83.767789, 13.446975 ], [ 83.767842, 13.445424 ], [ 83.768256, 13.433003 ], [ 83.768306, 13.431452 ], [ 83.768402, 13.428348 ], [ 83.768448, 13.426796 ], [ 83.768625, 13.420585 ], [ 83.768668, 13.419034 ], [ 83.768749, 13.415929 ], [ 83.768788, 13.414377 ], [ 83.769084, 13.401953 ], [ 83.769119, 13.400402 ], [ 83.769185, 13.397297 ], [ 83.769217, 13.395745 ], [ 83.769335, 13.389533 ], [ 83.769363, 13.387981 ], [ 83.769415, 13.384875 ], [ 83.769439, 13.383324 ], [ 83.769617, 13.370897 ], [ 83.769644, 13.368799 ], [ 83.769691, 13.3646 ], [ 83.769711, 13.362502 ], [ 83.769778, 13.354102 ], [ 83.769791, 13.352004 ], [ 83.769811, 13.347805 ], [ 83.769818, 13.345707 ], [ 83.769844, 13.328907 ], [ 83.769844, 13.327269 ], [ 83.769841, 13.323992 ], [ 83.769838, 13.322557 ], [ 83.769815, 13.315796 ], [ 83.769812, 13.315079 ], [ 83.769806, 13.313643 ], [ 83.769791, 13.311339 ], [ 83.769766, 13.308165 ], [ 83.769751, 13.306579 ], [ 83.769723, 13.303918 ], [ 83.769716, 13.303254 ], [ 83.769701, 13.301923 ], [ 83.769693, 13.301236 ], [ 83.769667, 13.299204 ], [ 83.769646, 13.297587 ], [ 83.769305, 13.272741 ], [ 83.76927, 13.270464 ], [ 83.769192, 13.265909 ], [ 83.769149, 13.263632 ], [ 83.768961, 13.254521 ], [ 83.76891, 13.252244 ], [ 83.7688, 13.24769 ], [ 83.768741, 13.245414 ], [ 83.768239, 13.22719 ], [ 83.768172, 13.224914 ], [ 83.768031, 13.22036 ], [ 83.767956, 13.218084 ], [ 83.767642, 13.208975 ], [ 83.767559, 13.206699 ], [ 83.767387, 13.202145 ], [ 83.767296, 13.199869 ], [ 83.766799, 13.187863 ], [ 83.766735, 13.186363 ], [ 83.766604, 13.183363 ], [ 83.766536, 13.181863 ], [ 83.76626, 13.175862 ], [ 83.766189, 13.174362 ], [ 83.766044, 13.171363 ], [ 83.76597, 13.169864 ], [ 83.765363, 13.157862 ], [ 83.765286, 13.156363 ], [ 83.765127, 13.153364 ], [ 83.765046, 13.151865 ], [ 83.764715, 13.145866 ], [ 83.764631, 13.144367 ], [ 83.764458, 13.141369 ], [ 83.764371, 13.13987 ], [ 83.763654, 13.127874 ], [ 83.763563, 13.126376 ], [ 83.763377, 13.123379 ], [ 83.763282, 13.12188 ], [ 83.762897, 13.115885 ], [ 83.762798, 13.114387 ], [ 83.762599, 13.11139 ], [ 83.762497, 13.109893 ], [ 83.761671, 13.097903 ], [ 83.761566, 13.096406 ], [ 83.761353, 13.09341 ], [ 83.761245, 13.091913 ], [ 83.760805, 13.08592 ], [ 83.760693, 13.084423 ], [ 83.760466, 13.081429 ], [ 83.760351, 13.079932 ], [ 83.759416, 13.06795 ], [ 83.759357, 13.067203 ], [ 83.759238, 13.065706 ], [ 83.759179, 13.064958 ], [ 83.758938, 13.061964 ], [ 83.758877, 13.061216 ], [ 83.758755, 13.05972 ], [ 83.758694, 13.058972 ], [ 83.758199, 13.052983 ], [ 83.757337, 13.043949 ], [ 83.757253, 13.04295 ], [ 83.756934, 13.039425 ], [ 83.7567, 13.037166 ], [ 83.756618, 13.036105 ], [ 83.756563, 13.03539 ], [ 83.756523, 13.034857 ], [ 83.756482, 13.034319 ], [ 83.756413, 13.033429 ], [ 83.756027, 13.028898 ], [ 83.755905, 13.027501 ], [ 83.755718, 13.025261 ], [ 83.755441, 13.022205 ], [ 83.753992, 13.006957 ], [ 83.753751, 13.003671 ], [ 83.752423, 12.988048 ], [ 83.752007, 12.983766 ], [ 83.751902, 12.982697 ], [ 83.751691, 12.980557 ], [ 83.751585, 12.979489 ], [ 83.749866, 12.962361 ], [ 83.749648, 12.960223 ], [ 83.749204, 12.955944 ], [ 83.748979, 12.953805 ], [ 83.748064, 12.945248 ], [ 83.747832, 12.94311 ], [ 83.74736, 12.938834 ], [ 83.747121, 12.936698 ], [ 83.745179, 12.919593 ], [ 83.744933, 12.917458 ], [ 83.744434, 12.913185 ], [ 83.744181, 12.911049 ], [ 83.743155, 12.902504 ], [ 83.742895, 12.90037 ], [ 83.742368, 12.8961 ], [ 83.742101, 12.893967 ], [ 83.739936, 12.876888 ], [ 83.739662, 12.874756 ], [ 83.739107, 12.870489 ], [ 83.738826, 12.868357 ], [ 83.737689, 12.859826 ], [ 83.737401, 12.857694 ], [ 83.736818, 12.853432 ], [ 83.736524, 12.851302 ], [ 83.734136, 12.834252 ], [ 83.733835, 12.832123 ], [ 83.733225, 12.827864 ], [ 83.732916, 12.825735 ], [ 83.731667, 12.817219 ], [ 83.731352, 12.815092 ], [ 83.730714, 12.810836 ], [ 83.730391, 12.808711 ], [ 83.727782, 12.791692 ], [ 83.727453, 12.789567 ], [ 83.726787, 12.785316 ], [ 83.726451, 12.783191 ], [ 83.725092, 12.774691 ], [ 83.724748, 12.772568 ], [ 83.724055, 12.768321 ], [ 83.723705, 12.7662 ], [ 83.720875, 12.749215 ], [ 83.720518, 12.747094 ], [ 83.719797, 12.742852 ], [ 83.719433, 12.740732 ], [ 83.717963, 12.73225 ], [ 83.717592, 12.730131 ], [ 83.716844, 12.725893 ], [ 83.716466, 12.723776 ], [ 83.713415, 12.706828 ], [ 83.713265, 12.705992 ], [ 83.712961, 12.704319 ], [ 83.712828, 12.703585 ], [ 83.712197, 12.700135 ], [ 83.712051, 12.699335 ], [ 83.711757, 12.697737 ], [ 83.711596, 12.696866 ], [ 83.710305, 12.689896 ], [ 83.710083, 12.688702 ], [ 83.709749, 12.686911 ], [ 83.709537, 12.685783 ], [ 83.709112, 12.683527 ], [ 83.708899, 12.682399 ], [ 83.708343, 12.67948 ], [ 83.708204, 12.67875 ], [ 83.707925, 12.67729 ], [ 83.707785, 12.676561 ], [ 83.707308, 12.674084 ], [ 83.70714, 12.67321 ], [ 83.706857, 12.67175 ], [ 83.706682, 12.670846 ], [ 83.706356, 12.669167 ], [ 83.706092, 12.667811 ], [ 83.705837, 12.666507 ], [ 83.705659, 12.665596 ], [ 83.705486, 12.664712 ], [ 83.705313, 12.663826 ], [ 83.704988, 12.662956 ], [ 83.704847, 12.662076 ], [ 83.704688, 12.661189 ], [ 83.704533, 12.660302 ], [ 83.70438, 12.659414 ], [ 83.704199, 12.658533 ], [ 83.704033, 12.657648 ], [ 83.703868, 12.656762 ], [ 83.703702, 12.655876 ], [ 83.703536, 12.65499 ], [ 83.70337, 12.654105 ], [ 83.703205, 12.653219 ], [ 83.703039, 12.652333 ], [ 83.702873, 12.651447 ], [ 83.702715, 12.650605 ], [ 83.702536, 12.649677 ], [ 83.702365, 12.648792 ], [ 83.702194, 12.647907 ], [ 83.702024, 12.647023 ], [ 83.701853, 12.646138 ], [ 83.701682, 12.645253 ], [ 83.701511, 12.644366 ], [ 83.701339, 12.643482 ], [ 83.70117, 12.642598 ], [ 83.700994, 12.641714 ], [ 83.700818, 12.64083 ], [ 83.700642, 12.639947 ], [ 83.700467, 12.639063 ], [ 83.700291, 12.638178 ], [ 83.700115, 12.637295 ], [ 83.69994, 12.636411 ], [ 83.699764, 12.635527 ], [ 83.699588, 12.634643 ], [ 83.699413, 12.633759 ], [ 83.699237, 12.632875 ], [ 83.699061, 12.631991 ], [ 83.698886, 12.631107 ], [ 83.69871, 12.630223 ], [ 83.698529, 12.629313 ], [ 83.698353, 12.628458 ], [ 83.698171, 12.627575 ], [ 83.69799, 12.626693 ], [ 83.697808, 12.625811 ], [ 83.697645, 12.624925 ], [ 83.69745, 12.624044 ], [ 83.697225, 12.623173 ], [ 83.697067, 12.622286 ], [ 83.696902, 12.621402 ], [ 83.696699, 12.620525 ], [ 83.696523, 12.619645 ], [ 83.696508, 12.618716 ], [ 83.696335, 12.617832 ], [ 83.696163, 12.616947 ], [ 83.69599, 12.616062 ], [ 83.695817, 12.615178 ], [ 83.695645, 12.614293 ], [ 83.695472, 12.613409 ], [ 83.695299, 12.612524 ], [ 83.695127, 12.61164 ], [ 83.694954, 12.610755 ], [ 83.694782, 12.609871 ], [ 83.694609, 12.608986 ], [ 83.694436, 12.608101 ], [ 83.694264, 12.607217 ], [ 83.694091, 12.606333 ], [ 83.693918, 12.605448 ], [ 83.693745, 12.604562 ], [ 83.693573, 12.603678 ], [ 83.693401, 12.602795 ], [ 83.693228, 12.60191 ], [ 83.693055, 12.601025 ], [ 83.692883, 12.600141 ], [ 83.69271, 12.599256 ], [ 83.692537, 12.598372 ], [ 83.692365, 12.597487 ], [ 83.692192, 12.596603 ], [ 83.691513, 12.593171 ], [ 83.690136, 12.58631 ], [ 83.689581, 12.583581 ], [ 83.689334, 12.582283 ], [ 83.689127, 12.581209 ], [ 83.688713, 12.579059 ], [ 83.688505, 12.577981 ], [ 83.68829, 12.576877 ], [ 83.688083, 12.575813 ], [ 83.68791, 12.574922 ], [ 83.687738, 12.574038 ], [ 83.687566, 12.573152 ], [ 83.687394, 12.572268 ], [ 83.687222, 12.571383 ], [ 83.68705, 12.570499 ], [ 83.686877, 12.569611 ], [ 83.686704, 12.56872 ], [ 83.686106, 12.565683 ], [ 83.685043, 12.560354 ], [ 83.684866, 12.559418 ], [ 83.6844, 12.556983 ], [ 83.683357, 12.551585 ], [ 83.682981, 12.549589 ], [ 83.682597, 12.547562 ], [ 83.681703, 12.542892 ], [ 83.681479, 12.541724 ], [ 83.681028, 12.53939 ], [ 83.680801, 12.538223 ], [ 83.680629, 12.53734 ], [ 83.680456, 12.536455 ], [ 83.680284, 12.535571 ], [ 83.680111, 12.534687 ], [ 83.679938, 12.533802 ], [ 83.679766, 12.532917 ], [ 83.679593, 12.532033 ], [ 83.679421, 12.531148 ], [ 83.679248, 12.530264 ], [ 83.679076, 12.529379 ], [ 83.678903, 12.528495 ], [ 83.678731, 12.52761 ], [ 83.678558, 12.526726 ], [ 83.678386, 12.525841 ], [ 83.678213, 12.524955 ], [ 83.67804, 12.524071 ], [ 83.677868, 12.523188 ], [ 83.677695, 12.522303 ], [ 83.677523, 12.521419 ], [ 83.67735, 12.520534 ], [ 83.677178, 12.51965 ], [ 83.677005, 12.518765 ], [ 83.676833, 12.51788 ], [ 83.67666, 12.516996 ], [ 83.676488, 12.516112 ], [ 83.676315, 12.515227 ], [ 83.676143, 12.514342 ], [ 83.67597, 12.513458 ], [ 83.675797, 12.512574 ], [ 83.675625, 12.511689 ], [ 83.675452, 12.510804 ], [ 83.67528, 12.50992 ], [ 83.675107, 12.509036 ], [ 83.674935, 12.508151 ], [ 83.674762, 12.507266 ], [ 83.67459, 12.506382 ], [ 83.674417, 12.505496 ], [ 83.674244, 12.504611 ], [ 83.674072, 12.503728 ], [ 83.6739, 12.502844 ], [ 83.673727, 12.50196 ], [ 83.673555, 12.501075 ], [ 83.673382, 12.50019 ], [ 83.67321, 12.499306 ], [ 83.673037, 12.498422 ], [ 83.672865, 12.497537 ], [ 83.672692, 12.496652 ], [ 83.67252, 12.495768 ], [ 83.672347, 12.494883 ], [ 83.672174, 12.493999 ], [ 83.672002, 12.493114 ], [ 83.671829, 12.49223 ], [ 83.671657, 12.491345 ], [ 83.671484, 12.490461 ], [ 83.671312, 12.489576 ], [ 83.671139, 12.488692 ], [ 83.670967, 12.487807 ], [ 83.670794, 12.486923 ], [ 83.670622, 12.486038 ], [ 83.670449, 12.485152 ], [ 83.670277, 12.484268 ], [ 83.670104, 12.483385 ], [ 83.669932, 12.4825 ], [ 83.669759, 12.481616 ], [ 83.669587, 12.480731 ], [ 83.669414, 12.479847 ], [ 83.669242, 12.478962 ], [ 83.669069, 12.478078 ], [ 83.668897, 12.477193 ], [ 83.668724, 12.476309 ], [ 83.668552, 12.475424 ], [ 83.668379, 12.47454 ], [ 83.668207, 12.473655 ], [ 83.668034, 12.47277 ], [ 83.667862, 12.471886 ], [ 83.667689, 12.471001 ], [ 83.667517, 12.470117 ], [ 83.667344, 12.469233 ], [ 83.667172, 12.468348 ], [ 83.666999, 12.467463 ], [ 83.666827, 12.466579 ], [ 83.666654, 12.465693 ], [ 83.666482, 12.464808 ], [ 83.666309, 12.463925 ], [ 83.666137, 12.463041 ], [ 83.665965, 12.462157 ], [ 83.665792, 12.461272 ], [ 83.66562, 12.460387 ], [ 83.665447, 12.459503 ], [ 83.665275, 12.458619 ], [ 83.665102, 12.457734 ], [ 83.66493, 12.456849 ], [ 83.664757, 12.455965 ], [ 83.664585, 12.455081 ], [ 83.664412, 12.454196 ], [ 83.66424, 12.453311 ], [ 83.664067, 12.452427 ], [ 83.663895, 12.451543 ], [ 83.663722, 12.450658 ], [ 83.66355, 12.449773 ], [ 83.663377, 12.448889 ], [ 83.663205, 12.448005 ], [ 83.663032, 12.44712 ], [ 83.66286, 12.446234 ], [ 83.662687, 12.445349 ], [ 83.662515, 12.444467 ], [ 83.662343, 12.443582 ], [ 83.66217, 12.442697 ], [ 83.661998, 12.441813 ], [ 83.661825, 12.440929 ], [ 83.661653, 12.440044 ], [ 83.66148, 12.439159 ], [ 83.661308, 12.438275 ], [ 83.661135, 12.437391 ], [ 83.660963, 12.436506 ], [ 83.66079, 12.435621 ], [ 83.660618, 12.434737 ], [ 83.660446, 12.433853 ], [ 83.660273, 12.432968 ], [ 83.660101, 12.432083 ], [ 83.659928, 12.431199 ], [ 83.659756, 12.430315 ], [ 83.659583, 12.42943 ], [ 83.659411, 12.428545 ], [ 83.659239, 12.427661 ], [ 83.659066, 12.426777 ], [ 83.658893, 12.42589 ], [ 83.658721, 12.425006 ], [ 83.658549, 12.424123 ], [ 83.658376, 12.423239 ], [ 83.658204, 12.422354 ], [ 83.658031, 12.421469 ], [ 83.657859, 12.420585 ], [ 83.657687, 12.419701 ], [ 83.657514, 12.418816 ], [ 83.657342, 12.417931 ], [ 83.657169, 12.417047 ], [ 83.656997, 12.416163 ], [ 83.656824, 12.415278 ], [ 83.656652, 12.414393 ], [ 83.656479, 12.413509 ], [ 83.656307, 12.412625 ], [ 83.656135, 12.41174 ], [ 83.655962, 12.410855 ], [ 83.65579, 12.409971 ], [ 83.655617, 12.409087 ], [ 83.655445, 12.408202 ], [ 83.655272, 12.407317 ], [ 83.6551, 12.406431 ], [ 83.654927, 12.405547 ], [ 83.654755, 12.404664 ], [ 83.654583, 12.403779 ], [ 83.65441, 12.402895 ], [ 83.654238, 12.402011 ], [ 83.654066, 12.401126 ], [ 83.653893, 12.400241 ], [ 83.653721, 12.399357 ], [ 83.653548, 12.398473 ], [ 83.653376, 12.397588 ], [ 83.653203, 12.396703 ], [ 83.653031, 12.395819 ], [ 83.652859, 12.394935 ], [ 83.652686, 12.39405 ], [ 83.652514, 12.393165 ], [ 83.652341, 12.392281 ], [ 83.652169, 12.391397 ], [ 83.651997, 12.390512 ], [ 83.651824, 12.389627 ], [ 83.651652, 12.388743 ], [ 83.651479, 12.387859 ], [ 83.651307, 12.386974 ], [ 83.651134, 12.386088 ], [ 83.650962, 12.385203 ], [ 83.65079, 12.384321 ], [ 83.650617, 12.383436 ], [ 83.650445, 12.382552 ], [ 83.650272, 12.381667 ], [ 83.6501, 12.380783 ], [ 83.649928, 12.379898 ], [ 83.649755, 12.379014 ], [ 83.649583, 12.378129 ], [ 83.649411, 12.377245 ], [ 83.649238, 12.37636 ], [ 83.649066, 12.375476 ], [ 83.648893, 12.374591 ], [ 83.648721, 12.373707 ], [ 83.648549, 12.372822 ], [ 83.648376, 12.371938 ], [ 83.648204, 12.371053 ], [ 83.648031, 12.370169 ], [ 83.647859, 12.369284 ], [ 83.647687, 12.3684 ], [ 83.647514, 12.367515 ], [ 83.647341, 12.366629 ], [ 83.647169, 12.365745 ], [ 83.646997, 12.364862 ], [ 83.646825, 12.363977 ], [ 83.646652, 12.363093 ], [ 83.64648, 12.362209 ], [ 83.646308, 12.361324 ], [ 83.646135, 12.360439 ], [ 83.645963, 12.359555 ], [ 83.64579, 12.358671 ], [ 83.645618, 12.357786 ], [ 83.645446, 12.356901 ], [ 83.645273, 12.356017 ], [ 83.645101, 12.355133 ], [ 83.644929, 12.354248 ], [ 83.644756, 12.353363 ], [ 83.644584, 12.352479 ], [ 83.644411, 12.351595 ], [ 83.644239, 12.35071 ], [ 83.644067, 12.349825 ], [ 83.643894, 12.348941 ], [ 83.643404, 12.346885 ], [ 83.643287, 12.346261 ], [ 83.64312, 12.345376 ], [ 83.642953, 12.34449 ], [ 83.642786, 12.343604 ], [ 83.642619, 12.342718 ], [ 83.642452, 12.341833 ], [ 83.642285, 12.340948 ], [ 83.642118, 12.340061 ], [ 83.641951, 12.339176 ], [ 83.641784, 12.338291 ], [ 83.641625, 12.337451 ], [ 83.641306, 12.335771 ], [ 83.641146, 12.334931 ], [ 83.640963, 12.333973 ], [ 83.640745, 12.332835 ], [ 83.640516, 12.331646 ], [ 83.638808, 12.323229 ], [ 83.638619, 12.322234 ], [ 83.638451, 12.321349 ], [ 83.638337, 12.320749 ], [ 83.638214, 12.3201 ], [ 83.637197, 12.314842 ], [ 83.637041, 12.314051 ], [ 83.636875, 12.313208 ], [ 83.6367, 12.312324 ], [ 83.636525, 12.31144 ], [ 83.636351, 12.310555 ], [ 83.636176, 12.309671 ], [ 83.635958, 12.308572 ], [ 83.634403, 12.300685 ], [ 83.634268, 12.300021 ], [ 83.633531, 12.296153 ], [ 83.63335, 12.295094 ], [ 83.631831, 12.287025 ], [ 83.631658, 12.286141 ], [ 83.631486, 12.285258 ], [ 83.631314, 12.284374 ], [ 83.631142, 12.283489 ], [ 83.630969, 12.282605 ], [ 83.630797, 12.28172 ], [ 83.630625, 12.280836 ], [ 83.630453, 12.279952 ], [ 83.63028, 12.279067 ], [ 83.630108, 12.278182 ], [ 83.629936, 12.277298 ], [ 83.629763, 12.276414 ], [ 83.629591, 12.275529 ], [ 83.629419, 12.274644 ], [ 83.629246, 12.27376 ], [ 83.629074, 12.272875 ], [ 83.628902, 12.271991 ], [ 83.62873, 12.271107 ], [ 83.628557, 12.270222 ], [ 83.628385, 12.269338 ], [ 83.628213, 12.268453 ], [ 83.62804, 12.267567 ], [ 83.627868, 12.266682 ], [ 83.627696, 12.2658 ], [ 83.627524, 12.264915 ], [ 83.627351, 12.264031 ], [ 83.627179, 12.263146 ], [ 83.627007, 12.262262 ], [ 83.626835, 12.261378 ], [ 83.626662, 12.260493 ], [ 83.62649, 12.259608 ], [ 83.626318, 12.258724 ], [ 83.626145, 12.25784 ], [ 83.625973, 12.256955 ], [ 83.625801, 12.25607 ], [ 83.625629, 12.255186 ], [ 83.625456, 12.254302 ], [ 83.625284, 12.253417 ], [ 83.625112, 12.252532 ], [ 83.624939, 12.251648 ], [ 83.62461, 12.250785 ], [ 83.624467, 12.249896 ], [ 83.62429, 12.249014 ], [ 83.624137, 12.248125 ], [ 83.623965, 12.247241 ], [ 83.623801, 12.246359 ], [ 83.623604, 12.245478 ], [ 83.622981, 12.242124 ], [ 83.622666, 12.240423 ], [ 83.621668, 12.235255 ], [ 83.621496, 12.234383 ], [ 83.621049, 12.232136 ], [ 83.62078, 12.230819 ], [ 83.6205, 12.229422 ], [ 83.620206, 12.227966 ], [ 83.620055, 12.227221 ], [ 83.619959, 12.226694 ], [ 83.619797, 12.225856 ], [ 83.619622, 12.224916 ], [ 83.619448, 12.224031 ], [ 83.619274, 12.223147 ], [ 83.6191, 12.222263 ], [ 83.618926, 12.221378 ], [ 83.618725, 12.2205 ], [ 83.618434, 12.219043 ], [ 83.618189, 12.217878 ], [ 83.617261, 12.212597 ], [ 83.616849, 12.210524 ], [ 83.616495, 12.208707 ], [ 83.616267, 12.207547 ], [ 83.616187, 12.207145 ], [ 83.616013, 12.206228 ], [ 83.6156, 12.204069 ], [ 83.615025, 12.200999 ], [ 83.614716, 12.19936 ], [ 83.614106, 12.196147 ], [ 83.613954, 12.195344 ], [ 83.613647, 12.193738 ], [ 83.613493, 12.192936 ], [ 83.61287, 12.189695 ], [ 83.612649, 12.188552 ], [ 83.612281, 12.186646 ], [ 83.612059, 12.185502 ], [ 83.61185, 12.184428 ], [ 83.611678, 12.183544 ], [ 83.611505, 12.18266 ], [ 83.611333, 12.181775 ], [ 83.611161, 12.180891 ], [ 83.610989, 12.180006 ], [ 83.610817, 12.179122 ], [ 83.610644, 12.178237 ], [ 83.610472, 12.177353 ], [ 83.6103, 12.176468 ], [ 83.610128, 12.175584 ], [ 83.609956, 12.1747 ], [ 83.609783, 12.173815 ], [ 83.609611, 12.17293 ], [ 83.609439, 12.172047 ], [ 83.608724, 12.168425 ], [ 83.607272, 12.161186 ], [ 83.606537, 12.157569 ], [ 83.603553, 12.143105 ], [ 83.602798, 12.139493 ], [ 83.601266, 12.132271 ], [ 83.600491, 12.128664 ], [ 83.594203, 12.099805 ], [ 83.593408, 12.096203 ], [ 83.591797, 12.089 ], [ 83.590981, 12.085402 ], [ 83.587678, 12.07101 ], [ 83.586843, 12.067417 ], [ 83.585152, 12.060234 ], [ 83.584298, 12.056648 ], [ 83.570448, 11.999227 ], [ 83.569574, 11.995647 ], [ 83.567804, 11.988482 ], [ 83.56691, 11.984903 ], [ 83.563288, 11.970585 ], [ 83.562374, 11.96701 ], [ 83.560524, 11.959863 ], [ 83.559589, 11.956294 ], [ 83.552028, 11.927733 ], [ 83.551074, 11.924168 ], [ 83.549144, 11.917039 ], [ 83.54817, 11.913479 ], [ 83.544231, 11.899239 ], [ 83.543236, 11.895683 ], [ 83.541227, 11.888573 ], [ 83.540212, 11.885021 ], [ 83.539963, 11.884158 ], [ 83.539713, 11.883291 ], [ 83.539462, 11.882422 ], [ 83.539212, 11.881554 ], [ 83.538962, 11.880688 ], [ 83.538711, 11.879819 ], [ 83.53846, 11.878951 ], [ 83.53821, 11.878084 ], [ 83.537959, 11.877215 ], [ 83.537709, 11.876347 ], [ 83.537459, 11.875481 ], [ 83.537208, 11.874612 ], [ 83.536958, 11.873744 ], [ 83.536708, 11.872878 ], [ 83.536457, 11.872009 ], [ 83.536206, 11.871141 ], [ 83.535956, 11.870274 ], [ 83.535705, 11.869405 ], [ 83.535455, 11.868537 ], [ 83.535205, 11.867671 ], [ 83.534954, 11.866802 ], [ 83.534704, 11.865934 ], [ 83.534454, 11.865068 ], [ 83.534203, 11.864198 ], [ 83.533952, 11.863331 ], [ 83.533702, 11.862464 ], [ 83.533451, 11.861595 ], [ 83.533201, 11.860727 ], [ 83.532951, 11.859861 ], [ 83.5327, 11.858992 ], [ 83.532449, 11.858124 ], [ 83.532199, 11.857257 ], [ 83.531949, 11.856388 ], [ 83.531698, 11.855521 ], [ 83.531448, 11.854654 ], [ 83.531197, 11.853785 ], [ 83.530947, 11.852917 ], [ 83.530697, 11.852051 ], [ 83.530446, 11.851182 ], [ 83.530196, 11.850314 ], [ 83.529946, 11.849448 ], [ 83.529695, 11.848578 ], [ 83.529444, 11.84771 ], [ 83.529194, 11.846844 ], [ 83.528943, 11.845975 ], [ 83.528693, 11.845107 ], [ 83.528443, 11.844239 ], [ 83.528192, 11.843372 ], [ 83.527942, 11.842505 ], [ 83.527691, 11.841636 ], [ 83.527441, 11.840768 ], [ 83.527191, 11.839902 ], [ 83.52694, 11.839033 ], [ 83.52669, 11.838165 ], [ 83.52644, 11.837298 ], [ 83.526189, 11.836429 ], [ 83.525938, 11.835562 ], [ 83.525688, 11.834695 ], [ 83.525438, 11.833826 ], [ 83.525187, 11.832958 ], [ 83.524937, 11.832092 ], [ 83.524686, 11.831223 ], [ 83.524436, 11.830355 ], [ 83.524186, 11.829489 ], [ 83.523935, 11.828619 ], [ 83.523685, 11.827751 ], [ 83.523435, 11.826885 ], [ 83.523184, 11.826016 ], [ 83.522933, 11.825148 ], [ 83.522684, 11.824282 ], [ 83.522433, 11.823413 ], [ 83.522182, 11.822545 ], [ 83.521932, 11.821679 ], [ 83.521681, 11.82081 ], [ 83.521431, 11.819942 ], [ 83.521181, 11.819075 ], [ 83.52093, 11.818206 ], [ 83.52068, 11.817338 ], [ 83.52043, 11.816472 ], [ 83.520179, 11.815603 ], [ 83.519929, 11.814735 ], [ 83.519679, 11.813869 ], [ 83.519428, 11.813 ], [ 83.519177, 11.812132 ], [ 83.518928, 11.811266 ], [ 83.518677, 11.810396 ], [ 83.518426, 11.809528 ], [ 83.518176, 11.808662 ], [ 83.517925, 11.807792 ], [ 83.517675, 11.806925 ], [ 83.517425, 11.806059 ], [ 83.517174, 11.80519 ], [ 83.516924, 11.804322 ], [ 83.516674, 11.803456 ], [ 83.516423, 11.802586 ], [ 83.516173, 11.801719 ], [ 83.515923, 11.800852 ], [ 83.515672, 11.799983 ], [ 83.515422, 11.799115 ], [ 83.515172, 11.798249 ], [ 83.514921, 11.797379 ], [ 83.514671, 11.796512 ], [ 83.514421, 11.795646 ], [ 83.51417, 11.794776 ], [ 83.513919, 11.793909 ], [ 83.513669, 11.793042 ], [ 83.513419, 11.792173 ], [ 83.513168, 11.791305 ], [ 83.512918, 11.790439 ], [ 83.512668, 11.78957 ], [ 83.512417, 11.788702 ], [ 83.512167, 11.787835 ], [ 83.511916, 11.786966 ], [ 83.511666, 11.786099 ], [ 83.511416, 11.785232 ], [ 83.511165, 11.784363 ], [ 83.510915, 11.783495 ], [ 83.510665, 11.782629 ], [ 83.510414, 11.78176 ], [ 83.510164, 11.780892 ], [ 83.509914, 11.780024 ], [ 83.509663, 11.779157 ], [ 83.509413, 11.77829 ], [ 83.509162, 11.777421 ], [ 83.508912, 11.776553 ], [ 83.508662, 11.775687 ], [ 83.508411, 11.774818 ], [ 83.508161, 11.77395 ], [ 83.507911, 11.773084 ], [ 83.50766, 11.772214 ], [ 83.50741, 11.771347 ], [ 83.50716, 11.77048 ], [ 83.506909, 11.769611 ], [ 83.506659, 11.768743 ], [ 83.506409, 11.767877 ], [ 83.506158, 11.767008 ], [ 83.505908, 11.76614 ], [ 83.505658, 11.765274 ], [ 83.505407, 11.764405 ], [ 83.505157, 11.763537 ], [ 83.504907, 11.762671 ], [ 83.504656, 11.761801 ], [ 83.504406, 11.760933 ], [ 83.504156, 11.760067 ], [ 83.503905, 11.759198 ], [ 83.503655, 11.75833 ], [ 83.503405, 11.757464 ], [ 83.503154, 11.756595 ], [ 83.502904, 11.755727 ], [ 83.502654, 11.754861 ], [ 83.502403, 11.753991 ], [ 83.502153, 11.753124 ], [ 83.501903, 11.752257 ], [ 83.501652, 11.751388 ], [ 83.501402, 11.75052 ], [ 83.501152, 11.749654 ], [ 83.500901, 11.748784 ], [ 83.500651, 11.747917 ], [ 83.500401, 11.747051 ], [ 83.50015, 11.746182 ], [ 83.4999, 11.745314 ], [ 83.49965, 11.744448 ], [ 83.499399, 11.743578 ], [ 83.499149, 11.742711 ], [ 83.498899, 11.741844 ], [ 83.498648, 11.740975 ], [ 83.498398, 11.740107 ], [ 83.498148, 11.739241 ], [ 83.497897, 11.738371 ], [ 83.497647, 11.737504 ], [ 83.497397, 11.736638 ], [ 83.497146, 11.735768 ], [ 83.496896, 11.734901 ], [ 83.496646, 11.734034 ], [ 83.496395, 11.733165 ], [ 83.496145, 11.732297 ], [ 83.495895, 11.731431 ], [ 83.495644, 11.730562 ], [ 83.495394, 11.729694 ], [ 83.495144, 11.728828 ], [ 83.494893, 11.727958 ], [ 83.494643, 11.727091 ], [ 83.494393, 11.726225 ], [ 83.494143, 11.725355 ], [ 83.493892, 11.724488 ], [ 83.493642, 11.723621 ], [ 83.493392, 11.722752 ], [ 83.493141, 11.721884 ], [ 83.492891, 11.721018 ], [ 83.492641, 11.720149 ], [ 83.49239, 11.719281 ], [ 83.49214, 11.718414 ], [ 83.49189, 11.717545 ], [ 83.49164, 11.716678 ], [ 83.491389, 11.71581 ], [ 83.491139, 11.714942 ], [ 83.490889, 11.714076 ], [ 83.490638, 11.713207 ], [ 83.490388, 11.712339 ], [ 83.490138, 11.711473 ], [ 83.489887, 11.710604 ], [ 83.489637, 11.709737 ], [ 83.489392, 11.708889 ], [ 83.488901, 11.707195 ], [ 83.488655, 11.706348 ], [ 83.487668, 11.70296 ], [ 83.487421, 11.702114 ], [ 83.486926, 11.700421 ], [ 83.486677, 11.699575 ], [ 83.484686, 11.692805 ], [ 83.484436, 11.69196 ], [ 83.483936, 11.690269 ], [ 83.483686, 11.689424 ], [ 83.482682, 11.686042 ], [ 83.48243, 11.685197 ], [ 83.481926, 11.683508 ], [ 83.481673, 11.682664 ], [ 83.477619, 11.669144 ], [ 83.47711, 11.667457 ], [ 83.476088, 11.66408 ], [ 83.475574, 11.662394 ], [ 83.473512, 11.655645 ], [ 83.472994, 11.653959 ], [ 83.471954, 11.650588 ], [ 83.471432, 11.648905 ], [ 83.467234, 11.635427 ], [ 83.466708, 11.633745 ], [ 83.46565, 11.630379 ], [ 83.465119, 11.628698 ], [ 83.462984, 11.621971 ], [ 83.462449, 11.620291 ], [ 83.461373, 11.616931 ], [ 83.460833, 11.615252 ], [ 83.456493, 11.601819 ], [ 83.455949, 11.600142 ], [ 83.454856, 11.596788 ], [ 83.454307, 11.595112 ], [ 83.452101, 11.588407 ], [ 83.451548, 11.586732 ], [ 83.450437, 11.583384 ], [ 83.44988, 11.581711 ], [ 83.445398, 11.568323 ], [ 83.444836, 11.566652 ], [ 83.443707, 11.563309 ], [ 83.44314, 11.561639 ], [ 83.440864, 11.554957 ], [ 83.440293, 11.553289 ], [ 83.439147, 11.549952 ], [ 83.438572, 11.548285 ], [ 83.433948, 11.534944 ], [ 83.433137, 11.532616 ], [ 83.431505, 11.527963 ], [ 83.430685, 11.525638 ], [ 83.427386, 11.516341 ], [ 83.426558, 11.514019 ], [ 83.424892, 11.509378 ], [ 83.424055, 11.50706 ], [ 83.41732, 11.488514 ], [ 83.416628, 11.486617 ], [ 83.415237, 11.482821 ], [ 83.414539, 11.480925 ], [ 83.411733, 11.473341 ], [ 83.411353, 11.472317 ], [ 83.410436, 11.469854 ], [ 83.409556, 11.467501 ], [ 83.40866, 11.465121 ], [ 83.408211, 11.463932 ], [ 83.407431, 11.46187 ], [ 83.406911, 11.4605 ], [ 83.402472, 11.448825 ] ] ] } },
{ "type": "Feature", "properties": { "LINE_ID": 3805, "LINE_NAME": "Connection line Andaman and Nicobar (India) - Indonesia", "LINE_TYPE": "Connection line", "TERRITORY1": "Andaman and Nicobar", "SOVEREIGN1": "India", "TERRITORY2": "Indonesia", "SOVEREIGN2": "Indonesia", "LENGTH_KM": 33.61 }, "geometry": { "type": "LineString", "coordinates": [ [ 92.398611, 4.027778 ], [ 92.160099, 3.840666 ] ] } },
{ "type": "Feature", "properties": { "LINE_ID": 3806, "LINE_NAME": "Connection line Thailand - Andaman and Nicobar (India)", "LINE_TYPE": "Connection line", "TERRITORY1": "Thailand", "SOVEREIGN1": "Thailand", "TERRITORY2": "Andaman and Nicobar", "SOVEREIGN2": "India", "LENGTH_KM": 32.74 }, "geometry": { "type": "LineString", "coordinates": [ [ 95.608611, 9.288333 ], [ 95.603431, 9.584287 ] ] } },
{ "type": "Feature", "properties": { "LINE_ID": 3864, "LINE_NAME": "Connection line Bangladesh - India", "LINE_TYPE": "Connection line", "TERRITORY1": "Bangladesh", "SOVEREIGN1": "Bangladesh", "TERRITORY2": "India", "SOVEREIGN2": "India", "LENGTH_KM": 2.46 }, "geometry": { "type": "LineString", "coordinates": [ [ 89.155556, 21.6445 ], [ 89.150013, 21.666097 ] ] } },
{ "type": "Feature", "properties": { "LINE_ID": 3898, "LINE_NAME": "Connection line Thailand - Andaman and Nicobar (India)", "LINE_TYPE": "Connection line", "TERRITORY1": "Thailand", "SOVEREIGN1": "Thailand", "TERRITORY2": "Andaman and Nicobar", "SOVEREIGN2": "India", "LENGTH_KM": 1.11 }, "geometry": { "type": "LineString", "coordinates": [ [ 95.595222, 9.624571 ], [ 95.590278, 9.633333 ] ] } },
{ "type": "Feature", "properties": { "LINE_ID": 3936, "LINE_NAME": "Connection line Maldives - India", "LINE_TYPE": "Connection line", "TERRITORY1": "Maldives", "SOVEREIGN1": "Maldives", "TERRITORY2": "India", "SOVEREIGN2": "India", "LENGTH_KM": 13.23 }, "geometry": { "type": "LineString", "coordinates": [ [ 69.595833, 7.9575 ], [ 69.478339, 7.933371 ] ] } },
{ "type": "Feature", "properties": { "LINE_ID": 3937, "LINE_NAME": "Connection line Sri Lanka - India", "LINE_TYPE": "Connection line", "TERRITORY1": "Sri Lanka", "SOVEREIGN1": "Sri Lanka", "TERRITORY2": "India", "SOVEREIGN2": "India", "LENGTH_KM": 3.95 }, "geometry": { "type": "LineString", "coordinates": [ [ 83.366667, 11.443333 ], [ 83.402472, 11.448825 ] ] } },
{ "type": "Feature", "properties": { "LINE_ID": 3938, "LINE_NAME": "Connection line Andaman and Nicobar (India) - Myanmar", "LINE_TYPE": "Connection line", "TERRITORY1": "Andaman and Nicobar", "SOVEREIGN1": "India", "TERRITORY2": "Myanmar", "SOVEREIGN2": "Myanmar", "LENGTH_KM": 0.91 }, "geometry": { "type": "LineString", "coordinates": [ [ 90.233611, 15.713889 ], [ 90.226375, 15.718269 ] ] } },
{ "type": "Feature", "properties": { "LINE_ID": 3460, "LINE_NAME": "Thailand - Andaman and Nicobar (India)", "LINE_TYPE": "Median line", "TERRITORY1": "Thailand", "SOVEREIGN1": "Thailand", "TERRITORY2": "Andaman and Nicobar", "SOVEREIGN2": "India", "LENGTH_KM": 4.55 }, "geometry": { "type": "LineString", "coordinates": [ [ 95.595222, 9.624571 ], [ 95.603431, 9.584287 ] ] } },
{ "type": "Feature", "properties": { "LINE_ID": 3556, "LINE_NAME": "Pakistan - India", "LINE_TYPE": "Median line", "TERRITORY1": "Pakistan", "SOVEREIGN1": "Pakistan", "TERRITORY2": "India", "SOVEREIGN2": "India", "LENGTH_KM": 461.31 }, "geometry": { "type": "MultiLineString", "coordinates": [ [ [ 65.63915, 20.98034 ], [ 66.297634, 21.522234 ], [ 66.453145, 21.647763 ], [ 66.627834, 21.793714 ], [ 66.658581, 21.820395 ], [ 66.758579, 21.905164 ], [ 66.769006, 21.913788 ], [ 66.853669, 21.985761 ], [ 66.85864, 21.990048 ], [ 66.958035, 22.073558 ], [ 66.968862, 22.082406 ], [ 67.058433, 22.159101 ], [ 67.132441, 22.220614 ], [ 67.139776, 22.226616 ], [ 67.168143, 22.251082 ], [ 67.233257, 22.34052 ], [ 67.42379, 22.639572 ], [ 67.438769, 22.663358 ], [ 67.470565, 22.713848 ], [ 67.586184, 22.959608 ], [ 67.596287, 22.981016 ], [ 67.713811, 23.230035 ], [ 67.797169, 23.314523 ], [ 67.920118, 23.438253 ], [ 67.995974, 23.518836 ], [ 68.022507, 23.546322 ], [ 68.030229, 23.554321 ], [ 68.032305, 23.556445 ], [ 68.048339, 23.572856 ], [ 68.062889, 23.58775 ], [ 68.06694, 23.591489 ], [ 68.085085, 23.608244 ], [ 68.085493, 23.608678 ], [ 68.085942, 23.609156 ], [ 68.103984, 23.628329 ], [ 68.111521, 23.636339 ], [ 68.118722, 23.642994 ], [ 68.120207, 23.643692 ], [ 68.141868, 23.653867 ], [ 68.144048, 23.655229 ], [ 68.16448, 23.666218 ], [ 68.167856, 23.668864 ], [ 68.170806, 23.670688 ], [ 68.181226, 23.677424 ], [ 68.182631, 23.678494 ] ], [ [ 68.182631, 23.678494 ], [ 68.182698, 23.678545 ], [ 68.182708, 23.679317 ], [ 68.182746, 23.682263 ], [ 68.182767, 23.683927 ], [ 68.182921, 23.695921 ], [ 68.182923, 23.696119 ], [ 68.182924, 23.696316 ], [ 68.182925, 23.696512 ], [ 68.182925, 23.696709 ], [ 68.182924, 23.696905 ], [ 68.182923, 23.697088 ], [ 68.182893, 23.697282 ], [ 68.18286, 23.69749 ], [ 68.181532, 23.705742 ], [ 68.181502, 23.705924 ], [ 68.181471, 23.706107 ], [ 68.18144, 23.706289 ], [ 68.181408, 23.706471 ], [ 68.181375, 23.706652 ], [ 68.181341, 23.706833 ], [ 68.181307, 23.707014 ], [ 68.181272, 23.707195 ], [ 68.181237, 23.707375 ], [ 68.181201, 23.707555 ], [ 68.18119, 23.707608 ], [ 68.181178, 23.707637 ], [ 68.181105, 23.707815 ], [ 68.181031, 23.707993 ], [ 68.180956, 23.70817 ], [ 68.180881, 23.708347 ], [ 68.180805, 23.708523 ], [ 68.180729, 23.708699 ], [ 68.180652, 23.708874 ], [ 68.180574, 23.709049 ], [ 68.180496, 23.709222 ], [ 68.180417, 23.709396 ], [ 68.180338, 23.709569 ], [ 68.180258, 23.709741 ], [ 68.180254, 23.709748 ], [ 68.180248, 23.709797 ], [ 68.180242, 23.709844 ], [ 68.180227, 23.709961 ], [ 68.180213, 23.710066 ], [ 68.180198, 23.710184 ], [ 68.180185, 23.710288 ], [ 68.18017, 23.710407 ], [ 68.180156, 23.71051 ], [ 68.180141, 23.710629 ], [ 68.180128, 23.710732 ], [ 68.180113, 23.710852 ], [ 68.180099, 23.710954 ], [ 68.180084, 23.711075 ], [ 68.180071, 23.711175 ], [ 68.180043, 23.711397 ], [ 68.180016, 23.711618 ], [ 68.179244, 23.718159 ], [ 68.179222, 23.718342 ], [ 68.179199, 23.718525 ], [ 68.179174, 23.718708 ], [ 68.179149, 23.71889 ], [ 68.179123, 23.719071 ], [ 68.179097, 23.719252 ], [ 68.179069, 23.719433 ], [ 68.17904, 23.719613 ], [ 68.179011, 23.719793 ], [ 68.178981, 23.719973 ], [ 68.17895, 23.720152 ], [ 68.178918, 23.72033 ], [ 68.178885, 23.720508 ], [ 68.178852, 23.720686 ], [ 68.178817, 23.720863 ], [ 68.178812, 23.720889 ], [ 68.178823, 23.721061 ], [ 68.178835, 23.721261 ], [ 68.178845, 23.721461 ], [ 68.178855, 23.721661 ], [ 68.178863, 23.721859 ], [ 68.178871, 23.722058 ], [ 68.178877, 23.722256 ], [ 68.178883, 23.722453 ], [ 68.178885, 23.722543 ], [ 68.178885, 23.727584 ], [ 68.178884, 23.727743 ], [ 68.178882, 23.727902 ], [ 68.178879, 23.728061 ], [ 68.178876, 23.728219 ], [ 68.178872, 23.728377 ], [ 68.178824, 23.729853 ], [ 68.179974, 23.73298 ], [ 68.180036, 23.733152 ], [ 68.180096, 23.733324 ], [ 68.180156, 23.733497 ], [ 68.180214, 23.733669 ], [ 68.180271, 23.733842 ], [ 68.180326, 23.734015 ], [ 68.180381, 23.734188 ], [ 68.180434, 23.734361 ], [ 68.180485, 23.734535 ], [ 68.180536, 23.734708 ], [ 68.180585, 23.734882 ], [ 68.180633, 23.735056 ], [ 68.180679, 23.73523 ], [ 68.180725, 23.735404 ], [ 68.180769, 23.735578 ], [ 68.180812, 23.735752 ], [ 68.180853, 23.735927 ], [ 68.180893, 23.736101 ], [ 68.180932, 23.736276 ], [ 68.18097, 23.736451 ], [ 68.181656, 23.739758 ], [ 68.181917, 23.741016 ], [ 68.182002, 23.741147 ], [ 68.182101, 23.741298 ], [ 68.182201, 23.741448 ], [ 68.182302, 23.741596 ], [ 68.182404, 23.741745 ], [ 68.182507, 23.741892 ], [ 68.182611, 23.742038 ], [ 68.182716, 23.742184 ], [ 68.182822, 23.742329 ], [ 68.182929, 23.742473 ], [ 68.183037, 23.742617 ], [ 68.183146, 23.742759 ], [ 68.183256, 23.742901 ], [ 68.183367, 23.743042 ], [ 68.183479, 23.743182 ], [ 68.183592, 23.743322 ], [ 68.183706, 23.743461 ], [ 68.183821, 23.743599 ], [ 68.183937, 23.743736 ], [ 68.184054, 23.743872 ], [ 68.184172, 23.744008 ], [ 68.184291, 23.744142 ], [ 68.184411, 23.744276 ], [ 68.184532, 23.74441 ], [ 68.185171, 23.745104 ], [ 68.185293, 23.745238 ], [ 68.185414, 23.745373 ], [ 68.185534, 23.745509 ], [ 68.185653, 23.745646 ], [ 68.185741, 23.745749 ], [ 68.185767, 23.745801 ], [ 68.185843, 23.745959 ], [ 68.186736, 23.747839 ], [ 68.187515, 23.748831 ], [ 68.188375, 23.750705 ], [ 68.188449, 23.750865 ], [ 68.188525, 23.751024 ], [ 68.188602, 23.751182 ], [ 68.188679, 23.75134 ], [ 68.188758, 23.751497 ], [ 68.188838, 23.751653 ], [ 68.188919, 23.751808 ], [ 68.189001, 23.751963 ], [ 68.189084, 23.752118 ], [ 68.189168, 23.752271 ], [ 68.189253, 23.752425 ], [ 68.189339, 23.752577 ], [ 68.189426, 23.752729 ], [ 68.189515, 23.75288 ], [ 68.189604, 23.75303 ], [ 68.189694, 23.75318 ], [ 68.189786, 23.753329 ], [ 68.189878, 23.753478 ], [ 68.189972, 23.753625 ], [ 68.190067, 23.753773 ], [ 68.190162, 23.753919 ], [ 68.190259, 23.754065 ], [ 68.190357, 23.75421 ], [ 68.190456, 23.754355 ], [ 68.19046, 23.754362 ], [ 68.190496, 23.754401 ], [ 68.190618, 23.754534 ], [ 68.19074, 23.754665 ], [ 68.190864, 23.754796 ], [ 68.190988, 23.754926 ], [ 68.191113, 23.755055 ], [ 68.191239, 23.755183 ], [ 68.191366, 23.75531 ], [ 68.191494, 23.755436 ], [ 68.191623, 23.755561 ], [ 68.191753, 23.755685 ], [ 68.191883, 23.755808 ], [ 68.192015, 23.75593 ], [ 68.192147, 23.756051 ], [ 68.192281, 23.756171 ], [ 68.192415, 23.756291 ], [ 68.192525, 23.756388 ], [ 68.19255, 23.756409 ], [ 68.192658, 23.756504 ], [ 68.192685, 23.756528 ], [ 68.19279, 23.75662 ], [ 68.19282, 23.756646 ], [ 68.192922, 23.756736 ], [ 68.192955, 23.756765 ], [ 68.193048, 23.756847 ], [ 68.193071, 23.756879 ], [ 68.193081, 23.756893 ], [ 68.193177, 23.757028 ], [ 68.193187, 23.757042 ], [ 68.193283, 23.757176 ], [ 68.193293, 23.757191 ], [ 68.193388, 23.757325 ], [ 68.193399, 23.75734 ], [ 68.193494, 23.757473 ], [ 68.193506, 23.757489 ], [ 68.1936, 23.757621 ], [ 68.193612, 23.757639 ], [ 68.193705, 23.75777 ], [ 68.193718, 23.757788 ], [ 68.193811, 23.757918 ], [ 68.193824, 23.757937 ], [ 68.193917, 23.758067 ], [ 68.19393, 23.758086 ], [ 68.194022, 23.758215 ], [ 68.194036, 23.758235 ], [ 68.194128, 23.758364 ], [ 68.194143, 23.758384 ], [ 68.194249, 23.758533 ], [ 68.194356, 23.758681 ], [ 68.194464, 23.758828 ], [ 68.194574, 23.758974 ], [ 68.194684, 23.759119 ], [ 68.194795, 23.759263 ], [ 68.194907, 23.759406 ], [ 68.19502, 23.759548 ], [ 68.195134, 23.759689 ], [ 68.195249, 23.759829 ], [ 68.195365, 23.759968 ], [ 68.195482, 23.760105 ], [ 68.1956, 23.760242 ], [ 68.195718, 23.760378 ], [ 68.195838, 23.760512 ], [ 68.195959, 23.760646 ], [ 68.196763, 23.761523 ], [ 68.196883, 23.761655 ], [ 68.197001, 23.761789 ], [ 68.197119, 23.761924 ], [ 68.197236, 23.762059 ], [ 68.197352, 23.762196 ], [ 68.197466, 23.762333 ], [ 68.19758, 23.762471 ], [ 68.197693, 23.762611 ], [ 68.197805, 23.762751 ], [ 68.197915, 23.762892 ], [ 68.198025, 23.763035 ], [ 68.198134, 23.763178 ], [ 68.198241, 23.763322 ], [ 68.198311, 23.763417 ], [ 68.198348, 23.763466 ], [ 68.198418, 23.763562 ], [ 68.198455, 23.763611 ], [ 68.198525, 23.763706 ], [ 68.198562, 23.763756 ], [ 68.198632, 23.763851 ], [ 68.198669, 23.763901 ], [ 68.198739, 23.763996 ], [ 68.198777, 23.764045 ], [ 68.198847, 23.76414 ], [ 68.198884, 23.76419 ], [ 68.198954, 23.764285 ], [ 68.198991, 23.764335 ], [ 68.199061, 23.76443 ], [ 68.199098, 23.764479 ], [ 68.199168, 23.764574 ], [ 68.199205, 23.764624 ], [ 68.199275, 23.764719 ], [ 68.199312, 23.764769 ], [ 68.199382, 23.764864 ], [ 68.199419, 23.764913 ], [ 68.199489, 23.765009 ], [ 68.199507, 23.765033 ], [ 68.199526, 23.765058 ], [ 68.199596, 23.765153 ], [ 68.199633, 23.765203 ], [ 68.199703, 23.765298 ], [ 68.19974, 23.765348 ], [ 68.199792, 23.765419 ], [ 68.199806, 23.765445 ], [ 68.199827, 23.765481 ], [ 68.199892, 23.765601 ], [ 68.199912, 23.765636 ], [ 68.199979, 23.765758 ], [ 68.199997, 23.765792 ], [ 68.200065, 23.765914 ], [ 68.200083, 23.765947 ], [ 68.200151, 23.766071 ], [ 68.200168, 23.766102 ], [ 68.200237, 23.766228 ], [ 68.200253, 23.766257 ], [ 68.200323, 23.766384 ], [ 68.200339, 23.766412 ], [ 68.20041, 23.766541 ], [ 68.200424, 23.766567 ], [ 68.200496, 23.766697 ], [ 68.200509, 23.766722 ], [ 68.200582, 23.766854 ], [ 68.200595, 23.766877 ], [ 68.200668, 23.767011 ], [ 68.20068, 23.767032 ], [ 68.200755, 23.767167 ], [ 68.200766, 23.767187 ], [ 68.200841, 23.767324 ], [ 68.200851, 23.767342 ], [ 68.200927, 23.76748 ], [ 68.200936, 23.767497 ], [ 68.201013, 23.767637 ], [ 68.201022, 23.767652 ], [ 68.201099, 23.767793 ], [ 68.201107, 23.767807 ], [ 68.201186, 23.76795 ], [ 68.201192, 23.767962 ], [ 68.201272, 23.768107 ], [ 68.201278, 23.768117 ], [ 68.201358, 23.768263 ], [ 68.201363, 23.768272 ], [ 68.201444, 23.76842 ], [ 68.201448, 23.768427 ], [ 68.20153, 23.768576 ], [ 68.201534, 23.768582 ], [ 68.201617, 23.768733 ], [ 68.201619, 23.768737 ], [ 68.201703, 23.76889 ], [ 68.201704, 23.768892 ], [ 68.201789, 23.769046 ], [ 68.201876, 23.769202 ], [ 68.201965, 23.769357 ], [ 68.202055, 23.769512 ], [ 68.202145, 23.769666 ], [ 68.202237, 23.769819 ], [ 68.202331, 23.769972 ], [ 68.202425, 23.770124 ], [ 68.20252, 23.770275 ], [ 68.202617, 23.770426 ], [ 68.202715, 23.770576 ], [ 68.202814, 23.770725 ], [ 68.202896, 23.770847 ], [ 68.202901, 23.770862 ], [ 68.202902, 23.770867 ], [ 68.202906, 23.770878 ], [ 68.202956, 23.771042 ], [ 68.202959, 23.771053 ], [ 68.20301, 23.771217 ], [ 68.203013, 23.771229 ], [ 68.203064, 23.771393 ], [ 68.203116, 23.771568 ], [ 68.203167, 23.771744 ], [ 68.203216, 23.771919 ], [ 68.203265, 23.772095 ], [ 68.203311, 23.772271 ], [ 68.203357, 23.772447 ], [ 68.203401, 23.772623 ], [ 68.203443, 23.772799 ], [ 68.203484, 23.772975 ], [ 68.203524, 23.773151 ], [ 68.203562, 23.773328 ], [ 68.203599, 23.773504 ], [ 68.203635, 23.773681 ], [ 68.203669, 23.773858 ], [ 68.203701, 23.774035 ], [ 68.203709, 23.77408 ], [ 68.203733, 23.774212 ], [ 68.203741, 23.774253 ], [ 68.203766, 23.774389 ], [ 68.203773, 23.774427 ], [ 68.203798, 23.774566 ], [ 68.203804, 23.774601 ], [ 68.20383, 23.774743 ], [ 68.203836, 23.774775 ], [ 68.203862, 23.77492 ], [ 68.203868, 23.774949 ], [ 68.203895, 23.775096 ], [ 68.203899, 23.775123 ], [ 68.203927, 23.775273 ], [ 68.203931, 23.775297 ], [ 68.203959, 23.77545 ], [ 68.203963, 23.775471 ], [ 68.203992, 23.775627 ], [ 68.203995, 23.775645 ], [ 68.204024, 23.775804 ], [ 68.204026, 23.775819 ], [ 68.204056, 23.775981 ], [ 68.204058, 23.775992 ], [ 68.204088, 23.776158 ], [ 68.20409, 23.776166 ], [ 68.204121, 23.776335 ], [ 68.204121, 23.77634 ], [ 68.204153, 23.776512 ], [ 68.204153, 23.776514 ], [ 68.204157, 23.776535 ], [ 68.204185, 23.776688 ], [ 68.204185, 23.776689 ], [ 68.204217, 23.776862 ], [ 68.204217, 23.776866 ], [ 68.204248, 23.777036 ], [ 68.20425, 23.777043 ], [ 68.20428, 23.77721 ], [ 68.204282, 23.77722 ], [ 68.204312, 23.777384 ], [ 68.204314, 23.777396 ], [ 68.204343, 23.777558 ], [ 68.204346, 23.777573 ], [ 68.204375, 23.777731 ], [ 68.204379, 23.77775 ], [ 68.204407, 23.777905 ], [ 68.204411, 23.777927 ], [ 68.204439, 23.778079 ], [ 68.204443, 23.778104 ], [ 68.20447, 23.778253 ], [ 68.204476, 23.778281 ], [ 68.204502, 23.778427 ], [ 68.204508, 23.778458 ], [ 68.204534, 23.778601 ], [ 68.20454, 23.778635 ], [ 68.204565, 23.778775 ], [ 68.204572, 23.778812 ], [ 68.204597, 23.778949 ], [ 68.204605, 23.778989 ], [ 68.204629, 23.779123 ], [ 68.204662, 23.779296 ], [ 68.204696, 23.779469 ], [ 68.204731, 23.779642 ], [ 68.204768, 23.779815 ], [ 68.204806, 23.779987 ], [ 68.204846, 23.780158 ], [ 68.204887, 23.780329 ], [ 68.205683, 23.783536 ], [ 68.205729, 23.783713 ], [ 68.205776, 23.78389 ], [ 68.205824, 23.784067 ], [ 68.205874, 23.784244 ], [ 68.205926, 23.784422 ], [ 68.205979, 23.784599 ], [ 68.205987, 23.784627 ], [ 68.205983, 23.78468 ], [ 68.205979, 23.784727 ], [ 68.205975, 23.784776 ], [ 68.205968, 23.784858 ], [ 68.20596, 23.784953 ], [ 68.205954, 23.785035 ], [ 68.205945, 23.78513 ], [ 68.205939, 23.785213 ], [ 68.20593, 23.785308 ], [ 68.205924, 23.785391 ], [ 68.205916, 23.785485 ], [ 68.205909, 23.785569 ], [ 68.205901, 23.785662 ], [ 68.205894, 23.785747 ], [ 68.205886, 23.785839 ], [ 68.205879, 23.785925 ], [ 68.205871, 23.786016 ], [ 68.205864, 23.786103 ], [ 68.205857, 23.786194 ], [ 68.20585, 23.78628 ], [ 68.205842, 23.786371 ], [ 68.205835, 23.786458 ], [ 68.205827, 23.786548 ], [ 68.20582, 23.786636 ], [ 68.205812, 23.786725 ], [ 68.205805, 23.786814 ], [ 68.205797, 23.786902 ], [ 68.20579, 23.786992 ], [ 68.205783, 23.78708 ], [ 68.205775, 23.78717 ], [ 68.205768, 23.787257 ], [ 68.205761, 23.787348 ], [ 68.205756, 23.787398 ], [ 68.205753, 23.787434 ], [ 68.205746, 23.787525 ], [ 68.205738, 23.787611 ], [ 68.205731, 23.787703 ], [ 68.205723, 23.787788 ], [ 68.205716, 23.787881 ], [ 68.205709, 23.787965 ], [ 68.205701, 23.788059 ], [ 68.205694, 23.788143 ], [ 68.205686, 23.788237 ], [ 68.205679, 23.78832 ], [ 68.205671, 23.788415 ], [ 68.205664, 23.788497 ], [ 68.205657, 23.788593 ], [ 68.205649, 23.788674 ], [ 68.205642, 23.788771 ], [ 68.205635, 23.788851 ], [ 68.205627, 23.788948 ], [ 68.20562, 23.789029 ], [ 68.205612, 23.789126 ], [ 68.205605, 23.789206 ], [ 68.205597, 23.789304 ], [ 68.20559, 23.789383 ], [ 68.205582, 23.789482 ], [ 68.205576, 23.78956 ], [ 68.205568, 23.78966 ], [ 68.205561, 23.789737 ], [ 68.205553, 23.789838 ], [ 68.205546, 23.789915 ], [ 68.205538, 23.790016 ], [ 68.205533, 23.790066 ], [ 68.205528, 23.790092 ], [ 68.205523, 23.790119 ], [ 68.205492, 23.790269 ], [ 68.205487, 23.790297 ], [ 68.205456, 23.790446 ], [ 68.205451, 23.790475 ], [ 68.205421, 23.790623 ], [ 68.205415, 23.790653 ], [ 68.205385, 23.7908 ], [ 68.205379, 23.790832 ], [ 68.205349, 23.790978 ], [ 68.205343, 23.79101 ], [ 68.205313, 23.791155 ], [ 68.205307, 23.791188 ], [ 68.205277, 23.791332 ], [ 68.205271, 23.791366 ], [ 68.205241, 23.791509 ], [ 68.205234, 23.791544 ], [ 68.205205, 23.791686 ], [ 68.205198, 23.791722 ], [ 68.20517, 23.791864 ], [ 68.205168, 23.791873 ], [ 68.205162, 23.791901 ], [ 68.205134, 23.792041 ], [ 68.205126, 23.792079 ], [ 68.205098, 23.792218 ], [ 68.20509, 23.792257 ], [ 68.205062, 23.792395 ], [ 68.205054, 23.792435 ], [ 68.205026, 23.792572 ], [ 68.205018, 23.792613 ], [ 68.20499, 23.79275 ], [ 68.204982, 23.792791 ], [ 68.204954, 23.792927 ], [ 68.204946, 23.79297 ], [ 68.204919, 23.793104 ], [ 68.20491, 23.793148 ], [ 68.204883, 23.793281 ], [ 68.204874, 23.793326 ], [ 68.204847, 23.793458 ], [ 68.204838, 23.793504 ], [ 68.204811, 23.793636 ], [ 68.204802, 23.793682 ], [ 68.204775, 23.793813 ], [ 68.204766, 23.79386 ], [ 68.204739, 23.79399 ], [ 68.20473, 23.794039 ], [ 68.204703, 23.794167 ], [ 68.204694, 23.794217 ], [ 68.204668, 23.794344 ], [ 68.204658, 23.794395 ], [ 68.204632, 23.794521 ], [ 68.204622, 23.794573 ], [ 68.204596, 23.794699 ], [ 68.204586, 23.794751 ], [ 68.20456, 23.794876 ], [ 68.204549, 23.79493 ], [ 68.204513, 23.795107 ], [ 68.204475, 23.795285 ], [ 68.204435, 23.795462 ], [ 68.204394, 23.795638 ], [ 68.204352, 23.795813 ], [ 68.204308, 23.795988 ], [ 68.204262, 23.796162 ], [ 68.204215, 23.796335 ], [ 68.204166, 23.796508 ], [ 68.204116, 23.79668 ], [ 68.204064, 23.796852 ], [ 68.204011, 23.797023 ], [ 68.203956, 23.797193 ], [ 68.2039, 23.797363 ], [ 68.203842, 23.797532 ], [ 68.203782, 23.7977 ], [ 68.203721, 23.797868 ], [ 68.203659, 23.798035 ], [ 68.203595, 23.798201 ], [ 68.20353, 23.798367 ], [ 68.203463, 23.798532 ], [ 68.203396, 23.798692 ], [ 68.203394, 23.798696 ], [ 68.203328, 23.798854 ], [ 68.203326, 23.798861 ], [ 68.203261, 23.799017 ], [ 68.203257, 23.799025 ], [ 68.203193, 23.799179 ], [ 68.203189, 23.79919 ], [ 68.203125, 23.799342 ], [ 68.20312, 23.799354 ], [ 68.203058, 23.799504 ], [ 68.203052, 23.799519 ], [ 68.20299, 23.799667 ], [ 68.202983, 23.799683 ], [ 68.202922, 23.799829 ], [ 68.202915, 23.799848 ], [ 68.202854, 23.799992 ], [ 68.202846, 23.800012 ], [ 68.202787, 23.800154 ], [ 68.202778, 23.800177 ], [ 68.202719, 23.800317 ], [ 68.202709, 23.800341 ], [ 68.202651, 23.800479 ], [ 68.202641, 23.800506 ], [ 68.202584, 23.800642 ], [ 68.202572, 23.80067 ], [ 68.202516, 23.800804 ], [ 68.202504, 23.800835 ], [ 68.202448, 23.800967 ], [ 68.202435, 23.800999 ], [ 68.202381, 23.80113 ], [ 68.202367, 23.801164 ], [ 68.202313, 23.801292 ], [ 68.202298, 23.801328 ], [ 68.202245, 23.801455 ], [ 68.20223, 23.801493 ], [ 68.202178, 23.801617 ], [ 68.202161, 23.801657 ], [ 68.20211, 23.80178 ], [ 68.202093, 23.801822 ], [ 68.202042, 23.801942 ], [ 68.202024, 23.801986 ], [ 68.201975, 23.802105 ], [ 68.201956, 23.802151 ], [ 68.201907, 23.802267 ], [ 68.201887, 23.802315 ], [ 68.201839, 23.80243 ], [ 68.201773, 23.802593 ], [ 68.201708, 23.802756 ], [ 68.201644, 23.80292 ], [ 68.201582, 23.803085 ], [ 68.201521, 23.803251 ], [ 68.201462, 23.803417 ], [ 68.201404, 23.803583 ], [ 68.201379, 23.803659 ], [ 68.201347, 23.80375 ], [ 68.201326, 23.803815 ], [ 68.201291, 23.803917 ], [ 68.201273, 23.803971 ], [ 68.201234, 23.804084 ], [ 68.201219, 23.804127 ], [ 68.201177, 23.804251 ], [ 68.201166, 23.804283 ], [ 68.20112, 23.804418 ], [ 68.201113, 23.804438 ], [ 68.201063, 23.804585 ], [ 68.20106, 23.804594 ], [ 68.201006, 23.804752 ], [ 68.200969, 23.804863 ], [ 68.200943, 23.804986 ], [ 68.200908, 23.80516 ], [ 68.200874, 23.805334 ], [ 68.200841, 23.805509 ], [ 68.200838, 23.805526 ], [ 68.200809, 23.805683 ], [ 68.200806, 23.805702 ], [ 68.200777, 23.805858 ], [ 68.200773, 23.805879 ], [ 68.200745, 23.806032 ], [ 68.200741, 23.806055 ], [ 68.200712, 23.806207 ], [ 68.200708, 23.806232 ], [ 68.20068, 23.806382 ], [ 68.200676, 23.806408 ], [ 68.200648, 23.806556 ], [ 68.200643, 23.806585 ], [ 68.200616, 23.806731 ], [ 68.20061, 23.806761 ], [ 68.200584, 23.806905 ], [ 68.200578, 23.806938 ], [ 68.200551, 23.80708 ], [ 68.200545, 23.807114 ], [ 68.200519, 23.807254 ], [ 68.200513, 23.807291 ], [ 68.200487, 23.807429 ], [ 68.20048, 23.807467 ], [ 68.200455, 23.807604 ], [ 68.200448, 23.807644 ], [ 68.200423, 23.807778 ], [ 68.200415, 23.80782 ], [ 68.20039, 23.807953 ], [ 68.200383, 23.807997 ], [ 68.200358, 23.808127 ], [ 68.20035, 23.808173 ], [ 68.200326, 23.808302 ], [ 68.200318, 23.80835 ], [ 68.200294, 23.808476 ], [ 68.200285, 23.808526 ], [ 68.200262, 23.808651 ], [ 68.200253, 23.808703 ], [ 68.200229, 23.808826 ], [ 68.20022, 23.808879 ], [ 68.200197, 23.809 ], [ 68.200187, 23.809056 ], [ 68.200165, 23.809175 ], [ 68.200155, 23.809232 ], [ 68.200133, 23.809349 ], [ 68.200122, 23.809409 ], [ 68.200101, 23.809524 ], [ 68.20007, 23.809699 ], [ 68.20004, 23.809874 ], [ 68.200012, 23.810049 ], [ 68.199986, 23.810225 ], [ 68.199961, 23.810401 ], [ 68.199938, 23.810577 ], [ 68.199916, 23.810753 ], [ 68.199896, 23.81093 ], [ 68.199878, 23.811107 ], [ 68.199861, 23.811285 ], [ 68.199849, 23.811427 ], [ 68.199846, 23.811462 ], [ 68.199836, 23.811582 ], [ 68.199831, 23.81164 ], [ 68.199823, 23.811737 ], [ 68.199815, 23.811817 ], [ 68.199809, 23.811892 ], [ 68.1998, 23.811995 ], [ 68.199796, 23.812047 ], [ 68.199785, 23.812173 ], [ 68.199771, 23.812351 ], [ 68.199758, 23.812529 ], [ 68.199747, 23.812707 ], [ 68.199738, 23.812886 ], [ 68.199737, 23.812898 ], [ 68.199729, 23.813065 ], [ 68.199728, 23.813079 ], [ 68.19972, 23.813243 ], [ 68.199719, 23.813259 ], [ 68.19971, 23.813422 ], [ 68.19971, 23.813439 ], [ 68.199701, 23.813601 ], [ 68.1997, 23.81362 ], [ 68.199692, 23.813779 ], [ 68.199691, 23.8138 ], [ 68.199683, 23.813958 ], [ 68.199682, 23.81398 ], [ 68.199673, 23.814137 ], [ 68.199672, 23.814161 ], [ 68.199664, 23.814316 ], [ 68.199663, 23.814341 ], [ 68.199659, 23.814411 ], [ 68.199655, 23.814494 ], [ 68.199654, 23.814521 ], [ 68.199646, 23.814673 ], [ 68.199645, 23.814702 ], [ 68.199637, 23.814852 ], [ 68.199635, 23.814882 ], [ 68.199627, 23.815031 ], [ 68.199626, 23.815062 ], [ 68.199618, 23.815209 ], [ 68.199617, 23.815243 ], [ 68.199609, 23.815388 ], [ 68.199608, 23.815411 ], [ 68.199608, 23.815423 ], [ 68.199608, 23.815443 ], [ 68.199609, 23.815602 ], [ 68.199609, 23.815623 ], [ 68.199611, 23.815782 ], [ 68.199611, 23.815803 ], [ 68.199612, 23.815961 ], [ 68.199612, 23.815983 ], [ 68.199613, 23.816141 ], [ 68.199613, 23.816163 ], [ 68.199614, 23.816321 ], [ 68.199614, 23.816343 ], [ 68.199615, 23.8165 ], [ 68.199615, 23.816523 ], [ 68.199617, 23.81668 ], [ 68.199617, 23.816703 ], [ 68.199618, 23.816859 ], [ 68.199618, 23.816883 ], [ 68.199619, 23.817039 ], [ 68.199619, 23.817063 ], [ 68.19962, 23.817218 ], [ 68.19962, 23.817243 ], [ 68.199622, 23.817398 ], [ 68.199622, 23.817423 ], [ 68.199623, 23.817577 ], [ 68.199623, 23.817603 ], [ 68.199624, 23.817757 ], [ 68.199624, 23.817783 ], [ 68.199625, 23.817936 ], [ 68.199625, 23.817963 ], [ 68.199627, 23.818116 ], [ 68.199627, 23.818144 ], [ 68.199628, 23.818295 ], [ 68.199628, 23.818324 ], [ 68.199629, 23.818475 ], [ 68.199629, 23.818504 ], [ 68.19963, 23.818654 ], [ 68.19963, 23.818684 ], [ 68.199632, 23.818834 ], [ 68.199632, 23.818864 ], [ 68.199633, 23.819013 ], [ 68.199633, 23.819044 ], [ 68.199634, 23.819193 ], [ 68.199634, 23.819224 ], [ 68.199635, 23.819372 ], [ 68.199635, 23.819404 ], [ 68.199637, 23.819552 ], [ 68.199637, 23.819584 ], [ 68.199638, 23.819732 ], [ 68.199638, 23.819764 ], [ 68.199639, 23.819911 ], [ 68.199639, 23.819944 ], [ 68.19964, 23.820091 ], [ 68.19964, 23.820124 ], [ 68.199641, 23.82027 ], [ 68.199641, 23.820304 ], [ 68.199643, 23.82045 ], [ 68.199643, 23.820484 ], [ 68.199644, 23.820629 ], [ 68.199644, 23.820664 ], [ 68.199645, 23.820809 ], [ 68.199645, 23.820844 ], [ 68.199646, 23.820988 ], [ 68.199646, 23.821024 ], [ 68.199648, 23.821168 ], [ 68.199648, 23.821204 ], [ 68.199649, 23.821347 ], [ 68.199649, 23.821384 ], [ 68.19965, 23.821527 ], [ 68.19965, 23.821564 ], [ 68.199651, 23.821706 ], [ 68.199651, 23.821744 ], [ 68.199653, 23.821886 ], [ 68.199653, 23.821895 ], [ 68.199653, 23.821924 ], [ 68.199654, 23.822065 ], [ 68.199654, 23.822104 ], [ 68.199655, 23.822245 ], [ 68.199655, 23.822284 ], [ 68.199656, 23.822424 ], [ 68.199656, 23.822464 ], [ 68.199658, 23.822604 ], [ 68.199658, 23.822645 ], [ 68.199659, 23.822783 ], [ 68.199659, 23.822825 ], [ 68.19966, 23.822963 ], [ 68.19966, 23.823005 ], [ 68.199661, 23.823142 ], [ 68.199661, 23.823185 ], [ 68.199663, 23.823322 ], [ 68.199663, 23.823365 ], [ 68.199664, 23.823502 ], [ 68.199664, 23.823545 ], [ 68.199665, 23.823681 ], [ 68.199665, 23.823725 ], [ 68.199666, 23.823861 ], [ 68.199666, 23.823905 ], [ 68.199667, 23.82404 ], [ 68.199667, 23.824085 ], [ 68.199669, 23.82422 ], [ 68.199669, 23.824265 ], [ 68.19967, 23.824399 ], [ 68.19967, 23.824445 ], [ 68.199671, 23.824579 ], [ 68.199671, 23.824625 ], [ 68.199672, 23.824758 ], [ 68.199672, 23.824805 ], [ 68.199674, 23.824938 ], [ 68.199674, 23.824985 ], [ 68.199675, 23.825117 ], [ 68.199675, 23.825165 ], [ 68.199676, 23.825297 ], [ 68.199676, 23.825345 ], [ 68.199677, 23.825476 ], [ 68.199677, 23.825525 ], [ 68.199679, 23.825656 ], [ 68.199679, 23.825705 ], [ 68.19968, 23.825835 ], [ 68.19968, 23.825885 ], [ 68.199681, 23.826015 ], [ 68.199681, 23.826065 ], [ 68.199682, 23.826194 ], [ 68.199682, 23.826245 ], [ 68.199684, 23.826374 ], [ 68.199684, 23.826425 ], [ 68.199685, 23.826553 ], [ 68.199685, 23.826605 ], [ 68.199686, 23.826733 ], [ 68.199686, 23.826785 ], [ 68.199687, 23.826913 ], [ 68.199687, 23.826965 ], [ 68.199689, 23.827092 ], [ 68.199689, 23.827146 ], [ 68.19969, 23.827272 ], [ 68.19969, 23.827326 ], [ 68.199691, 23.827451 ], [ 68.199691, 23.827506 ], [ 68.199692, 23.827631 ], [ 68.199692, 23.827686 ], [ 68.199693, 23.82781 ], [ 68.199694, 23.827866 ], [ 68.199695, 23.82799 ], [ 68.199695, 23.828046 ], [ 68.199696, 23.828169 ], [ 68.199696, 23.828226 ], [ 68.199697, 23.828349 ], [ 68.199697, 23.828406 ], [ 68.199698, 23.828528 ], [ 68.199698, 23.828586 ], [ 68.1997, 23.828708 ], [ 68.1997, 23.828766 ], [ 68.199701, 23.828887 ], [ 68.199701, 23.828946 ], [ 68.199703, 23.829126 ], [ 68.199706, 23.829306 ], [ 68.19971, 23.829486 ], [ 68.199717, 23.829667 ], [ 68.199724, 23.829847 ], [ 68.199733, 23.830028 ], [ 68.199743, 23.830208 ], [ 68.199755, 23.830389 ], [ 68.199769, 23.83057 ], [ 68.199773, 23.83063 ], [ 68.199782, 23.830751 ], [ 68.199786, 23.83079 ], [ 68.199796, 23.830931 ], [ 68.199798, 23.830949 ], [ 68.19981, 23.831109 ], [ 68.19981, 23.831112 ], [ 68.199822, 23.831269 ], [ 68.199824, 23.831293 ], [ 68.199835, 23.831429 ], [ 68.199838, 23.831474 ], [ 68.199852, 23.831655 ], [ 68.199868, 23.831836 ], [ 68.199885, 23.832017 ], [ 68.199904, 23.832198 ], [ 68.199924, 23.832379 ], [ 68.199945, 23.83256 ], [ 68.199968, 23.832742 ], [ 68.199993, 23.832923 ], [ 68.200018, 23.833105 ], [ 68.200046, 23.833286 ], [ 68.200074, 23.833468 ], [ 68.200091, 23.833571 ], [ 68.200104, 23.83365 ], [ 68.20012, 23.83375 ], [ 68.200133, 23.833832 ], [ 68.200149, 23.833929 ], [ 68.200163, 23.834013 ], [ 68.200179, 23.834109 ], [ 68.200192, 23.834195 ], [ 68.200208, 23.834288 ], [ 68.200222, 23.834377 ], [ 68.200237, 23.834467 ], [ 68.200251, 23.834559 ], [ 68.20026, 23.834611 ], [ 68.200266, 23.834647 ], [ 68.200281, 23.834741 ], [ 68.200295, 23.834826 ], [ 68.20031, 23.834922 ], [ 68.200324, 23.835005 ], [ 68.20034, 23.835104 ], [ 68.200353, 23.835185 ], [ 68.200369, 23.835286 ], [ 68.200382, 23.835364 ], [ 68.200398, 23.835468 ], [ 68.200411, 23.835544 ], [ 68.200428, 23.83565 ], [ 68.20044, 23.835723 ], [ 68.200469, 23.835902 ], [ 68.200496, 23.836083 ], [ 68.200522, 23.836263 ], [ 68.200547, 23.836444 ], [ 68.200571, 23.836626 ], [ 68.200593, 23.836808 ], [ 68.200614, 23.83699 ], [ 68.200634, 23.837173 ], [ 68.200653, 23.837357 ], [ 68.20067, 23.837541 ], [ 68.200686, 23.837726 ], [ 68.200701, 23.837911 ], [ 68.200715, 23.838096 ], [ 68.200727, 23.838282 ], [ 68.200738, 23.838469 ], [ 68.200748, 23.838656 ], [ 68.200757, 23.838844 ], [ 68.200764, 23.839032 ], [ 68.20077, 23.83922 ], [ 68.200775, 23.839409 ], [ 68.200821, 23.841719 ], [ 68.200823, 23.841912 ], [ 68.200832, 23.843013 ], [ 68.200832, 23.843027 ], [ 68.201376, 23.843612 ], [ 68.201498, 23.843741 ], [ 68.20162, 23.843869 ], [ 68.201743, 23.843997 ], [ 68.20184, 23.844097 ], [ 68.201854, 23.844139 ], [ 68.201919, 23.844335 ], [ 68.201984, 23.844531 ], [ 68.202051, 23.844726 ], [ 68.202119, 23.844919 ], [ 68.202187, 23.845111 ], [ 68.202256, 23.845303 ], [ 68.202327, 23.845493 ], [ 68.202398, 23.845682 ], [ 68.20247, 23.84587 ], [ 68.202544, 23.846056 ], [ 68.202618, 23.846242 ], [ 68.203102, 23.847434 ], [ 68.203175, 23.847615 ], [ 68.203246, 23.847797 ], [ 68.203315, 23.847978 ], [ 68.203383, 23.84816 ], [ 68.20345, 23.848341 ], [ 68.203515, 23.848523 ], [ 68.203579, 23.848704 ], [ 68.203641, 23.848886 ], [ 68.203702, 23.849067 ], [ 68.203761, 23.849248 ], [ 68.203819, 23.84943 ], [ 68.203875, 23.849611 ], [ 68.20393, 23.849792 ], [ 68.203984, 23.849973 ], [ 68.204036, 23.850154 ], [ 68.204086, 23.850336 ], [ 68.204135, 23.850517 ], [ 68.204183, 23.850698 ], [ 68.204229, 23.850879 ], [ 68.204274, 23.85106 ], [ 68.204287, 23.851115 ], [ 68.204318, 23.851241 ], [ 68.204329, 23.851284 ], [ 68.204362, 23.851421 ], [ 68.20437, 23.851454 ], [ 68.204407, 23.851602 ], [ 68.204411, 23.851623 ], [ 68.204451, 23.851783 ], [ 68.204453, 23.851793 ], [ 68.204494, 23.851962 ], [ 68.204495, 23.851964 ], [ 68.204536, 23.852132 ], [ 68.204539, 23.852145 ], [ 68.204583, 23.852326 ], [ 68.204626, 23.852507 ], [ 68.204667, 23.852688 ], [ 68.204706, 23.852869 ], [ 68.204745, 23.85305 ], [ 68.204781, 23.85323 ], [ 68.204816, 23.853411 ], [ 68.204832, 23.853498 ], [ 68.204851, 23.853592 ], [ 68.204866, 23.853675 ], [ 68.204885, 23.853772 ], [ 68.2049, 23.853852 ], [ 68.204919, 23.853953 ], [ 68.204933, 23.854028 ], [ 68.204954, 23.854134 ], [ 68.204967, 23.854205 ], [ 68.204988, 23.854315 ], [ 68.205, 23.854382 ], [ 68.205022, 23.854495 ], [ 68.205034, 23.854559 ], [ 68.205056, 23.854676 ], [ 68.205067, 23.854735 ], [ 68.205091, 23.854857 ], [ 68.205101, 23.854912 ], [ 68.205125, 23.855037 ], [ 68.205135, 23.855089 ], [ 68.205137, 23.855101 ], [ 68.205159, 23.855218 ], [ 68.205168, 23.855265 ], [ 68.205182, 23.855337 ], [ 68.205167, 23.855457 ], [ 68.205144, 23.855658 ], [ 68.205123, 23.855858 ], [ 68.205103, 23.856057 ], [ 68.205085, 23.856255 ], [ 68.205069, 23.856453 ], [ 68.205054, 23.85665 ], [ 68.205041, 23.856846 ], [ 68.205031, 23.857042 ], [ 68.205021, 23.857237 ], [ 68.205014, 23.857431 ], [ 68.205008, 23.857624 ], [ 68.205004, 23.857817 ], [ 68.205002, 23.858009 ], [ 68.205001, 23.8582 ], [ 68.205003, 23.85839 ], [ 68.205006, 23.85858 ], [ 68.205011, 23.858769 ], [ 68.205017, 23.858957 ], [ 68.205025, 23.859144 ], [ 68.205035, 23.859331 ], [ 68.205047, 23.859517 ], [ 68.205166, 23.861149 ], [ 68.20518, 23.861321 ], [ 68.205196, 23.861493 ], [ 68.205214, 23.861664 ], [ 68.205233, 23.861835 ], [ 68.205254, 23.862005 ], [ 68.205277, 23.862176 ], [ 68.205301, 23.862345 ], [ 68.205327, 23.862515 ], [ 68.205354, 23.862684 ], [ 68.205384, 23.862852 ], [ 68.205415, 23.86302 ], [ 68.205447, 23.863188 ], [ 68.205481, 23.863355 ], [ 68.205922, 23.8654 ], [ 68.205962, 23.865578 ], [ 68.206004, 23.865757 ], [ 68.206049, 23.865935 ], [ 68.206082, 23.866065 ], [ 68.206094, 23.866113 ], [ 68.206127, 23.86624 ], [ 68.20614, 23.866292 ], [ 68.206172, 23.866415 ], [ 68.206185, 23.86647 ], [ 68.206217, 23.86659 ], [ 68.206231, 23.866648 ], [ 68.206262, 23.866765 ], [ 68.206277, 23.866826 ], [ 68.206306, 23.86694 ], [ 68.206322, 23.867005 ], [ 68.206351, 23.867116 ], [ 68.206368, 23.867183 ], [ 68.206396, 23.867291 ], [ 68.206414, 23.867361 ], [ 68.206441, 23.867466 ], [ 68.206459, 23.86754 ], [ 68.206486, 23.867641 ], [ 68.206505, 23.867718 ], [ 68.20653, 23.867816 ], [ 68.20655, 23.867896 ], [ 68.206575, 23.867991 ], [ 68.206596, 23.868075 ], [ 68.20662, 23.868166 ], [ 68.206642, 23.868253 ], [ 68.206665, 23.868341 ], [ 68.206687, 23.868431 ], [ 68.20671, 23.868516 ], [ 68.206733, 23.86861 ], [ 68.206754, 23.868691 ], [ 68.206779, 23.868788 ], [ 68.206799, 23.868867 ], [ 68.206824, 23.868966 ], [ 68.206844, 23.869042 ], [ 68.20687, 23.869145 ], [ 68.206889, 23.869217 ], [ 68.206916, 23.869323 ], [ 68.206934, 23.869392 ], [ 68.206961, 23.869501 ], [ 68.206978, 23.869567 ], [ 68.207007, 23.869679 ], [ 68.207023, 23.869742 ], [ 68.207052, 23.869858 ], [ 68.207068, 23.869917 ], [ 68.207098, 23.870036 ], [ 68.207113, 23.870092 ], [ 68.207144, 23.870214 ], [ 68.207158, 23.870267 ], [ 68.207189, 23.870393 ], [ 68.207202, 23.870443 ], [ 68.207235, 23.870571 ], [ 68.207247, 23.870618 ], [ 68.207281, 23.870749 ], [ 68.207292, 23.870793 ], [ 68.207326, 23.870928 ], [ 68.207337, 23.870968 ], [ 68.207372, 23.871106 ], [ 68.207382, 23.871143 ], [ 68.207417, 23.871284 ], [ 68.207426, 23.871318 ], [ 68.207463, 23.871463 ], [ 68.207471, 23.871493 ], [ 68.207509, 23.871641 ], [ 68.207556, 23.871819 ], [ 68.207605, 23.871997 ], [ 68.207655, 23.872176 ], [ 68.207707, 23.872354 ], [ 68.207761, 23.872532 ], [ 68.207816, 23.87271 ], [ 68.207873, 23.872888 ], [ 68.208838, 23.875813 ], [ 68.2101, 23.87644 ], [ 68.210255, 23.876519 ], [ 68.210408, 23.876598 ], [ 68.210561, 23.876678 ], [ 68.212928, 23.877945 ], [ 68.213087, 23.878029 ], [ 68.213247, 23.878111 ], [ 68.213408, 23.878192 ], [ 68.213544, 23.87826 ], [ 68.213569, 23.878273 ], [ 68.213703, 23.878339 ], [ 68.213731, 23.878353 ], [ 68.213863, 23.878418 ], [ 68.213892, 23.878433 ], [ 68.214022, 23.878498 ], [ 68.214054, 23.878514 ], [ 68.214181, 23.878577 ], [ 68.214215, 23.878594 ], [ 68.214341, 23.878656 ], [ 68.214377, 23.878674 ], [ 68.2145, 23.878735 ], [ 68.214538, 23.878755 ], [ 68.214659, 23.878815 ], [ 68.2147, 23.878835 ], [ 68.214819, 23.878894 ], [ 68.214861, 23.878915 ], [ 68.214978, 23.878973 ], [ 68.215023, 23.878996 ], [ 68.215102, 23.879035 ], [ 68.215182, 23.879079 ], [ 68.215231, 23.879105 ], [ 68.21534, 23.879165 ], [ 68.215388, 23.879192 ], [ 68.215497, 23.879252 ], [ 68.215546, 23.879279 ], [ 68.215654, 23.879338 ], [ 68.215704, 23.879365 ], [ 68.215811, 23.879425 ], [ 68.215861, 23.879452 ], [ 68.215969, 23.879511 ], [ 68.216019, 23.879538 ], [ 68.216126, 23.879597 ], [ 68.216177, 23.879625 ], [ 68.216283, 23.879684 ], [ 68.216334, 23.879711 ], [ 68.216441, 23.87977 ], [ 68.216492, 23.879798 ], [ 68.216598, 23.879856 ], [ 68.21665, 23.879884 ], [ 68.216755, 23.879943 ], [ 68.216807, 23.879971 ], [ 68.216913, 23.880029 ], [ 68.216965, 23.880058 ], [ 68.21707, 23.880116 ], [ 68.217123, 23.880144 ], [ 68.217227, 23.880202 ], [ 68.21728, 23.880231 ], [ 68.217385, 23.880288 ], [ 68.217438, 23.880317 ], [ 68.217542, 23.880375 ], [ 68.217596, 23.880404 ], [ 68.217699, 23.880461 ], [ 68.217753, 23.88049 ], [ 68.217857, 23.880548 ], [ 68.217911, 23.880577 ], [ 68.218014, 23.880634 ], [ 68.218069, 23.880664 ], [ 68.218171, 23.88072 ], [ 68.218226, 23.88075 ], [ 68.218328, 23.880807 ], [ 68.218384, 23.880837 ], [ 68.218486, 23.880893 ], [ 68.218541, 23.880923 ], [ 68.218643, 23.880979 ], [ 68.218699, 23.88101 ], [ 68.2188, 23.881066 ], [ 68.218857, 23.881096 ], [ 68.218958, 23.881152 ], [ 68.219014, 23.881183 ], [ 68.219115, 23.881239 ], [ 68.219172, 23.88127 ], [ 68.219272, 23.881325 ], [ 68.21933, 23.881356 ], [ 68.21943, 23.881411 ], [ 68.219487, 23.881443 ], [ 68.219587, 23.881498 ], [ 68.219645, 23.881529 ], [ 68.219744, 23.881584 ], [ 68.219803, 23.881616 ], [ 68.219902, 23.88167 ], [ 68.21996, 23.881702 ], [ 68.220059, 23.881757 ], [ 68.220118, 23.881789 ], [ 68.220216, 23.881843 ], [ 68.220276, 23.881875 ], [ 68.220373, 23.88193 ], [ 68.220433, 23.881962 ], [ 68.220531, 23.882016 ], [ 68.220591, 23.882049 ], [ 68.220688, 23.882102 ], [ 68.220749, 23.882135 ], [ 68.220845, 23.882189 ], [ 68.220906, 23.882222 ], [ 68.220948, 23.882245 ], [ 68.221003, 23.882275 ], [ 68.221064, 23.882308 ], [ 68.22116, 23.882361 ], [ 68.221222, 23.882395 ], [ 68.221317, 23.882448 ], [ 68.221379, 23.882481 ], [ 68.221475, 23.882534 ], [ 68.221537, 23.882568 ], [ 68.221632, 23.882621 ], [ 68.221694, 23.882655 ], [ 68.221789, 23.882707 ], [ 68.221852, 23.882741 ], [ 68.221947, 23.882793 ], [ 68.22201, 23.882828 ], [ 68.222104, 23.88288 ], [ 68.222167, 23.882914 ], [ 68.222261, 23.882966 ], [ 68.222325, 23.883001 ], [ 68.222419, 23.883052 ], [ 68.222483, 23.883087 ], [ 68.222576, 23.883139 ], [ 68.22264, 23.883174 ], [ 68.222733, 23.883225 ], [ 68.222798, 23.883261 ], [ 68.22289, 23.883312 ], [ 68.222956, 23.883347 ], [ 68.223048, 23.883398 ], [ 68.223113, 23.883434 ], [ 68.223205, 23.883484 ], [ 68.223271, 23.88352 ], [ 68.223362, 23.883571 ], [ 68.223429, 23.883607 ], [ 68.22352, 23.883657 ], [ 68.223586, 23.883693 ], [ 68.223677, 23.883744 ], [ 68.223744, 23.88378 ], [ 68.223834, 23.88383 ], [ 68.223902, 23.883866 ], [ 68.223992, 23.883916 ], [ 68.224059, 23.883953 ], [ 68.224149, 23.884003 ], [ 68.224217, 23.88404 ], [ 68.224306, 23.884089 ], [ 68.224375, 23.884126 ], [ 68.224464, 23.884175 ], [ 68.224532, 23.884213 ], [ 68.224621, 23.884262 ], [ 68.22469, 23.884299 ], [ 68.224778, 23.884348 ], [ 68.224824, 23.884373 ], [ 68.22485, 23.884381 ], [ 68.224865, 23.884386 ], [ 68.225022, 23.884433 ], [ 68.225036, 23.884438 ], [ 68.225193, 23.884486 ], [ 68.225207, 23.88449 ], [ 68.225365, 23.884538 ], [ 68.225379, 23.884542 ], [ 68.225537, 23.88459 ], [ 68.22555, 23.884594 ], [ 68.225709, 23.884643 ], [ 68.225721, 23.884646 ], [ 68.225881, 23.884695 ], [ 68.225892, 23.884698 ], [ 68.226053, 23.884747 ], [ 68.226063, 23.88475 ], [ 68.226225, 23.8848 ], [ 68.226234, 23.884803 ], [ 68.226397, 23.884852 ], [ 68.226405, 23.884855 ], [ 68.226569, 23.884905 ], [ 68.226576, 23.884907 ], [ 68.226741, 23.884957 ], [ 68.226747, 23.884959 ], [ 68.226913, 23.885009 ], [ 68.226918, 23.885011 ], [ 68.227039, 23.885048 ], [ 68.227087, 23.885057 ], [ 68.227163, 23.885071 ], [ 68.227266, 23.885091 ], [ 68.227342, 23.885105 ], [ 68.227446, 23.885125 ], [ 68.22752, 23.885139 ], [ 68.227626, 23.885159 ], [ 68.227699, 23.885173 ], [ 68.227805, 23.885193 ], [ 68.227877, 23.885207 ], [ 68.227985, 23.885227 ], [ 68.228056, 23.885241 ], [ 68.228164, 23.885261 ], [ 68.228234, 23.885274 ], [ 68.228344, 23.885295 ], [ 68.228413, 23.885308 ], [ 68.228524, 23.885329 ], [ 68.228591, 23.885342 ], [ 68.228703, 23.885363 ], [ 68.22877, 23.885376 ], [ 68.228883, 23.885397 ], [ 68.228948, 23.88541 ], [ 68.229062, 23.885431 ], [ 68.229127, 23.885443 ], [ 68.229242, 23.885465 ], [ 68.229305, 23.885477 ], [ 68.229422, 23.885499 ], [ 68.229484, 23.885511 ], [ 68.229601, 23.885533 ], [ 68.229662, 23.885545 ], [ 68.229781, 23.885567 ], [ 68.229841, 23.885579 ], [ 68.22996, 23.885601 ], [ 68.230019, 23.885613 ], [ 68.23014, 23.885635 ], [ 68.230198, 23.885646 ], [ 68.23032, 23.885669 ], [ 68.230376, 23.88568 ], [ 68.230499, 23.885703 ], [ 68.230555, 23.885714 ], [ 68.230679, 23.885737 ], [ 68.230733, 23.885748 ], [ 68.230858, 23.885771 ], [ 68.230912, 23.885782 ], [ 68.231038, 23.885805 ], [ 68.23109, 23.885815 ], [ 68.231218, 23.885839 ], [ 68.231269, 23.885849 ], [ 68.231397, 23.885873 ], [ 68.231447, 23.885883 ], [ 68.231577, 23.885907 ], [ 68.231626, 23.885917 ], [ 68.231756, 23.885941 ], [ 68.231804, 23.885951 ], [ 68.231936, 23.885975 ], [ 68.231983, 23.885985 ], [ 68.232115, 23.886009 ], [ 68.232161, 23.886018 ], [ 68.232295, 23.886043 ], [ 68.232474, 23.886078 ], [ 68.232653, 23.886115 ], [ 68.232831, 23.886152 ], [ 68.233009, 23.886191 ], [ 68.233185, 23.886232 ], [ 68.233362, 23.886273 ], [ 68.233538, 23.886316 ], [ 68.233713, 23.886361 ], [ 68.233888, 23.886406 ], [ 68.234062, 23.886453 ], [ 68.234236, 23.886501 ], [ 68.234409, 23.886551 ], [ 68.234581, 23.886602 ], [ 68.234593, 23.886605 ], [ 68.234599, 23.886608 ], [ 68.234766, 23.886681 ], [ 68.234932, 23.886756 ], [ 68.235098, 23.886831 ], [ 68.235262, 23.886908 ], [ 68.235426, 23.886986 ], [ 68.235588, 23.887066 ], [ 68.23575, 23.887146 ], [ 68.235911, 23.887228 ], [ 68.236071, 23.88731 ], [ 68.23623, 23.887394 ], [ 68.236389, 23.88748 ], [ 68.236546, 23.887566 ], [ 68.236703, 23.887654 ], [ 68.236859, 23.887743 ], [ 68.237014, 23.887833 ], [ 68.237167, 23.887924 ], [ 68.237321, 23.888016 ], [ 68.237473, 23.88811 ], [ 68.237624, 23.888205 ], [ 68.237775, 23.888301 ], [ 68.237776, 23.888301 ], [ 68.237925, 23.888397 ], [ 68.237927, 23.888398 ], [ 68.238076, 23.888492 ], [ 68.238079, 23.888495 ], [ 68.238226, 23.888588 ], [ 68.23823, 23.888591 ], [ 68.238377, 23.888684 ], [ 68.238382, 23.888688 ], [ 68.238527, 23.88878 ], [ 68.238534, 23.888785 ], [ 68.238678, 23.888876 ], [ 68.238685, 23.888881 ], [ 68.238837, 23.888978 ], [ 68.238989, 23.889073 ], [ 68.239142, 23.889167 ], [ 68.239296, 23.88926 ], [ 68.23945, 23.889351 ], [ 68.239606, 23.889441 ], [ 68.239762, 23.88953 ], [ 68.239918, 23.889617 ], [ 68.240076, 23.889703 ], [ 68.240234, 23.889788 ], [ 68.240393, 23.889871 ], [ 68.240552, 23.889953 ], [ 68.240713, 23.890034 ], [ 68.240874, 23.890113 ], [ 68.241036, 23.890191 ], [ 68.241198, 23.890268 ], [ 68.241362, 23.890343 ], [ 68.241526, 23.890417 ], [ 68.24169, 23.89049 ], [ 68.241856, 23.890562 ], [ 68.242022, 23.890632 ], [ 68.242189, 23.8907 ], [ 68.242357, 23.890768 ], [ 68.242525, 23.890834 ], [ 68.242694, 23.890899 ], [ 68.242864, 23.890962 ], [ 68.243035, 23.891024 ], [ 68.243206, 23.891085 ], [ 68.243378, 23.891145 ], [ 68.243551, 23.891203 ], [ 68.243724, 23.89126 ], [ 68.243899, 23.891315 ], [ 68.244074, 23.89137 ], [ 68.244249, 23.891423 ], [ 68.244426, 23.891474 ], [ 68.244603, 23.891524 ], [ 68.244781, 23.891573 ], [ 68.24496, 23.891621 ], [ 68.245139, 23.891667 ], [ 68.245319, 23.891712 ], [ 68.2455, 23.891756 ], [ 68.245682, 23.891798 ], [ 68.245864, 23.891839 ], [ 68.246047, 23.891879 ], [ 68.246231, 23.891917 ], [ 68.246415, 23.891954 ], [ 68.246601, 23.89199 ], [ 68.246758, 23.892019 ], [ 68.246786, 23.892024 ], [ 68.246941, 23.892053 ], [ 68.246972, 23.892059 ], [ 68.247125, 23.892087 ], [ 68.247158, 23.892093 ], [ 68.247308, 23.892121 ], [ 68.247344, 23.892128 ], [ 68.247492, 23.892155 ], [ 68.24753, 23.892162 ], [ 68.247675, 23.892189 ], [ 68.247716, 23.892197 ], [ 68.247859, 23.892223 ], [ 68.247902, 23.892232 ], [ 68.248042, 23.892257 ], [ 68.248087, 23.892266 ], [ 68.248225, 23.892292 ], [ 68.248273, 23.892301 ], [ 68.248409, 23.892326 ], [ 68.248459, 23.892335 ], [ 68.248592, 23.89236 ], [ 68.248645, 23.89237 ], [ 68.248776, 23.892394 ], [ 68.248831, 23.892404 ], [ 68.248959, 23.892428 ], [ 68.249017, 23.892439 ], [ 68.249143, 23.892462 ], [ 68.249203, 23.892473 ], [ 68.249326, 23.892496 ], [ 68.249388, 23.892508 ], [ 68.249468, 23.892523 ], [ 68.249509, 23.89253 ], [ 68.249574, 23.892543 ], [ 68.249693, 23.892564 ], [ 68.24976, 23.892577 ], [ 68.249876, 23.892598 ], [ 68.249946, 23.892612 ], [ 68.25006, 23.892632 ], [ 68.250132, 23.892646 ], [ 68.250229, 23.892664 ], [ 68.250243, 23.892667 ], [ 68.250318, 23.892681 ], [ 68.250365, 23.892689 ], [ 68.250464, 23.892787 ], [ 68.250598, 23.892916 ], [ 68.250732, 23.893044 ], [ 68.250866, 23.893171 ], [ 68.251002, 23.893297 ], [ 68.251138, 23.893422 ], [ 68.251275, 23.893545 ], [ 68.251412, 23.893668 ], [ 68.25155, 23.893789 ], [ 68.251689, 23.893909 ], [ 68.253441, 23.895403 ], [ 68.253577, 23.89552 ], [ 68.253712, 23.895639 ], [ 68.253846, 23.895758 ], [ 68.253979, 23.895879 ], [ 68.254111, 23.896 ], [ 68.254243, 23.896123 ], [ 68.254373, 23.896246 ], [ 68.254503, 23.896371 ], [ 68.254632, 23.896496 ], [ 68.25476, 23.896622 ], [ 68.254887, 23.89675 ], [ 68.255013, 23.896878 ], [ 68.255138, 23.897007 ], [ 68.255263, 23.897137 ], [ 68.255386, 23.897269 ], [ 68.255509, 23.897401 ], [ 68.255631, 23.897534 ], [ 68.255752, 23.897668 ], [ 68.255872, 23.897803 ], [ 68.255991, 23.897939 ], [ 68.256109, 23.898076 ], [ 68.256226, 23.898214 ], [ 68.256343, 23.898353 ], [ 68.256458, 23.898493 ], [ 68.256523, 23.898572 ], [ 68.256573, 23.898633 ], [ 68.256638, 23.898713 ], [ 68.256688, 23.898774 ], [ 68.256753, 23.898853 ], [ 68.256804, 23.898914 ], [ 68.256868, 23.898994 ], [ 68.256919, 23.899055 ], [ 68.256983, 23.899134 ], [ 68.257034, 23.899195 ], [ 68.257098, 23.899275 ], [ 68.257149, 23.899336 ], [ 68.257213, 23.899415 ], [ 68.257264, 23.899476 ], [ 68.257329, 23.899556 ], [ 68.257379, 23.899617 ], [ 68.257444, 23.899696 ], [ 68.257494, 23.899757 ], [ 68.257526, 23.899797 ], [ 68.257559, 23.899837 ], [ 68.257609, 23.899898 ], [ 68.257674, 23.899977 ], [ 68.257724, 23.900038 ], [ 68.257789, 23.900118 ], [ 68.257839, 23.900179 ], [ 68.257904, 23.900258 ], [ 68.257954, 23.900319 ], [ 68.258019, 23.900399 ], [ 68.258069, 23.90046 ], [ 68.258134, 23.900539 ], [ 68.258185, 23.9006 ], [ 68.258249, 23.90068 ], [ 68.2583, 23.900741 ], [ 68.258364, 23.90082 ], [ 68.258415, 23.900881 ], [ 68.258479, 23.900961 ], [ 68.25853, 23.901022 ], [ 68.258594, 23.901101 ], [ 68.25871, 23.901241 ], [ 68.258827, 23.901381 ], [ 68.258945, 23.90152 ], [ 68.259064, 23.901658 ], [ 68.259184, 23.901795 ], [ 68.259305, 23.901932 ], [ 68.259427, 23.902068 ], [ 68.25955, 23.902204 ], [ 68.2596, 23.902258 ], [ 68.259659, 23.902348 ], [ 68.259758, 23.902499 ], [ 68.259857, 23.902648 ], [ 68.259958, 23.902798 ], [ 68.26006, 23.902946 ], [ 68.260163, 23.903094 ], [ 68.260267, 23.903241 ], [ 68.260372, 23.903387 ], [ 68.260478, 23.903533 ], [ 68.260585, 23.903679 ], [ 68.260693, 23.903823 ], [ 68.260802, 23.903967 ], [ 68.260912, 23.904111 ], [ 68.261023, 23.904254 ], [ 68.261136, 23.904396 ], [ 68.261249, 23.904537 ], [ 68.261363, 23.904678 ], [ 68.261479, 23.904819 ], [ 68.261595, 23.904958 ], [ 68.261712, 23.905097 ], [ 68.261831, 23.905236 ], [ 68.26195, 23.905374 ], [ 68.262029, 23.905463 ], [ 68.262071, 23.905511 ], [ 68.262147, 23.905598 ], [ 68.262191, 23.905649 ], [ 68.262266, 23.905734 ], [ 68.262311, 23.905786 ], [ 68.262384, 23.905869 ], [ 68.262431, 23.905923 ], [ 68.262503, 23.906005 ], [ 68.262552, 23.906061 ], [ 68.262622, 23.90614 ], [ 68.262672, 23.906198 ], [ 68.26274, 23.906276 ], [ 68.262792, 23.906336 ], [ 68.262859, 23.906411 ], [ 68.262912, 23.906473 ], [ 68.262977, 23.906547 ], [ 68.263032, 23.906611 ], [ 68.263096, 23.906683 ], [ 68.263153, 23.906748 ], [ 68.263214, 23.906818 ], [ 68.263273, 23.906885 ], [ 68.263333, 23.906954 ], [ 68.263393, 23.907023 ], [ 68.263451, 23.907089 ], [ 68.263464, 23.907103 ], [ 68.263488, 23.907176 ], [ 68.263547, 23.907349 ], [ 68.263592, 23.907477 ], [ 68.263608, 23.907523 ], [ 68.263651, 23.907647 ], [ 68.263668, 23.907696 ], [ 68.26371, 23.907817 ], [ 68.263728, 23.907869 ], [ 68.263769, 23.907988 ], [ 68.263788, 23.908043 ], [ 68.263829, 23.908158 ], [ 68.263849, 23.908216 ], [ 68.263888, 23.908328 ], [ 68.263909, 23.908389 ], [ 68.263947, 23.908498 ], [ 68.263969, 23.908563 ], [ 68.264006, 23.908669 ], [ 68.264029, 23.908736 ], [ 68.264066, 23.908839 ], [ 68.26409, 23.908909 ], [ 68.264125, 23.909009 ], [ 68.26415, 23.909083 ], [ 68.264184, 23.90918 ], [ 68.26421, 23.909256 ], [ 68.264243, 23.90935 ], [ 68.26427, 23.909429 ], [ 68.264302, 23.90952 ], [ 68.264331, 23.909602 ], [ 68.264362, 23.909691 ], [ 68.264391, 23.909776 ], [ 68.264421, 23.909861 ], [ 68.264451, 23.909949 ], [ 68.26448, 23.910031 ], [ 68.264511, 23.910122 ], [ 68.264539, 23.910202 ], [ 68.264572, 23.910296 ], [ 68.264598, 23.910372 ], [ 68.264632, 23.910469 ], [ 68.264657, 23.91054 ], [ 68.26467, 23.910655 ], [ 68.264695, 23.91085 ], [ 68.26472, 23.911045 ], [ 68.264747, 23.911238 ], [ 68.264775, 23.911431 ], [ 68.264804, 23.911623 ], [ 68.264834, 23.911814 ], [ 68.264866, 23.912004 ], [ 68.264899, 23.912194 ], [ 68.264933, 23.912383 ], [ 68.264968, 23.912571 ], [ 68.265005, 23.912759 ], [ 68.265017, 23.912819 ], [ 68.265032, 23.912874 ], [ 68.265086, 23.913062 ], [ 68.265141, 23.913248 ], [ 68.265197, 23.913434 ], [ 68.265254, 23.913618 ], [ 68.265312, 23.913802 ], [ 68.265371, 23.913984 ], [ 68.265432, 23.914166 ], [ 68.265494, 23.914347 ], [ 68.265557, 23.914526 ], [ 68.265621, 23.914705 ], [ 68.265686, 23.914883 ], [ 68.265753, 23.91506 ], [ 68.26582, 23.915235 ], [ 68.265889, 23.91541 ], [ 68.265959, 23.915584 ], [ 68.266031, 23.915757 ], [ 68.266103, 23.915929 ], [ 68.266176, 23.9161 ], [ 68.266251, 23.91627 ], [ 68.266327, 23.916439 ], [ 68.266404, 23.916607 ], [ 68.266482, 23.916774 ], [ 68.266562, 23.916941 ], [ 68.266643, 23.917106 ], [ 68.266724, 23.91727 ], [ 68.266807, 23.917433 ], [ 68.266891, 23.917596 ], [ 68.266977, 23.917757 ], [ 68.267063, 23.917917 ], [ 68.267151, 23.918077 ], [ 68.26724, 23.918235 ], [ 68.26733, 23.918393 ], [ 68.267421, 23.918549 ], [ 68.267513, 23.918705 ], [ 68.267607, 23.918859 ], [ 68.267702, 23.919013 ], [ 68.267798, 23.919166 ], [ 68.267895, 23.919317 ], [ 68.267993, 23.919468 ], [ 68.268092, 23.919618 ], [ 68.268193, 23.919766 ], [ 68.268295, 23.919914 ], [ 68.268398, 23.920061 ], [ 68.268502, 23.920207 ], [ 68.268607, 23.920352 ], [ 68.268714, 23.920496 ], [ 68.268821, 23.920639 ], [ 68.26893, 23.920781 ], [ 68.26904, 23.920922 ], [ 68.269151, 23.921062 ], [ 68.269264, 23.921201 ], [ 68.269377, 23.921339 ], [ 68.269492, 23.921476 ], [ 68.269608, 23.921613 ], [ 68.269725, 23.921748 ], [ 68.269843, 23.921882 ], [ 68.269963, 23.922016 ], [ 68.270083, 23.922148 ], [ 68.270205, 23.922279 ], [ 68.27028, 23.922359 ], [ 68.270356, 23.922422 ], [ 68.270493, 23.922535 ], [ 68.270603, 23.922624 ], [ 68.27063, 23.922647 ], [ 68.270741, 23.922736 ], [ 68.270768, 23.922759 ], [ 68.270879, 23.922849 ], [ 68.270906, 23.922871 ], [ 68.271017, 23.922961 ], [ 68.271043, 23.922983 ], [ 68.271155, 23.923073 ], [ 68.271181, 23.923094 ], [ 68.271293, 23.923185 ], [ 68.271319, 23.923206 ], [ 68.271431, 23.923297 ], [ 68.271457, 23.923318 ], [ 68.271569, 23.923409 ], [ 68.271594, 23.92343 ], [ 68.271707, 23.923521 ], [ 68.271732, 23.923542 ], [ 68.271845, 23.923634 ], [ 68.27187, 23.923654 ], [ 68.271983, 23.923746 ], [ 68.272007, 23.923766 ], [ 68.272121, 23.923858 ], [ 68.272145, 23.923878 ], [ 68.272259, 23.92397 ], [ 68.272283, 23.923989 ], [ 68.272397, 23.924082 ], [ 68.272421, 23.924101 ], [ 68.272535, 23.924194 ], [ 68.272558, 23.924213 ], [ 68.272674, 23.924307 ], [ 68.272696, 23.924325 ], [ 68.272812, 23.924419 ], [ 68.272834, 23.924437 ], [ 68.27295, 23.924531 ], [ 68.272971, 23.924549 ], [ 68.273088, 23.924643 ], [ 68.273109, 23.924661 ], [ 68.273226, 23.924755 ], [ 68.273247, 23.924772 ], [ 68.273364, 23.924867 ], [ 68.273384, 23.924884 ], [ 68.273502, 23.924979 ], [ 68.273522, 23.924996 ], [ 68.27364, 23.925092 ], [ 68.27366, 23.925108 ], [ 68.273778, 23.925204 ], [ 68.273798, 23.92522 ], [ 68.273916, 23.925316 ], [ 68.273935, 23.925332 ], [ 68.274054, 23.925428 ], [ 68.274073, 23.925444 ], [ 68.274192, 23.92554 ], [ 68.274211, 23.925556 ], [ 68.27433, 23.925652 ], [ 68.274348, 23.925667 ], [ 68.274468, 23.925764 ], [ 68.274486, 23.925779 ], [ 68.274606, 23.925877 ], [ 68.274624, 23.925891 ], [ 68.274744, 23.925989 ], [ 68.274762, 23.926003 ], [ 68.274882, 23.926101 ], [ 68.274899, 23.926115 ], [ 68.27502, 23.926213 ], [ 68.275037, 23.926227 ], [ 68.275158, 23.926325 ], [ 68.275175, 23.926339 ], [ 68.275297, 23.926437 ], [ 68.275312, 23.92645 ], [ 68.275435, 23.92655 ], [ 68.27545, 23.926562 ], [ 68.275573, 23.926662 ], [ 68.275588, 23.926674 ], [ 68.275711, 23.926774 ], [ 68.275725, 23.926786 ], [ 68.275849, 23.926886 ], [ 68.275863, 23.926898 ], [ 68.275987, 23.926998 ], [ 68.276001, 23.92701 ], [ 68.276125, 23.92711 ], [ 68.276139, 23.927122 ], [ 68.276263, 23.927222 ], [ 68.276276, 23.927233 ], [ 68.276401, 23.927335 ], [ 68.276414, 23.927345 ], [ 68.276539, 23.927447 ], [ 68.276552, 23.927457 ], [ 68.276677, 23.927559 ], [ 68.276689, 23.927569 ], [ 68.276815, 23.927671 ], [ 68.276827, 23.927681 ], [ 68.276953, 23.927783 ], [ 68.276965, 23.927793 ], [ 68.277103, 23.927905 ], [ 68.277241, 23.928015 ], [ 68.277381, 23.928124 ], [ 68.277521, 23.928233 ], [ 68.277615, 23.928303 ], [ 68.277723, 23.928371 ], [ 68.277877, 23.928465 ], [ 68.278031, 23.928558 ], [ 68.278185, 23.92865 ], [ 68.278341, 23.92874 ], [ 68.278497, 23.928829 ], [ 68.278654, 23.928916 ], [ 68.278811, 23.929002 ], [ 68.27897, 23.929086 ], [ 68.279129, 23.929169 ], [ 68.279289, 23.929251 ], [ 68.279449, 23.929331 ], [ 68.279611, 23.92941 ], [ 68.279773, 23.929488 ], [ 68.279935, 23.929564 ], [ 68.280099, 23.929639 ], [ 68.280263, 23.929712 ], [ 68.280428, 23.929784 ], [ 68.280594, 23.929855 ], [ 68.28076, 23.929924 ], [ 68.280927, 23.929991 ], [ 68.281095, 23.930058 ], [ 68.281187, 23.930093 ], [ 68.281264, 23.930123 ], [ 68.281353, 23.930158 ], [ 68.281432, 23.930189 ], [ 68.28152, 23.930223 ], [ 68.2816, 23.930255 ], [ 68.281686, 23.930288 ], [ 68.281769, 23.93032 ], [ 68.281853, 23.930352 ], [ 68.281937, 23.930386 ], [ 68.282019, 23.930417 ], [ 68.282105, 23.930451 ], [ 68.282185, 23.930482 ], [ 68.282273, 23.930517 ], [ 68.282352, 23.930547 ], [ 68.282442, 23.930582 ], [ 68.282518, 23.930612 ], [ 68.28261, 23.930648 ], [ 68.282685, 23.930677 ], [ 68.282778, 23.930714 ], [ 68.282851, 23.930742 ], [ 68.282947, 23.930779 ], [ 68.283018, 23.930807 ], [ 68.283115, 23.930845 ], [ 68.283184, 23.930871 ], [ 68.283283, 23.93091 ], [ 68.283351, 23.930936 ], [ 68.283452, 23.930976 ], [ 68.283517, 23.931001 ], [ 68.28362, 23.931042 ], [ 68.283684, 23.931066 ], [ 68.283788, 23.931107 ], [ 68.28385, 23.931131 ], [ 68.283957, 23.931173 ], [ 68.284017, 23.931196 ], [ 68.284125, 23.931238 ], [ 68.284183, 23.931261 ], [ 68.284293, 23.931304 ], [ 68.28435, 23.931325 ], [ 68.284462, 23.931369 ], [ 68.284516, 23.93139 ], [ 68.28463, 23.931435 ], [ 68.284682, 23.931455 ], [ 68.284798, 23.931501 ], [ 68.284849, 23.93152 ], [ 68.284966, 23.931566 ], [ 68.285015, 23.931585 ], [ 68.285135, 23.931632 ], [ 68.285182, 23.93165 ], [ 68.285303, 23.931697 ], [ 68.285348, 23.931715 ], [ 68.285471, 23.931763 ], [ 68.285515, 23.93178 ], [ 68.28564, 23.931829 ], [ 68.285681, 23.931844 ], [ 68.285808, 23.931894 ], [ 68.285848, 23.931909 ], [ 68.285976, 23.93196 ], [ 68.286014, 23.931974 ], [ 68.286145, 23.932025 ], [ 68.286181, 23.932039 ], [ 68.286313, 23.932091 ], [ 68.286347, 23.932104 ], [ 68.286481, 23.932156 ], [ 68.286514, 23.932169 ], [ 68.28665, 23.932222 ], [ 68.286818, 23.932287 ], [ 68.286988, 23.93235 ], [ 68.287158, 23.932412 ], [ 68.287329, 23.932472 ], [ 68.287501, 23.932532 ], [ 68.287673, 23.932589 ], [ 68.287846, 23.932646 ], [ 68.28802, 23.932701 ], [ 68.288194, 23.932755 ], [ 68.288369, 23.932808 ], [ 68.288545, 23.93286 ], [ 68.288722, 23.93291 ], [ 68.288899, 23.932958 ], [ 68.289077, 23.933006 ], [ 68.28921, 23.93304 ], [ 68.289347, 23.933012 ], [ 68.289525, 23.932974 ], [ 68.289701, 23.932934 ], [ 68.289878, 23.932893 ], [ 68.29005, 23.932852 ], [ 68.290188, 23.932782 ], [ 68.290358, 23.932696 ], [ 68.290526, 23.932608 ], [ 68.290693, 23.932519 ], [ 68.290858, 23.932429 ], [ 68.291022, 23.932338 ], [ 68.291186, 23.932246 ], [ 68.291347, 23.932153 ], [ 68.291389, 23.932129 ], [ 68.291509, 23.93206 ], [ 68.291554, 23.932033 ], [ 68.29167, 23.931967 ], [ 68.29172, 23.931938 ], [ 68.291832, 23.931873 ], [ 68.291885, 23.931842 ], [ 68.291994, 23.93178 ], [ 68.292013, 23.931769 ], [ 68.29205, 23.931747 ], [ 68.292155, 23.931687 ], [ 68.292216, 23.931651 ], [ 68.292317, 23.931594 ], [ 68.292381, 23.931556 ], [ 68.292478, 23.9315 ], [ 68.292546, 23.931461 ], [ 68.29264, 23.931407 ], [ 68.292712, 23.931365 ], [ 68.292877, 23.93127 ], [ 68.293043, 23.931177 ], [ 68.293209, 23.931086 ], [ 68.293375, 23.930997 ], [ 68.293542, 23.930909 ], [ 68.293709, 23.930823 ], [ 68.293877, 23.930739 ], [ 68.294044, 23.930657 ], [ 68.294212, 23.930576 ], [ 68.294381, 23.930497 ], [ 68.294549, 23.93042 ], [ 68.294718, 23.930345 ], [ 68.294887, 23.930271 ], [ 68.295057, 23.930199 ], [ 68.295227, 23.930129 ], [ 68.295397, 23.930061 ], [ 68.295568, 23.929994 ], [ 68.295738, 23.929929 ], [ 68.295909, 23.929866 ], [ 68.296081, 23.929805 ], [ 68.296164, 23.929776 ], [ 68.296252, 23.929745 ], [ 68.296329, 23.929718 ], [ 68.296424, 23.929684 ], [ 68.296495, 23.92966 ], [ 68.296596, 23.929624 ], [ 68.296661, 23.929601 ], [ 68.296767, 23.929563 ], [ 68.296827, 23.929543 ], [ 68.296939, 23.929503 ], [ 68.296993, 23.929484 ], [ 68.29711, 23.929442 ], [ 68.297158, 23.929426 ], [ 68.297282, 23.929382 ], [ 68.297324, 23.929367 ], [ 68.297454, 23.929321 ], [ 68.29749, 23.929309 ], [ 68.297625, 23.929261 ], [ 68.297656, 23.929251 ], [ 68.297797, 23.929201 ], [ 68.297821, 23.929192 ], [ 68.297968, 23.92914 ], [ 68.297987, 23.929134 ], [ 68.29814, 23.92908 ], [ 68.298153, 23.929075 ], [ 68.298312, 23.929019 ], [ 68.298319, 23.929017 ], [ 68.298483, 23.928959 ], [ 68.298485, 23.928958 ], [ 68.29865, 23.9289 ], [ 68.298655, 23.928898 ], [ 68.298816, 23.928842 ], [ 68.298826, 23.928838 ], [ 68.298982, 23.928783 ], [ 68.298998, 23.928777 ], [ 68.29917, 23.928717 ], [ 68.299342, 23.928659 ], [ 68.299514, 23.928602 ], [ 68.299686, 23.928548 ], [ 68.299859, 23.928495 ], [ 68.300033, 23.928444 ], [ 68.300206, 23.928395 ], [ 68.30038, 23.928348 ], [ 68.300555, 23.928302 ], [ 68.300729, 23.928259 ], [ 68.300904, 23.928217 ], [ 68.301079, 23.928177 ], [ 68.301255, 23.928139 ], [ 68.301431, 23.928103 ], [ 68.301607, 23.928069 ], [ 68.301784, 23.928037 ], [ 68.301961, 23.928006 ], [ 68.302138, 23.927977 ], [ 68.302316, 23.927951 ], [ 68.302493, 23.927926 ], [ 68.302672, 23.927902 ], [ 68.30285, 23.927881 ], [ 68.303029, 23.927862 ], [ 68.303208, 23.927844 ], [ 68.303388, 23.927829 ], [ 68.303568, 23.927815 ], [ 68.303748, 23.927803 ], [ 68.303859, 23.927797 ], [ 68.303929, 23.927792 ], [ 68.304039, 23.927786 ], [ 68.304109, 23.927781 ], [ 68.304219, 23.927775 ], [ 68.304289, 23.927771 ], [ 68.304399, 23.927764 ], [ 68.30447, 23.92776 ], [ 68.304578, 23.927754 ], [ 68.30465, 23.927749 ], [ 68.304758, 23.927743 ], [ 68.304831, 23.927738 ], [ 68.304938, 23.927732 ], [ 68.305011, 23.927727 ], [ 68.305118, 23.927721 ], [ 68.305192, 23.927717 ], [ 68.305298, 23.927711 ], [ 68.305372, 23.927706 ], [ 68.305478, 23.9277 ], [ 68.305553, 23.927695 ], [ 68.305658, 23.927689 ], [ 68.305733, 23.927684 ], [ 68.305838, 23.927678 ], [ 68.305913, 23.927673 ], [ 68.306018, 23.927668 ], [ 68.306094, 23.927663 ], [ 68.306198, 23.927657 ], [ 68.306271, 23.927652 ], [ 68.306274, 23.927651 ], [ 68.306322, 23.927637 ], [ 68.306447, 23.927598 ], [ 68.306493, 23.927584 ], [ 68.30662, 23.927545 ], [ 68.306664, 23.927532 ], [ 68.306793, 23.927492 ], [ 68.306835, 23.92748 ], [ 68.306966, 23.927439 ], [ 68.307006, 23.927427 ], [ 68.307139, 23.927386 ], [ 68.307177, 23.927375 ], [ 68.307312, 23.927333 ], [ 68.307348, 23.927322 ], [ 68.307485, 23.92728 ], [ 68.307519, 23.92727 ], [ 68.307658, 23.927227 ], [ 68.30769, 23.927218 ], [ 68.307831, 23.927174 ], [ 68.307861, 23.927165 ], [ 68.308003, 23.927121 ], [ 68.308032, 23.927113 ], [ 68.308176, 23.927068 ], [ 68.308203, 23.927061 ], [ 68.308349, 23.927015 ], [ 68.308374, 23.927008 ], [ 68.308522, 23.926963 ], [ 68.308545, 23.926956 ], [ 68.308695, 23.92691 ], [ 68.308716, 23.926903 ], [ 68.308868, 23.926857 ], [ 68.308887, 23.926851 ], [ 68.309041, 23.926804 ], [ 68.309058, 23.926799 ], [ 68.309214, 23.926751 ], [ 68.309229, 23.926746 ], [ 68.309387, 23.926698 ], [ 68.3094, 23.926694 ], [ 68.30956, 23.926645 ], [ 68.309571, 23.926642 ], [ 68.309733, 23.926592 ], [ 68.309742, 23.926589 ], [ 68.309906, 23.926539 ], [ 68.309913, 23.926537 ], [ 68.309942, 23.926528 ], [ 68.310079, 23.926486 ], [ 68.310084, 23.926484 ], [ 68.310252, 23.926433 ], [ 68.310254, 23.926432 ], [ 68.310424, 23.92638 ], [ 68.310425, 23.92638 ], [ 68.310596, 23.926327 ], [ 68.310597, 23.926327 ], [ 68.310767, 23.926275 ], [ 68.31077, 23.926274 ], [ 68.310938, 23.926223 ], [ 68.310943, 23.926221 ], [ 68.311109, 23.92617 ], [ 68.311116, 23.926168 ], [ 68.31128, 23.926118 ], [ 68.311289, 23.926115 ], [ 68.311451, 23.926066 ], [ 68.311462, 23.926062 ], [ 68.311622, 23.926013 ], [ 68.311635, 23.926009 ], [ 68.311793, 23.925961 ], [ 68.311808, 23.925956 ], [ 68.311964, 23.925909 ], [ 68.311981, 23.925903 ], [ 68.312135, 23.925856 ], [ 68.312154, 23.92585 ], [ 68.312306, 23.925804 ], [ 68.312327, 23.925797 ], [ 68.312477, 23.925751 ], [ 68.3125, 23.925744 ], [ 68.312648, 23.925699 ], [ 68.312672, 23.925691 ], [ 68.312819, 23.925647 ], [ 68.312845, 23.925638 ], [ 68.31299, 23.925594 ], [ 68.313018, 23.925586 ], [ 68.313161, 23.925542 ], [ 68.313191, 23.925533 ], [ 68.313332, 23.92549 ], [ 68.313364, 23.92548 ], [ 68.313503, 23.925437 ], [ 68.313537, 23.925427 ], [ 68.313674, 23.925385 ], [ 68.31371, 23.925374 ], [ 68.313845, 23.925333 ], [ 68.313883, 23.925321 ], [ 68.314016, 23.92528 ], [ 68.314056, 23.925268 ], [ 68.314187, 23.925228 ], [ 68.314229, 23.925215 ], [ 68.314358, 23.925176 ], [ 68.314402, 23.925162 ], [ 68.314529, 23.925123 ], [ 68.314575, 23.925109 ], [ 68.3147, 23.925071 ], [ 68.314748, 23.925056 ], [ 68.314871, 23.925019 ], [ 68.31492, 23.925003 ], [ 68.315042, 23.924966 ], [ 68.315093, 23.92495 ], [ 68.315213, 23.924914 ], [ 68.315266, 23.924897 ], [ 68.315384, 23.924861 ], [ 68.315439, 23.924844 ], [ 68.315555, 23.924809 ], [ 68.315612, 23.924791 ], [ 68.315726, 23.924757 ], [ 68.315896, 23.924703 ], [ 68.316066, 23.924648 ], [ 68.316234, 23.92459 ], [ 68.316402, 23.924531 ], [ 68.316569, 23.92447 ], [ 68.317074, 23.924279 ], [ 68.31724, 23.924218 ], [ 68.317406, 23.924159 ], [ 68.317573, 23.924102 ], [ 68.317741, 23.924047 ], [ 68.31791, 23.923994 ], [ 68.318079, 23.923943 ], [ 68.31825, 23.923894 ], [ 68.31842, 23.923847 ], [ 68.318592, 23.923801 ], [ 68.318764, 23.923758 ], [ 68.318937, 23.923716 ], [ 68.319082, 23.923683 ], [ 68.31911, 23.923676 ], [ 68.319256, 23.923643 ], [ 68.319284, 23.923636 ], [ 68.319431, 23.923603 ], [ 68.319457, 23.923596 ], [ 68.319606, 23.923562 ], [ 68.319631, 23.923556 ], [ 68.31978, 23.923522 ], [ 68.319804, 23.923516 ], [ 68.319955, 23.923482 ], [ 68.319978, 23.923476 ], [ 68.32013, 23.923441 ], [ 68.320151, 23.923436 ], [ 68.320304, 23.923401 ], [ 68.320325, 23.923396 ], [ 68.320479, 23.923361 ], [ 68.320498, 23.923356 ], [ 68.320653, 23.923321 ], [ 68.320672, 23.923316 ], [ 68.320828, 23.92328 ], [ 68.320845, 23.923276 ], [ 68.321003, 23.92324 ], [ 68.321019, 23.923236 ], [ 68.321177, 23.9232 ], [ 68.321192, 23.923196 ], [ 68.321352, 23.92316 ], [ 68.321366, 23.923156 ], [ 68.321527, 23.923119 ], [ 68.321539, 23.923116 ], [ 68.321701, 23.923079 ], [ 68.321713, 23.923076 ], [ 68.321872, 23.92304 ], [ 68.321876, 23.923039 ], [ 68.321886, 23.923036 ], [ 68.322051, 23.922998 ], [ 68.32206, 23.922996 ], [ 68.322225, 23.922958 ], [ 68.322233, 23.922956 ], [ 68.3224, 23.922918 ], [ 68.322407, 23.922916 ], [ 68.322575, 23.922878 ], [ 68.32258, 23.922876 ], [ 68.322749, 23.922837 ], [ 68.322754, 23.922836 ], [ 68.322924, 23.922797 ], [ 68.322927, 23.922796 ], [ 68.323099, 23.922757 ], [ 68.3231, 23.922756 ], [ 68.323266, 23.922718 ], [ 68.323273, 23.922718 ], [ 68.323276, 23.922718 ], [ 68.323451, 23.922709 ], [ 68.323455, 23.922709 ], [ 68.323629, 23.922701 ], [ 68.323634, 23.922701 ], [ 68.323807, 23.922692 ], [ 68.323813, 23.922692 ], [ 68.323985, 23.922684 ], [ 68.323992, 23.922683 ], [ 68.324163, 23.922675 ], [ 68.32417, 23.922675 ], [ 68.32434, 23.922667 ], [ 68.324349, 23.922666 ], [ 68.324518, 23.922658 ], [ 68.324528, 23.922658 ], [ 68.324696, 23.92265 ], [ 68.324707, 23.922649 ], [ 68.324874, 23.922642 ], [ 68.324886, 23.922641 ], [ 68.325052, 23.922633 ], [ 68.325064, 23.922632 ], [ 68.32523, 23.922625 ], [ 68.325243, 23.922624 ], [ 68.325407, 23.922616 ], [ 68.325422, 23.922615 ], [ 68.32556, 23.922609 ], [ 68.325586, 23.922613 ], [ 68.325692, 23.92263 ], [ 68.325767, 23.922643 ], [ 68.325874, 23.922659 ], [ 68.325949, 23.922672 ], [ 68.326002, 23.92268 ], [ 68.326056, 23.922689 ], [ 68.326131, 23.922702 ], [ 68.326238, 23.922718 ], [ 68.326312, 23.922731 ], [ 68.326419, 23.922748 ], [ 68.326494, 23.92276 ], [ 68.326601, 23.922777 ], [ 68.326675, 23.92279 ], [ 68.326783, 23.922807 ], [ 68.326857, 23.922819 ], [ 68.326965, 23.922836 ], [ 68.327039, 23.922849 ], [ 68.327146, 23.922866 ], [ 68.32722, 23.922878 ], [ 68.327328, 23.922895 ], [ 68.327402, 23.922908 ], [ 68.32751, 23.922925 ], [ 68.327583, 23.922937 ], [ 68.327692, 23.922954 ], [ 68.327765, 23.922967 ], [ 68.327873, 23.922984 ], [ 68.327947, 23.922996 ], [ 68.328055, 23.923013 ], [ 68.328128, 23.923026 ], [ 68.328237, 23.923043 ], [ 68.328418, 23.923073 ], [ 68.328598, 23.923106 ], [ 68.328778, 23.923141 ], [ 68.328956, 23.923178 ], [ 68.329134, 23.923217 ], [ 68.32931, 23.923258 ], [ 68.329486, 23.923301 ], [ 68.329661, 23.923346 ], [ 68.329835, 23.923393 ], [ 68.330008, 23.923442 ], [ 68.330179, 23.923493 ], [ 68.330351, 23.923547 ], [ 68.330521, 23.923602 ], [ 68.33069, 23.923659 ], [ 68.330858, 23.923719 ], [ 68.331026, 23.92378 ], [ 68.331192, 23.923844 ], [ 68.331358, 23.92391 ], [ 68.331491, 23.923964 ], [ 68.331622, 23.924047 ], [ 68.331774, 23.924147 ], [ 68.331924, 23.924248 ], [ 68.332073, 23.924351 ], [ 68.332221, 23.924455 ], [ 68.33225, 23.924477 ], [ 68.332366, 23.924562 ], [ 68.332511, 23.92467 ], [ 68.332653, 23.92478 ], [ 68.332794, 23.924891 ], [ 68.332933, 23.925004 ], [ 68.333071, 23.925119 ], [ 68.333207, 23.925236 ], [ 68.333341, 23.925354 ], [ 68.333474, 23.925474 ], [ 68.333605, 23.925596 ], [ 68.333706, 23.925693 ], [ 68.335718, 23.929049 ], [ 68.336008, 23.930726 ], [ 68.336042, 23.930906 ], [ 68.336078, 23.931086 ], [ 68.336116, 23.931267 ], [ 68.336157, 23.931447 ], [ 68.3362, 23.931628 ], [ 68.336246, 23.931808 ], [ 68.336294, 23.931989 ], [ 68.336344, 23.932169 ], [ 68.336397, 23.93235 ], [ 68.336452, 23.93253 ], [ 68.336509, 23.932711 ], [ 68.336569, 23.932892 ], [ 68.336631, 23.933073 ], [ 68.336649, 23.933122 ], [ 68.336694, 23.933253 ], [ 68.336711, 23.9333 ], [ 68.336757, 23.933434 ], [ 68.336773, 23.933478 ], [ 68.33682, 23.933615 ], [ 68.336835, 23.933656 ], [ 68.336883, 23.933796 ], [ 68.336897, 23.933834 ], [ 68.336946, 23.933976 ], [ 68.336959, 23.934012 ], [ 68.337009, 23.934157 ], [ 68.33702, 23.93419 ], [ 68.337072, 23.934338 ], [ 68.337082, 23.934368 ], [ 68.337134, 23.934519 ], [ 68.337144, 23.934546 ], [ 68.337197, 23.934699 ], [ 68.337206, 23.934724 ], [ 68.33726, 23.93488 ], [ 68.337268, 23.934902 ], [ 68.337323, 23.935061 ], [ 68.33733, 23.93508 ], [ 68.337386, 23.935241 ], [ 68.337392, 23.935258 ], [ 68.337449, 23.935422 ], [ 68.337454, 23.935436 ], [ 68.337512, 23.935603 ], [ 68.337516, 23.935614 ], [ 68.33753, 23.935654 ], [ 68.33753, 23.935718 ], [ 68.337529, 23.935783 ], [ 68.337529, 23.935897 ], [ 68.337528, 23.935963 ], [ 68.337528, 23.936075 ], [ 68.337527, 23.936143 ], [ 68.337527, 23.936254 ], [ 68.337526, 23.936322 ], [ 68.337526, 23.936432 ], [ 68.337525, 23.936502 ], [ 68.337525, 23.936611 ], [ 68.337524, 23.936682 ], [ 68.337524, 23.936789 ], [ 68.337523, 23.936862 ], [ 68.337523, 23.936968 ], [ 68.337522, 23.937042 ], [ 68.337522, 23.937146 ], [ 68.337521, 23.937221 ], [ 68.337521, 23.937325 ], [ 68.33752, 23.937401 ], [ 68.33752, 23.937503 ], [ 68.337519, 23.937581 ], [ 68.337519, 23.937682 ], [ 68.337518, 23.937761 ], [ 68.337518, 23.93786 ], [ 68.337517, 23.937941 ], [ 68.337517, 23.938039 ], [ 68.337516, 23.93812 ], [ 68.337516, 23.938217 ], [ 68.337515, 23.9383 ], [ 68.337515, 23.938396 ], [ 68.337514, 23.93848 ], [ 68.337514, 23.938574 ], [ 68.337513, 23.93866 ], [ 68.337513, 23.938753 ], [ 68.337512, 23.93884 ], [ 68.337512, 23.938931 ], [ 68.337511, 23.939019 ], [ 68.337511, 23.939109 ], [ 68.33751, 23.939199 ], [ 68.33751, 23.939288 ], [ 68.337509, 23.939379 ], [ 68.337509, 23.939466 ], [ 68.337508, 23.939559 ], [ 68.337508, 23.939645 ], [ 68.337507, 23.939739 ], [ 68.337507, 23.939823 ], [ 68.337506, 23.939918 ], [ 68.337506, 23.940002 ], [ 68.337505, 23.940098 ], [ 68.337505, 23.94018 ], [ 68.337504, 23.940278 ], [ 68.337504, 23.940359 ], [ 68.337503, 23.940458 ], [ 68.337503, 23.940537 ], [ 68.337502, 23.940638 ], [ 68.337502, 23.940716 ], [ 68.337501, 23.940817 ], [ 68.337501, 23.940894 ], [ 68.3375, 23.940997 ], [ 68.3375, 23.941073 ], [ 68.337499, 23.941177 ], [ 68.337499, 23.941251 ], [ 68.337498, 23.941357 ], [ 68.337498, 23.94143 ], [ 68.337497, 23.941537 ], [ 68.337497, 23.941608 ], [ 68.337496, 23.941716 ], [ 68.337496, 23.941787 ], [ 68.337495, 23.941896 ], [ 68.337495, 23.941965 ], [ 68.337494, 23.942076 ], [ 68.337494, 23.942144 ], [ 68.337493, 23.942256 ], [ 68.337493, 23.942322 ], [ 68.337492, 23.942436 ], [ 68.337492, 23.942501 ], [ 68.337491, 23.942615 ], [ 68.337491, 23.942679 ], [ 68.33749, 23.942795 ], [ 68.33749, 23.942858 ], [ 68.337488, 23.942975 ], [ 68.337489, 23.943036 ], [ 68.337487, 23.943155 ], [ 68.337488, 23.943215 ], [ 68.337486, 23.943335 ], [ 68.337487, 23.943393 ], [ 68.337485, 23.943514 ], [ 68.337486, 23.943572 ], [ 68.337484, 23.943694 ], [ 68.337485, 23.94375 ], [ 68.337483, 23.943874 ], [ 68.337484, 23.943929 ], [ 68.337482, 23.944054 ], [ 68.337483, 23.944107 ], [ 68.337481, 23.944234 ], [ 68.337482, 23.944286 ], [ 68.33748, 23.944413 ], [ 68.337481, 23.944464 ], [ 68.337479, 23.944593 ], [ 68.33748, 23.944643 ], [ 68.337478, 23.944773 ], [ 68.337479, 23.944821 ], [ 68.337477, 23.944953 ], [ 68.337478, 23.945 ], [ 68.337476, 23.945133 ], [ 68.337477, 23.945178 ], [ 68.337475, 23.945312 ], [ 68.337476, 23.945357 ], [ 68.337474, 23.945492 ], [ 68.337475, 23.945535 ], [ 68.337473, 23.945672 ], [ 68.337474, 23.945714 ], [ 68.337472, 23.945852 ], [ 68.337473, 23.945892 ], [ 68.337471, 23.946032 ], [ 68.337472, 23.946071 ], [ 68.33747, 23.946211 ], [ 68.337471, 23.946249 ], [ 68.337469, 23.946391 ], [ 68.33747, 23.946428 ], [ 68.337468, 23.946571 ], [ 68.337468, 23.946606 ], [ 68.337467, 23.946751 ], [ 68.337467, 23.946785 ], [ 68.337466, 23.946931 ], [ 68.337466, 23.946963 ], [ 68.337465, 23.94711 ], [ 68.337465, 23.947142 ], [ 68.337464, 23.94729 ], [ 68.337464, 23.94732 ], [ 68.337463, 23.94747 ], [ 68.337463, 23.947499 ], [ 68.337462, 23.94765 ], [ 68.337462, 23.947677 ], [ 68.337461, 23.94783 ], [ 68.337461, 23.947856 ], [ 68.33746, 23.94801 ], [ 68.33746, 23.948034 ], [ 68.337459, 23.948189 ], [ 68.337459, 23.948213 ], [ 68.337458, 23.948369 ], [ 68.337458, 23.948391 ], [ 68.337457, 23.948549 ], [ 68.337457, 23.94857 ], [ 68.337456, 23.948729 ], [ 68.337456, 23.948748 ], [ 68.337455, 23.948909 ], [ 68.337455, 23.948927 ], [ 68.337454, 23.949088 ], [ 68.337454, 23.949105 ], [ 68.337454, 23.949117 ], [ 68.337451, 23.949139 ], [ 68.33743, 23.949268 ], [ 68.337423, 23.949318 ], [ 68.337402, 23.949447 ], [ 68.337395, 23.949498 ], [ 68.337374, 23.949627 ], [ 68.337367, 23.949677 ], [ 68.337346, 23.949806 ], [ 68.337338, 23.949856 ], [ 68.337318, 23.949985 ], [ 68.33731, 23.950036 ], [ 68.337289, 23.950165 ], [ 68.337282, 23.950215 ], [ 68.337261, 23.950344 ], [ 68.337254, 23.950394 ], [ 68.337233, 23.950524 ], [ 68.337226, 23.950574 ], [ 68.337205, 23.950703 ], [ 68.337197, 23.950753 ], [ 68.337177, 23.950882 ], [ 68.337169, 23.950932 ], [ 68.337149, 23.951062 ], [ 68.337141, 23.951112 ], [ 68.33712, 23.951241 ], [ 68.337113, 23.951291 ], [ 68.337092, 23.951421 ], [ 68.337085, 23.95147 ], [ 68.337064, 23.9516 ], [ 68.337037, 23.951779 ], [ 68.337012, 23.951959 ], [ 68.33699, 23.952138 ], [ 68.336969, 23.952318 ], [ 68.33695, 23.952497 ], [ 68.336933, 23.952677 ], [ 68.336918, 23.952857 ], [ 68.336905, 23.953036 ], [ 68.336894, 23.953216 ], [ 68.336884, 23.953395 ], [ 68.336877, 23.953575 ], [ 68.336872, 23.953755 ], [ 68.336869, 23.953935 ], [ 68.336867, 23.954114 ], [ 68.336868, 23.954294 ], [ 68.336871, 23.954474 ], [ 68.336875, 23.954651 ], [ 68.336916, 23.954816 ], [ 68.33696, 23.954991 ], [ 68.337007, 23.955165 ], [ 68.337056, 23.955339 ], [ 68.337106, 23.955512 ], [ 68.337158, 23.955684 ], [ 68.337212, 23.955856 ], [ 68.337212, 23.955857 ], [ 68.337266, 23.956027 ], [ 68.337267, 23.956028 ], [ 68.33732, 23.956198 ], [ 68.337321, 23.9562 ], [ 68.337374, 23.95637 ], [ 68.337375, 23.956372 ], [ 68.337428, 23.956541 ], [ 68.337429, 23.956543 ], [ 68.337482, 23.956712 ], [ 68.337483, 23.956715 ], [ 68.337536, 23.956884 ], [ 68.337537, 23.956887 ], [ 68.33759, 23.957055 ], [ 68.337591, 23.957058 ], [ 68.337644, 23.957226 ], [ 68.337645, 23.95723 ], [ 68.337698, 23.957398 ], [ 68.337699, 23.957401 ], [ 68.337752, 23.957569 ], [ 68.337753, 23.957573 ], [ 68.337806, 23.95774 ], [ 68.337808, 23.957745 ], [ 68.33786, 23.957912 ], [ 68.337862, 23.957916 ], [ 68.337914, 23.958083 ], [ 68.337916, 23.958088 ], [ 68.337968, 23.958255 ], [ 68.33797, 23.95826 ], [ 68.338022, 23.958426 ], [ 68.338024, 23.958431 ], [ 68.338076, 23.958597 ], [ 68.338078, 23.958603 ], [ 68.33813, 23.958769 ], [ 68.338132, 23.958775 ], [ 68.338184, 23.95894 ], [ 68.338186, 23.958946 ], [ 68.338238, 23.959111 ], [ 68.33824, 23.959118 ], [ 68.338292, 23.959283 ], [ 68.338294, 23.959289 ], [ 68.338346, 23.959454 ], [ 68.338349, 23.959461 ], [ 68.3384, 23.959625 ], [ 68.338403, 23.959633 ], [ 68.338454, 23.959797 ], [ 68.338457, 23.959804 ], [ 68.338508, 23.959968 ], [ 68.338511, 23.959976 ], [ 68.338562, 23.96014 ], [ 68.338565, 23.960148 ], [ 68.338616, 23.960311 ], [ 68.338619, 23.960319 ], [ 68.33867, 23.960482 ], [ 68.338673, 23.960491 ], [ 68.338724, 23.960654 ], [ 68.338727, 23.960662 ], [ 68.338778, 23.960825 ], [ 68.338781, 23.960834 ], [ 68.338832, 23.960996 ], [ 68.338836, 23.961006 ], [ 68.338886, 23.961168 ], [ 68.33889, 23.961177 ], [ 68.33894, 23.961339 ], [ 68.338944, 23.961349 ], [ 68.338994, 23.96151 ], [ 68.338998, 23.961521 ], [ 68.339049, 23.961682 ], [ 68.339052, 23.961692 ], [ 68.339103, 23.961853 ], [ 68.339106, 23.961864 ], [ 68.339157, 23.962025 ], [ 68.33916, 23.962036 ], [ 68.339211, 23.962196 ], [ 68.339214, 23.962207 ], [ 68.339265, 23.962367 ], [ 68.339268, 23.962379 ], [ 68.339319, 23.962539 ], [ 68.339374, 23.962709 ], [ 68.339432, 23.962879 ], [ 68.339492, 23.963048 ], [ 68.339554, 23.963216 ], [ 68.339618, 23.963383 ], [ 68.339684, 23.96355 ], [ 68.339751, 23.963715 ], [ 68.339821, 23.96388 ], [ 68.339893, 23.964044 ], [ 68.339967, 23.964207 ], [ 68.340042, 23.96437 ], [ 68.34012, 23.964531 ], [ 68.3402, 23.964692 ], [ 68.340282, 23.964852 ], [ 68.340365, 23.965011 ], [ 68.340451, 23.965169 ], [ 68.340473, 23.965208 ], [ 68.340494, 23.965239 ], [ 68.340503, 23.965253 ], [ 68.340595, 23.965386 ], [ 68.340604, 23.965398 ], [ 68.340696, 23.965532 ], [ 68.340704, 23.965544 ], [ 68.340797, 23.965678 ], [ 68.340805, 23.96569 ], [ 68.340898, 23.965825 ], [ 68.340905, 23.965835 ], [ 68.340998, 23.965971 ], [ 68.341005, 23.965981 ], [ 68.341099, 23.966117 ], [ 68.341106, 23.966126 ], [ 68.3412, 23.966263 ], [ 68.341206, 23.966272 ], [ 68.341301, 23.96641 ], [ 68.341307, 23.966418 ], [ 68.341402, 23.966556 ], [ 68.341407, 23.966563 ], [ 68.341503, 23.966702 ], [ 68.341507, 23.966709 ], [ 68.341604, 23.966849 ], [ 68.341608, 23.966855 ], [ 68.341704, 23.966995 ], [ 68.341708, 23.967 ], [ 68.341805, 23.967141 ], [ 68.341809, 23.967146 ], [ 68.341906, 23.967287 ], [ 68.341909, 23.967291 ], [ 68.342007, 23.967434 ], [ 68.342009, 23.967437 ], [ 68.342108, 23.96758 ], [ 68.34211, 23.967583 ], [ 68.342209, 23.967726 ], [ 68.34221, 23.967728 ], [ 68.34231, 23.967873 ], [ 68.342311, 23.967874 ], [ 68.34241, 23.968019 ], [ 68.342411, 23.96802 ], [ 68.342511, 23.968165 ], [ 68.342511, 23.968165 ], [ 68.342612, 23.968311 ], [ 68.342612, 23.968311 ], [ 68.342712, 23.968456 ], [ 68.342713, 23.968458 ], [ 68.342775, 23.968547 ], [ 68.342818, 23.968599 ], [ 68.342846, 23.968633 ], [ 68.342931, 23.968735 ], [ 68.342961, 23.968771 ], [ 68.343045, 23.968871 ], [ 68.343075, 23.968909 ], [ 68.343158, 23.969008 ], [ 68.34319, 23.969046 ], [ 68.343272, 23.969144 ], [ 68.343305, 23.969184 ], [ 68.343386, 23.96928 ], [ 68.343419, 23.969321 ], [ 68.343499, 23.969417 ], [ 68.343534, 23.969459 ], [ 68.343613, 23.969553 ], [ 68.343648, 23.969596 ], [ 68.343726, 23.969689 ], [ 68.343763, 23.969734 ], [ 68.34384, 23.969826 ], [ 68.343878, 23.969871 ], [ 68.343954, 23.969962 ], [ 68.343966, 23.969977 ], [ 68.343992, 23.970009 ], [ 68.344067, 23.970098 ], [ 68.344107, 23.970147 ], [ 68.344181, 23.970235 ], [ 68.344221, 23.970284 ], [ 68.344294, 23.970371 ], [ 68.344336, 23.970422 ], [ 68.344408, 23.970507 ], [ 68.34445, 23.970559 ], [ 68.344522, 23.970644 ], [ 68.344565, 23.970697 ], [ 68.344635, 23.97078 ], [ 68.34468, 23.970834 ], [ 68.344749, 23.970917 ], [ 68.344794, 23.970972 ], [ 68.344862, 23.971053 ], [ 68.344909, 23.971109 ], [ 68.344976, 23.971189 ], [ 68.345023, 23.971247 ], [ 68.34509, 23.971326 ], [ 68.345138, 23.971385 ], [ 68.345203, 23.971462 ], [ 68.345253, 23.971522 ], [ 68.345317, 23.971598 ], [ 68.345367, 23.97166 ], [ 68.34543, 23.971735 ], [ 68.345482, 23.971797 ], [ 68.345544, 23.971871 ], [ 68.345596, 23.971935 ], [ 68.345712, 23.972072 ], [ 68.345829, 23.972207 ], [ 68.345947, 23.972341 ], [ 68.346067, 23.972473 ], [ 68.346189, 23.972603 ], [ 68.346312, 23.972732 ], [ 68.346437, 23.97286 ], [ 68.346563, 23.972986 ], [ 68.346691, 23.97311 ], [ 68.346821, 23.973233 ], [ 68.346952, 23.973354 ], [ 68.347085, 23.973474 ], [ 68.347219, 23.973592 ], [ 68.347355, 23.973708 ], [ 68.347493, 23.973823 ], [ 68.347632, 23.973937 ], [ 68.347651, 23.973952 ], [ 68.347771, 23.97405 ], [ 68.34779, 23.974065 ], [ 68.347911, 23.974163 ], [ 68.34793, 23.974179 ], [ 68.34805, 23.974277 ], [ 68.34807, 23.974292 ], [ 68.348189, 23.97439 ], [ 68.348209, 23.974406 ], [ 68.348329, 23.974503 ], [ 68.348349, 23.974519 ], [ 68.348468, 23.974616 ], [ 68.348488, 23.974632 ], [ 68.348607, 23.97473 ], [ 68.348628, 23.974746 ], [ 68.348747, 23.974843 ], [ 68.348767, 23.974859 ], [ 68.348886, 23.974956 ], [ 68.348907, 23.974972 ], [ 68.349025, 23.975069 ], [ 68.349046, 23.975086 ], [ 68.349165, 23.975182 ], [ 68.349186, 23.975199 ], [ 68.349304, 23.975296 ], [ 68.349325, 23.975313 ], [ 68.349443, 23.975409 ], [ 68.349453, 23.975416 ], [ 68.349465, 23.975426 ], [ 68.349583, 23.975522 ], [ 68.349604, 23.975539 ], [ 68.349722, 23.975635 ], [ 68.349744, 23.975653 ], [ 68.349861, 23.975749 ], [ 68.349883, 23.975766 ], [ 68.35, 23.975862 ], [ 68.350023, 23.975879 ], [ 68.35014, 23.975975 ], [ 68.350162, 23.975993 ], [ 68.350279, 23.976088 ], [ 68.350302, 23.976106 ], [ 68.350418, 23.976202 ], [ 68.350441, 23.97622 ], [ 68.350456, 23.976232 ], [ 68.350499, 23.976258 ], [ 68.350593, 23.976314 ], [ 68.350653, 23.97635 ], [ 68.350747, 23.976405 ], [ 68.350806, 23.976441 ], [ 68.3509, 23.976497 ], [ 68.35096, 23.976533 ], [ 68.351053, 23.976588 ], [ 68.351113, 23.976625 ], [ 68.351207, 23.97668 ], [ 68.351267, 23.976716 ], [ 68.35136, 23.976772 ], [ 68.351413, 23.976804 ], [ 68.351419, 23.97681 ], [ 68.351428, 23.97682 ], [ 68.351546, 23.976951 ], [ 68.351553, 23.976958 ], [ 68.351672, 23.977091 ], [ 68.351677, 23.977096 ], [ 68.351799, 23.977232 ], [ 68.351801, 23.977234 ], [ 68.351845, 23.977283 ], [ 68.351925, 23.977372 ], [ 68.351926, 23.977372 ], [ 68.35205, 23.97751 ], [ 68.352052, 23.977512 ], [ 68.352174, 23.977648 ], [ 68.352178, 23.977653 ], [ 68.352299, 23.977786 ], [ 68.352305, 23.977793 ], [ 68.352423, 23.977924 ], [ 68.352431, 23.977934 ], [ 68.352548, 23.978062 ], [ 68.352558, 23.978074 ], [ 68.352672, 23.9782 ], [ 68.352685, 23.978215 ], [ 68.352796, 23.978338 ], [ 68.352811, 23.978355 ], [ 68.352921, 23.978476 ], [ 68.352938, 23.978496 ], [ 68.353045, 23.978614 ], [ 68.353064, 23.978636 ], [ 68.353169, 23.978752 ], [ 68.353191, 23.978776 ], [ 68.353294, 23.97889 ], [ 68.353317, 23.978917 ], [ 68.353418, 23.979028 ], [ 68.353444, 23.979057 ], [ 68.353543, 23.979166 ], [ 68.35357, 23.979198 ], [ 68.353667, 23.979305 ], [ 68.353697, 23.979338 ], [ 68.353791, 23.979443 ], [ 68.353823, 23.979479 ], [ 68.35395, 23.979619 ], [ 68.354078, 23.979756 ], [ 68.354208, 23.979891 ], [ 68.354339, 23.980023 ], [ 68.354471, 23.980153 ], [ 68.354605, 23.980281 ], [ 68.35474, 23.980406 ], [ 68.354876, 23.980529 ], [ 68.355014, 23.980649 ], [ 68.355153, 23.980767 ], [ 68.355293, 23.980883 ], [ 68.355435, 23.980996 ], [ 68.355578, 23.981107 ], [ 68.355722, 23.981215 ], [ 68.355868, 23.981321 ], [ 68.355898, 23.981342 ], [ 68.356014, 23.981426 ], [ 68.356021, 23.98143 ], [ 68.356144, 23.981519 ], [ 68.35616, 23.981531 ], [ 68.356306, 23.981635 ], [ 68.356454, 23.981737 ], [ 68.356603, 23.981837 ], [ 68.356754, 23.981934 ], [ 68.356905, 23.982029 ], [ 68.357059, 23.982122 ], [ 68.357213, 23.982212 ], [ 68.357364, 23.982296 ], [ 68.357369, 23.982299 ], [ 68.357517, 23.982382 ], [ 68.357525, 23.982387 ], [ 68.357671, 23.982469 ], [ 68.357681, 23.982474 ], [ 68.357824, 23.982555 ], [ 68.357836, 23.982562 ], [ 68.357978, 23.982641 ], [ 68.357992, 23.982649 ], [ 68.358132, 23.982727 ], [ 68.358148, 23.982737 ], [ 68.358285, 23.982814 ], [ 68.358304, 23.982824 ], [ 68.358439, 23.9829 ], [ 68.35846, 23.982912 ], [ 68.358592, 23.982986 ], [ 68.358615, 23.982999 ], [ 68.358746, 23.983072 ], [ 68.358771, 23.983087 ], [ 68.3589, 23.983159 ], [ 68.358927, 23.983175 ], [ 68.359053, 23.983245 ], [ 68.359083, 23.983262 ], [ 68.359207, 23.983331 ], [ 68.359239, 23.98335 ], [ 68.359361, 23.983418 ], [ 68.359395, 23.983437 ], [ 68.359514, 23.983504 ], [ 68.35955, 23.983525 ], [ 68.359668, 23.98359 ], [ 68.359706, 23.983612 ], [ 68.359821, 23.983676 ], [ 68.359862, 23.9837 ], [ 68.359975, 23.983763 ], [ 68.360018, 23.983787 ], [ 68.360129, 23.983849 ], [ 68.360174, 23.983875 ], [ 68.360282, 23.983935 ], [ 68.36033, 23.983962 ], [ 68.360436, 23.984021 ], [ 68.360485, 23.98405 ], [ 68.360589, 23.984108 ], [ 68.360641, 23.984137 ], [ 68.360743, 23.984194 ], [ 68.360797, 23.984225 ], [ 68.360897, 23.98428 ], [ 68.360953, 23.984313 ], [ 68.36105, 23.984367 ], [ 68.361109, 23.9844 ], [ 68.361204, 23.984453 ], [ 68.361264, 23.984488 ], [ 68.361357, 23.984539 ], [ 68.36142, 23.984575 ], [ 68.361511, 23.984625 ], [ 68.361576, 23.984663 ], [ 68.361665, 23.984712 ], [ 68.361732, 23.98475 ], [ 68.361818, 23.984798 ], [ 68.361888, 23.984838 ], [ 68.361972, 23.984884 ], [ 68.362044, 23.984925 ], [ 68.362125, 23.984971 ], [ 68.362199, 23.985013 ], [ 68.362279, 23.985057 ], [ 68.362355, 23.9851 ], [ 68.362433, 23.985143 ], [ 68.362511, 23.985188 ], [ 68.362586, 23.985229 ], [ 68.362667, 23.985275 ], [ 68.36274, 23.985316 ], [ 68.362823, 23.985363 ], [ 68.362893, 23.985402 ], [ 68.362978, 23.98545 ], [ 68.363047, 23.985488 ], [ 68.363134, 23.985538 ], [ 68.363201, 23.985575 ], [ 68.36329, 23.985626 ], [ 68.363354, 23.985661 ], [ 68.363446, 23.985713 ], [ 68.363508, 23.985747 ], [ 68.363602, 23.985801 ], [ 68.363662, 23.985833 ], [ 68.363758, 23.985888 ], [ 68.363914, 23.985974 ], [ 68.364072, 23.986058 ], [ 68.364232, 23.986139 ], [ 68.364393, 23.986217 ], [ 68.364555, 23.986293 ], [ 68.364718, 23.986367 ], [ 68.364877, 23.986435 ], [ 68.364883, 23.986438 ], [ 68.365042, 23.986507 ], [ 68.365207, 23.986581 ], [ 68.365372, 23.986658 ], [ 68.365535, 23.986738 ], [ 68.365697, 23.98682 ], [ 68.365859, 23.986906 ], [ 68.366019, 23.986993 ], [ 68.366179, 23.987084 ], [ 68.366338, 23.987177 ], [ 68.366496, 23.987273 ], [ 68.366653, 23.987372 ], [ 68.366809, 23.987473 ], [ 68.366838, 23.987493 ], [ 68.366965, 23.987575 ], [ 68.366987, 23.98759 ], [ 68.36706, 23.987609 ], [ 68.367138, 23.987627 ], [ 68.367235, 23.987652 ], [ 68.367313, 23.98767 ], [ 68.36741, 23.987695 ], [ 68.367488, 23.987713 ], [ 68.367585, 23.987737 ], [ 68.367663, 23.987756 ], [ 68.367759, 23.98778 ], [ 68.367838, 23.987799 ], [ 68.367934, 23.987823 ], [ 68.368013, 23.987842 ], [ 68.368109, 23.987866 ], [ 68.368188, 23.987885 ], [ 68.368283, 23.987909 ], [ 68.368363, 23.987928 ], [ 68.368458, 23.987952 ], [ 68.368538, 23.987971 ], [ 68.368633, 23.987995 ], [ 68.368713, 23.988014 ], [ 68.368807, 23.988038 ], [ 68.368888, 23.988057 ], [ 68.368982, 23.988081 ], [ 68.369063, 23.9881 ], [ 68.369157, 23.988124 ], [ 68.369238, 23.988143 ], [ 68.369332, 23.988167 ], [ 68.369413, 23.988186 ], [ 68.369506, 23.988209 ], [ 68.369588, 23.988229 ], [ 68.369681, 23.988252 ], [ 68.369763, 23.988272 ], [ 68.369856, 23.988295 ], [ 68.369938, 23.988315 ], [ 68.37003, 23.988338 ], [ 68.370113, 23.988358 ], [ 68.370205, 23.988381 ], [ 68.370288, 23.988401 ], [ 68.37038, 23.988424 ], [ 68.370463, 23.988444 ], [ 68.370555, 23.988467 ], [ 68.370638, 23.988487 ], [ 68.370729, 23.98851 ], [ 68.370813, 23.98853 ], [ 68.370904, 23.988553 ], [ 68.370988, 23.988573 ], [ 68.371079, 23.988596 ], [ 68.371163, 23.988616 ], [ 68.371253, 23.988638 ], [ 68.371338, 23.988659 ], [ 68.371428, 23.988681 ], [ 68.371513, 23.988702 ], [ 68.371603, 23.988724 ], [ 68.371688, 23.988744 ], [ 68.371777, 23.988767 ], [ 68.371863, 23.988787 ], [ 68.371952, 23.98881 ], [ 68.372038, 23.98883 ], [ 68.372127, 23.988853 ], [ 68.372213, 23.988873 ], [ 68.372302, 23.988896 ], [ 68.372388, 23.988916 ], [ 68.372476, 23.988939 ], [ 68.372563, 23.988959 ], [ 68.372651, 23.988982 ], [ 68.372738, 23.989002 ], [ 68.372826, 23.989025 ], [ 68.372913, 23.989045 ], [ 68.373, 23.989068 ], [ 68.373088, 23.989088 ], [ 68.373175, 23.98911 ], [ 68.373263, 23.989131 ], [ 68.37335, 23.989153 ], [ 68.373438, 23.989174 ], [ 68.373525, 23.989196 ], [ 68.373613, 23.989217 ], [ 68.373699, 23.989239 ], [ 68.373788, 23.98926 ], [ 68.373874, 23.989282 ], [ 68.373963, 23.989303 ], [ 68.374049, 23.989325 ], [ 68.374138, 23.989346 ], [ 68.374313, 23.989391 ], [ 68.375823, 23.9898 ], [ 68.375999, 23.989845 ], [ 68.376176, 23.989887 ], [ 68.376354, 23.989927 ], [ 68.376534, 23.989964 ], [ 68.376715, 23.989999 ], [ 68.376898, 23.990031 ], [ 68.376932, 23.990036 ], [ 68.37785, 23.989068 ], [ 68.377987, 23.988918 ], [ 68.37812, 23.988768 ], [ 68.378249, 23.988617 ], [ 68.378251, 23.988616 ], [ 68.378334, 23.988517 ], [ 68.378378, 23.988466 ], [ 68.378504, 23.988314 ], [ 68.378627, 23.988162 ], [ 68.378746, 23.988008 ], [ 68.378861, 23.987853 ], [ 68.378972, 23.987697 ], [ 68.379079, 23.98754 ], [ 68.379183, 23.987382 ], [ 68.379283, 23.987223 ], [ 68.379378, 23.987063 ], [ 68.37947, 23.986902 ], [ 68.379559, 23.98674 ], [ 68.379607, 23.986647 ], [ 68.379645, 23.986578 ], [ 68.379691, 23.986488 ], [ 68.37973, 23.986415 ], [ 68.379775, 23.986329 ], [ 68.379816, 23.986252 ], [ 68.379859, 23.986169 ], [ 68.379902, 23.98609 ], [ 68.379943, 23.98601 ], [ 68.379988, 23.985927 ], [ 68.380028, 23.985851 ], [ 68.380074, 23.985765 ], [ 68.380112, 23.985691 ], [ 68.38016, 23.985602 ], [ 68.380196, 23.985532 ], [ 68.380246, 23.985439 ], [ 68.38028, 23.985373 ], [ 68.380332, 23.985277 ], [ 68.380364, 23.985214 ], [ 68.380418, 23.985114 ], [ 68.380448, 23.985054 ], [ 68.380504, 23.984951 ], [ 68.380533, 23.984895 ], [ 68.38059, 23.984789 ], [ 68.380617, 23.984736 ], [ 68.380676, 23.984626 ], [ 68.380701, 23.984577 ], [ 68.380762, 23.984464 ], [ 68.380785, 23.984417 ], [ 68.380848, 23.984301 ], [ 68.380869, 23.984258 ], [ 68.380934, 23.984138 ], [ 68.380954, 23.984099 ], [ 68.381019, 23.983976 ], [ 68.381038, 23.983939 ], [ 68.381105, 23.983813 ], [ 68.381122, 23.98378 ], [ 68.381191, 23.983651 ], [ 68.381206, 23.983621 ], [ 68.381277, 23.983488 ], [ 68.38129, 23.983462 ], [ 68.381363, 23.983325 ], [ 68.381375, 23.983302 ], [ 68.381449, 23.983163 ], [ 68.381459, 23.983143 ], [ 68.381535, 23.983 ], [ 68.381617, 23.982836 ], [ 68.381693, 23.982671 ], [ 68.381765, 23.982505 ], [ 68.381832, 23.982337 ], [ 68.381894, 23.982168 ], [ 68.381927, 23.982068 ], [ 68.381953, 23.981998 ], [ 68.38198, 23.981916 ], [ 68.382012, 23.981828 ], [ 68.382033, 23.981764 ], [ 68.38207, 23.981658 ], [ 68.382126, 23.981488 ], [ 68.382176, 23.981316 ], [ 68.382222, 23.981142 ], [ 68.382257, 23.980993 ], [ 68.382263, 23.980968 ], [ 68.382298, 23.98082 ], [ 68.382305, 23.980793 ], [ 68.382339, 23.980647 ], [ 68.382346, 23.980619 ], [ 68.38238, 23.980474 ], [ 68.382387, 23.980444 ], [ 68.382421, 23.980301 ], [ 68.382429, 23.98027 ], [ 68.382462, 23.980127 ], [ 68.38247, 23.980095 ], [ 68.382503, 23.979954 ], [ 68.382512, 23.979921 ], [ 68.382544, 23.979781 ], [ 68.382553, 23.979746 ], [ 68.382585, 23.979608 ], [ 68.382594, 23.979572 ], [ 68.382626, 23.979434 ], [ 68.382636, 23.979397 ], [ 68.382667, 23.979261 ], [ 68.382677, 23.979222 ], [ 68.382708, 23.979088 ], [ 68.382718, 23.979048 ], [ 68.382749, 23.978915 ], [ 68.38276, 23.978873 ], [ 68.38279, 23.978741 ], [ 68.382801, 23.978699 ], [ 68.382831, 23.978568 ], [ 68.382843, 23.978524 ], [ 68.382872, 23.978395 ], [ 68.382884, 23.97835 ], [ 68.382913, 23.978222 ], [ 68.382925, 23.978175 ], [ 68.382954, 23.978049 ], [ 68.382967, 23.978001 ], [ 68.382995, 23.977875 ], [ 68.383008, 23.977826 ], [ 68.383036, 23.977702 ], [ 68.383049, 23.977652 ], [ 68.383077, 23.977529 ], [ 68.383091, 23.977477 ], [ 68.383108, 23.977402 ], [ 68.383118, 23.977356 ], [ 68.383132, 23.977303 ], [ 68.38316, 23.977182 ], [ 68.383173, 23.977128 ], [ 68.383201, 23.977009 ], [ 68.383215, 23.976954 ], [ 68.383242, 23.976836 ], [ 68.383256, 23.976779 ], [ 68.383283, 23.976663 ], [ 68.383298, 23.976605 ], [ 68.383324, 23.97649 ], [ 68.383339, 23.97643 ], [ 68.383365, 23.976316 ], [ 68.38338, 23.976256 ], [ 68.383406, 23.976143 ], [ 68.383422, 23.976081 ], [ 68.383447, 23.97597 ], [ 68.383463, 23.975907 ], [ 68.383488, 23.975797 ], [ 68.383504, 23.975732 ], [ 68.383529, 23.975623 ], [ 68.383546, 23.975557 ], [ 68.38357, 23.97545 ], [ 68.383587, 23.975383 ], [ 68.383611, 23.975277 ], [ 68.383628, 23.975208 ], [ 68.383652, 23.975104 ], [ 68.38367, 23.975034 ], [ 68.383693, 23.97493 ], [ 68.383711, 23.974859 ], [ 68.383734, 23.974757 ], [ 68.383753, 23.974685 ], [ 68.383775, 23.974584 ], [ 68.383794, 23.97451 ], [ 68.383816, 23.974411 ], [ 68.383835, 23.974336 ], [ 68.383857, 23.974238 ], [ 68.383877, 23.974161 ], [ 68.383898, 23.974064 ], [ 68.383918, 23.973987 ], [ 68.383939, 23.973891 ], [ 68.383959, 23.973812 ], [ 68.38398, 23.973718 ], [ 68.384024, 23.973545 ], [ 68.384072, 23.973373 ], [ 68.384096, 23.973298 ], [ 68.384123, 23.973202 ], [ 68.38413, 23.973181 ], [ 68.38414, 23.973158 ], [ 68.384193, 23.973037 ], [ 68.384198, 23.973024 ], [ 68.384259, 23.972884 ], [ 68.384329, 23.972736 ], [ 68.384334, 23.972725 ], [ 68.384423, 23.972576 ], [ 68.384499, 23.972455 ], [ 68.384515, 23.972428 ], [ 68.384594, 23.972304 ], [ 68.384607, 23.972281 ], [ 68.384688, 23.972152 ], [ 68.384699, 23.972133 ], [ 68.384782, 23.972 ], [ 68.384791, 23.971986 ], [ 68.384877, 23.971849 ], [ 68.384883, 23.971838 ], [ 68.384971, 23.971697 ], [ 68.384975, 23.971691 ], [ 68.385065, 23.971546 ], [ 68.385067, 23.971543 ], [ 68.385159, 23.971396 ], [ 68.38516, 23.971394 ], [ 68.385196, 23.971336 ], [ 68.385251, 23.971248 ], [ 68.385254, 23.971242 ], [ 68.385342, 23.9711 ], [ 68.385349, 23.971091 ], [ 68.385434, 23.970953 ], [ 68.385443, 23.970939 ], [ 68.385526, 23.970805 ], [ 68.385538, 23.970788 ], [ 68.385618, 23.970658 ], [ 68.385632, 23.970636 ], [ 68.38571, 23.97051 ], [ 68.385718, 23.9705 ], [ 68.38573, 23.970487 ], [ 68.385833, 23.970361 ], [ 68.385845, 23.970347 ], [ 68.385948, 23.970221 ], [ 68.38596, 23.970207 ], [ 68.386064, 23.970081 ], [ 68.386076, 23.970067 ], [ 68.386179, 23.969941 ], [ 68.386185, 23.969934 ], [ 68.386191, 23.969927 ], [ 68.386294, 23.969802 ], [ 68.386306, 23.969787 ], [ 68.386409, 23.969662 ], [ 68.386422, 23.969648 ], [ 68.386524, 23.969522 ], [ 68.386537, 23.969508 ], [ 68.38664, 23.969382 ], [ 68.386652, 23.969368 ], [ 68.386755, 23.969243 ], [ 68.386767, 23.969228 ], [ 68.38687, 23.969103 ], [ 68.386883, 23.969088 ], [ 68.386985, 23.968963 ], [ 68.387104, 23.968827 ], [ 68.387226, 23.968696 ], [ 68.387352, 23.968568 ], [ 68.387481, 23.968445 ], [ 68.387614, 23.968326 ], [ 68.387616, 23.968324 ], [ 68.387747, 23.968208 ], [ 68.38775, 23.968206 ], [ 68.38788, 23.968089 ], [ 68.387883, 23.968087 ], [ 68.388014, 23.96797 ], [ 68.388016, 23.967968 ], [ 68.388107, 23.967887 ], [ 68.388161, 23.967862 ], [ 68.38823, 23.967829 ], [ 68.388332, 23.967784 ], [ 68.388401, 23.96775 ], [ 68.388502, 23.967705 ], [ 68.388572, 23.967671 ], [ 68.388673, 23.967626 ], [ 68.388743, 23.967592 ], [ 68.388843, 23.967547 ], [ 68.388914, 23.967513 ], [ 68.389014, 23.967468 ], [ 68.389085, 23.967434 ], [ 68.389184, 23.96739 ], [ 68.389256, 23.967354 ], [ 68.389355, 23.967311 ], [ 68.389427, 23.967275 ], [ 68.389525, 23.967232 ], [ 68.389598, 23.967196 ], [ 68.389696, 23.967153 ], [ 68.38977, 23.967117 ], [ 68.389866, 23.967074 ], [ 68.389941, 23.967038 ], [ 68.390037, 23.966996 ], [ 68.390112, 23.966959 ], [ 68.390283, 23.966883 ], [ 68.390456, 23.966816 ], [ 68.390629, 23.966758 ], [ 68.390803, 23.966707 ], [ 68.390979, 23.966665 ], [ 68.391155, 23.966631 ], [ 68.391332, 23.966606 ], [ 68.391511, 23.966589 ], [ 68.39169, 23.96658 ], [ 68.39171, 23.96658 ], [ 68.391869, 23.966573 ], [ 68.391872, 23.966573 ], [ 68.39199, 23.966568 ], [ 68.392033, 23.966574 ], [ 68.392097, 23.96658 ], [ 68.392194, 23.966594 ], [ 68.392269, 23.966602 ], [ 68.39244, 23.966627 ], [ 68.39261, 23.966659 ], [ 68.392778, 23.9667 ], [ 68.392945, 23.966748 ], [ 68.39295, 23.966749 ], [ 68.393111, 23.966796 ], [ 68.393115, 23.966797 ], [ 68.393278, 23.966844 ], [ 68.39328, 23.966845 ], [ 68.393444, 23.966893 ], [ 68.393445, 23.966893 ], [ 68.39361, 23.966941 ], [ 68.393611, 23.966941 ], [ 68.393776, 23.966989 ], [ 68.393777, 23.966989 ], [ 68.393941, 23.967037 ], [ 68.393943, 23.967038 ], [ 68.394107, 23.967085 ], [ 68.39411, 23.967086 ], [ 68.394268, 23.967132 ], [ 68.394272, 23.967133 ], [ 68.394412, 23.967181 ], [ 68.394434, 23.967189 ], [ 68.394564, 23.967232 ], [ 68.394597, 23.967244 ], [ 68.394715, 23.967283 ], [ 68.394759, 23.9673 ], [ 68.394867, 23.967335 ], [ 68.394922, 23.967355 ], [ 68.395018, 23.967386 ], [ 68.395085, 23.96741 ], [ 68.39517, 23.967438 ], [ 68.395247, 23.967466 ], [ 68.395315, 23.967487 ], [ 68.395332, 23.967495 ], [ 68.395406, 23.967532 ], [ 68.395491, 23.967571 ], [ 68.395522, 23.967587 ], [ 68.395561, 23.967607 ], [ 68.39565, 23.967647 ], [ 68.395717, 23.967682 ], [ 68.395808, 23.967724 ], [ 68.395872, 23.967756 ], [ 68.395967, 23.9678 ], [ 68.396123, 23.96788 ], [ 68.396275, 23.967967 ], [ 68.396423, 23.968061 ], [ 68.396567, 23.968161 ], [ 68.396647, 23.968222 ], [ 68.396709, 23.968266 ], [ 68.396792, 23.968329 ], [ 68.396851, 23.96837 ], [ 68.396937, 23.968436 ], [ 68.396992, 23.968474 ], [ 68.397082, 23.968543 ], [ 68.397134, 23.968579 ], [ 68.397227, 23.96865 ], [ 68.397275, 23.968683 ], [ 68.397372, 23.968756 ], [ 68.397417, 23.968787 ], [ 68.397517, 23.968863 ], [ 68.397559, 23.968892 ], [ 68.397663, 23.96897 ], [ 68.3977, 23.968996 ], [ 68.397808, 23.969077 ], [ 68.397842, 23.9691 ], [ 68.397953, 23.969183 ], [ 68.397984, 23.969205 ], [ 68.398098, 23.96929 ], [ 68.398125, 23.969309 ], [ 68.398243, 23.969397 ], [ 68.398267, 23.969413 ], [ 68.398388, 23.969504 ], [ 68.398408, 23.969518 ], [ 68.398533, 23.96961 ], [ 68.39855, 23.969622 ], [ 68.398678, 23.969717 ], [ 68.398692, 23.969726 ], [ 68.398824, 23.969824 ], [ 68.398833, 23.969831 ], [ 68.398969, 23.969931 ], [ 68.398975, 23.969935 ], [ 68.399114, 23.970037 ], [ 68.399116, 23.970039 ], [ 68.399258, 23.970144 ], [ 68.399259, 23.970144 ], [ 68.3994, 23.970248 ], [ 68.399404, 23.970251 ], [ 68.399532, 23.970345 ], [ 68.399696, 23.970099 ], [ 68.400728, 23.968404 ], [ 68.400803, 23.96845 ] ], [ [ 68.434372, 23.96831 ], [ 68.444049, 23.968456 ] ], [ [ 68.499094, 23.969187 ], [ 68.509017, 23.969424 ] ], [ [ 68.544155, 23.970037 ], [ 68.547204, 23.968932 ], [ 68.54744, 23.967735 ], [ 68.549019, 23.967502 ], [ 68.552267, 23.967729 ], [ 68.55319, 23.968179 ], [ 68.554063, 23.969057 ], [ 68.554655, 23.969505 ], [ 68.55574, 23.969401 ], [ 68.55627, 23.96978 ], [ 68.556803, 23.970159 ] ], [ [ 68.591589, 23.970579 ], [ 68.603524, 23.970698 ] ], [ [ 68.758055, 24.050365 ], [ 68.758506, 24.058594 ] ] ] } },
{ "type": "Feature", "properties": { "LINE_ID": 366, "LINE_NAME": "India Straight Baseline", "LINE_TYPE": "Straight baseline", "TERRITORY1": "India", "SOVEREIGN1": "India", "TERRITORY2": null, "SOVEREIGN2": null, "LENGTH_KM": 1045.69 }, "geometry": { "type": "LineString", "coordinates": [ [ 71.863333, 12.3875 ], [ 71.722222, 11.963333 ], [ 71.75, 11.875 ], [ 71.997222, 11.175 ], [ 72.233333, 10.016667 ], [ 73.01, 8.276111 ], [ 73.081111, 8.324167 ], [ 73.648889, 10.058333 ], [ 73.665278, 10.1375 ], [ 73.702778, 10.813056 ], [ 73.010556, 11.487222 ], [ 71.886111, 12.397222 ], [ 71.875, 12.4 ], [ 71.863333, 12.3875 ] ] } },
{ "type": "Feature", "properties": { "LINE_ID": 367, "LINE_NAME": "India Straight Baseline", "LINE_TYPE": "Straight baseline", "TERRITORY1": "India", "SOVEREIGN1": "India", "TERRITORY2": null, "SOVEREIGN2": null, "LENGTH_KM": 179.5 }, "geometry": { "type": "LineString", "coordinates": [ [ 68.075333, 23.672444 ], [ 68.116917, 23.608417 ], [ 68.124583, 23.604222 ], [ 68.346944, 23.403889 ], [ 68.463333, 23.306667 ], [ 68.513889, 23.261111 ], [ 68.609167, 23.184167 ], [ 68.932778, 22.31 ] ] } },
{ "type": "Feature", "properties": { "LINE_ID": 368, "LINE_NAME": "India Straight Baseline", "LINE_TYPE": "Straight baseline", "TERRITORY1": "India", "SOVEREIGN1": "India", "TERRITORY2": null, "SOVEREIGN2": null, "LENGTH_KM": 1776.88 }, "geometry": { "type": "LineString", "coordinates": [ [ 79.878333, 10.291667 ], [ 79.888889, 10.308333 ], [ 79.880556, 10.325 ], [ 79.858333, 11.197222 ], [ 79.845833, 11.35 ], [ 79.783333, 11.706111 ], [ 79.993611, 12.220833 ], [ 80.145833, 12.446667 ], [ 80.208333, 12.606667 ], [ 80.256667, 12.781667 ], [ 80.346667, 13.276667 ], [ 80.348889, 13.306944 ], [ 80.343333, 13.343333 ], [ 80.326667, 13.443333 ], [ 80.255556, 13.781667 ], [ 80.197222, 14.577778 ], [ 80.2125, 15.495833 ], [ 80.941667, 15.723611 ], [ 81.011111, 15.766667 ], [ 81.156667, 15.966667 ], [ 81.7, 16.294444 ], [ 81.958333, 16.394444 ], [ 82.322222, 16.570833 ], [ 83.215, 17.59 ], [ 84.134167, 18.316667 ], [ 84.358889, 18.556111 ], [ 84.558333, 18.794444 ], [ 86.375, 19.95 ], [ 86.7925, 20.341667 ], [ 87.101667, 20.741667 ], [ 88.725, 21.378333 ], [ 89.145833, 21.565 ], [ 89.206389, 21.576944 ] ] } },
{ "type": "Feature", "properties": { "LINE_ID": 370, "LINE_NAME": "India Straight Baseline", "LINE_TYPE": "Straight baseline", "TERRITORY1": "India", "SOVEREIGN1": "India", "TERRITORY2": null, "SOVEREIGN2": null, "LENGTH_KM": 827.34 }, "geometry": { "type": "LineString", "coordinates": [ [ 93.02, 13.674722 ], [ 93.014444, 13.675 ], [ 92.984167, 13.665833 ], [ 92.9775, 13.662222 ], [ 92.891111, 13.597222 ], [ 92.882778, 13.579444 ], [ 92.808889, 13.424167 ], [ 92.686111, 13.086667 ], [ 92.65, 12.861111 ], [ 92.67, 12.533333 ], [ 92.197222, 11.585 ], [ 92.21, 10.976667 ], [ 92.386111, 10.5375 ], [ 92.717222, 9.157778 ], [ 93.08, 8.273333 ], [ 93.658889, 7.005 ], [ 93.804444, 6.759167 ], [ 93.8375, 6.754444 ] ] } },
{ "type": "Feature", "properties": { "LINE_ID": 1668, "LINE_NAME": "India Straight Baseline", "LINE_TYPE": "Straight baseline", "TERRITORY1": "India", "SOVEREIGN1": "India", "TERRITORY2": null, "SOVEREIGN2": null, "LENGTH_KM": 1442.2 }, "geometry": { "type": "LineString", "coordinates": [ [ 70.821667, 20.69 ], [ 72.636944, 19.842222 ], [ 72.687778, 19.627778 ], [ 72.7, 19.540556 ], [ 72.749444, 19.3375 ], [ 72.76, 19.264444 ], [ 72.774167, 19.133333 ], [ 72.789167, 18.9225 ], [ 72.795, 18.875833 ], [ 72.813333, 18.703333 ], [ 72.914722, 18.271111 ], [ 72.931944, 18.216944 ], [ 72.991111, 18.053889 ], [ 73.0025, 18.02 ], [ 73.019444, 17.968889 ], [ 73.030556, 17.941944 ], [ 73.137778, 17.555556 ], [ 73.166667, 17.405 ], [ 73.190833, 17.298056 ], [ 73.253333, 17.026667 ], [ 73.31, 16.538056 ], [ 73.316389, 16.511111 ], [ 73.455833, 15.888333 ], [ 73.761111, 15.343889 ], [ 73.912778, 15.083333 ], [ 74.055, 14.815 ], [ 74.398333, 14.311944 ], [ 74.322778, 14.010278 ], [ 74.649167, 13.401667 ], [ 74.671667, 13.198333 ], [ 74.825556, 12.849444 ], [ 75.008889, 12.408333 ], [ 75.201111, 12.005556 ], [ 75.527778, 11.491667 ], [ 75.91, 10.79 ], [ 76.028333, 10.525 ], [ 76.221667, 9.974167 ], [ 76.313333, 9.506111 ] ] } },
{ "type": "Feature", "properties": { "LINE_ID": 1669, "LINE_NAME": "India Straight Baseline", "LINE_TYPE": "Straight baseline", "TERRITORY1": "India", "SOVEREIGN1": "India", "TERRITORY2": null, "SOVEREIGN2": null, "LENGTH_KM": 304.65 }, "geometry": { "type": "LineString", "coordinates": [ [ 77.556667, 8.073333 ], [ 77.746667, 8.175833 ], [ 78.07, 8.373333 ], [ 78.131667, 8.495556 ], [ 78.23, 8.746667 ], [ 78.58, 9.100833 ], [ 79.088333, 9.19 ], [ 79.53, 9.093333 ], [ 79.526667, 9.106667 ], [ 79.336667, 9.316667 ] ] } },
{ "type": "Feature", "properties": { "LINE_ID": 4093, "LINE_NAME": "India - Bangladesh", "LINE_TYPE": "Median line", "TERRITORY1": "India", "SOVEREIGN1": "India", "TERRITORY2": "Bangladesh", "SOVEREIGN2": "Bangladesh", "LENGTH_KM": 152.91 }, "geometry": { "type": "LineString", "coordinates": [ [ 89.150013, 21.666097 ], [ 89.146506, 21.668284 ], [ 89.146409, 21.668343 ], [ 89.146169, 21.668456 ], [ 89.145926, 21.668569 ], [ 89.14203, 21.670372 ], [ 89.141845, 21.670482 ], [ 89.141595, 21.67063 ], [ 89.141347, 21.670779 ], [ 89.141099, 21.670928 ], [ 89.140852, 21.671077 ], [ 89.140606, 21.671225 ], [ 89.140361, 21.671374 ], [ 89.140117, 21.671523 ], [ 89.139873, 21.671673 ], [ 89.139631, 21.671822 ], [ 89.1246, 21.68111 ], [ 89.124426, 21.681217 ], [ 89.124252, 21.681323 ], [ 89.124078, 21.681429 ], [ 89.123904, 21.681534 ], [ 89.12373, 21.681639 ], [ 89.123556, 21.681743 ], [ 89.123382, 21.681847 ], [ 89.123208, 21.681949 ], [ 89.123034, 21.682052 ], [ 89.12286, 21.682153 ], [ 89.122686, 21.682255 ], [ 89.122512, 21.682355 ], [ 89.122338, 21.682455 ], [ 89.118871, 21.684437 ], [ 89.118698, 21.684535 ], [ 89.118526, 21.684632 ], [ 89.118354, 21.684729 ], [ 89.118181, 21.684825 ], [ 89.118008, 21.68492 ], [ 89.117836, 21.685015 ], [ 89.117663, 21.68511 ], [ 89.11749, 21.685203 ], [ 89.117318, 21.685296 ], [ 89.117145, 21.685389 ], [ 89.116972, 21.685481 ], [ 89.116799, 21.685572 ], [ 89.116626, 21.685663 ], [ 89.116453, 21.685753 ], [ 89.11628, 21.685842 ], [ 89.116107, 21.685931 ], [ 89.115934, 21.686019 ], [ 89.115761, 21.686107 ], [ 89.115588, 21.686194 ], [ 89.115414, 21.68628 ], [ 89.115241, 21.686366 ], [ 89.115068, 21.686451 ], [ 89.114894, 21.686536 ], [ 89.114721, 21.68662 ], [ 89.114547, 21.686703 ], [ 89.114401, 21.686773 ], [ 89.114374, 21.686786 ], [ 89.114228, 21.686856 ], [ 89.1142, 21.686869 ], [ 89.114055, 21.686938 ], [ 89.114027, 21.686952 ], [ 89.113953, 21.686987 ], [ 89.113883, 21.687021 ], [ 89.113853, 21.687035 ], [ 89.11371, 21.687103 ], [ 89.11368, 21.687118 ], [ 89.113537, 21.687186 ], [ 89.113506, 21.687201 ], [ 89.113364, 21.687269 ], [ 89.113192, 21.687351 ], [ 89.113063, 21.687414 ], [ 89.113035, 21.687435 ], [ 89.11287, 21.687559 ], [ 89.112706, 21.687684 ], [ 89.112543, 21.687809 ], [ 89.11238, 21.687934 ], [ 89.108106, 21.69124 ], [ 89.10796, 21.691352 ], [ 89.107814, 21.691463 ], [ 89.107668, 21.691574 ], [ 89.107522, 21.691684 ], [ 89.107375, 21.691794 ], [ 89.107229, 21.691903 ], [ 89.107082, 21.692011 ], [ 89.106935, 21.692119 ], [ 89.106788, 21.692226 ], [ 89.106641, 21.692332 ], [ 89.106493, 21.692438 ], [ 89.106346, 21.692544 ], [ 89.106198, 21.692648 ], [ 89.10605, 21.692753 ], [ 89.105902, 21.692856 ], [ 89.105754, 21.692959 ], [ 89.105605, 21.693061 ], [ 89.104947, 21.693512 ], [ 89.10003, 21.697189 ], [ 89.099886, 21.697296 ], [ 89.099741, 21.697403 ], [ 89.099596, 21.697509 ], [ 89.09945, 21.697615 ], [ 89.099304, 21.69772 ], [ 89.099158, 21.697824 ], [ 89.099011, 21.697928 ], [ 89.098865, 21.698031 ], [ 89.098717, 21.698134 ], [ 89.09857, 21.698236 ], [ 89.098422, 21.698337 ], [ 89.098274, 21.698438 ], [ 89.098125, 21.698539 ], [ 89.097976, 21.698639 ], [ 89.097827, 21.698738 ], [ 89.097677, 21.698837 ], [ 89.097527, 21.698935 ], [ 89.097377, 21.699033 ], [ 89.097369, 21.699038 ], [ 89.097237, 21.699143 ], [ 89.097235, 21.699145 ], [ 89.097097, 21.699255 ], [ 89.097094, 21.699258 ], [ 89.096958, 21.699367 ], [ 89.096953, 21.69937 ], [ 89.096818, 21.699479 ], [ 89.096812, 21.699483 ], [ 89.096801, 21.699492 ], [ 89.096678, 21.699591 ], [ 89.096671, 21.699596 ], [ 89.096538, 21.699702 ], [ 89.09653, 21.699709 ], [ 89.096398, 21.699814 ], [ 89.096388, 21.699822 ], [ 89.096258, 21.699926 ], [ 89.096247, 21.699935 ], [ 89.096118, 21.700038 ], [ 89.096106, 21.700048 ], [ 89.095978, 21.70015 ], [ 89.095965, 21.700161 ], [ 89.095838, 21.700262 ], [ 89.095824, 21.700274 ], [ 89.095698, 21.700374 ], [ 89.095683, 21.700386 ], [ 89.095558, 21.700486 ], [ 89.095542, 21.700499 ], [ 89.095418, 21.700598 ], [ 89.095401, 21.700612 ], [ 89.095279, 21.70071 ], [ 89.09526, 21.700725 ], [ 89.095139, 21.700822 ], [ 89.095118, 21.700838 ], [ 89.094999, 21.700934 ], [ 89.094977, 21.700951 ], [ 89.094859, 21.701046 ], [ 89.094836, 21.701064 ], [ 89.094719, 21.701157 ], [ 89.094695, 21.701177 ], [ 89.094579, 21.701269 ], [ 89.094463, 21.701363 ], [ 89.093382, 21.703104 ], [ 89.093288, 21.703257 ], [ 89.093195, 21.70341 ], [ 89.093103, 21.703562 ], [ 89.093011, 21.703715 ], [ 89.09292, 21.703868 ], [ 89.092829, 21.704021 ], [ 89.092739, 21.704175 ], [ 89.09265, 21.704328 ], [ 89.092562, 21.704481 ], [ 89.092474, 21.704635 ], [ 89.092387, 21.704789 ], [ 89.091665, 21.706076 ], [ 89.091577, 21.706235 ], [ 89.091489, 21.706395 ], [ 89.091402, 21.706554 ], [ 89.091316, 21.706714 ], [ 89.09123, 21.706874 ], [ 89.091145, 21.707034 ], [ 89.091061, 21.707194 ], [ 89.090978, 21.707354 ], [ 89.090896, 21.707515 ], [ 89.089584, 21.710092 ], [ 89.087192, 21.713358 ], [ 89.087087, 21.713502 ], [ 89.086983, 21.713647 ], [ 89.08688, 21.713792 ], [ 89.086777, 21.713937 ], [ 89.086676, 21.714083 ], [ 89.086574, 21.714229 ], [ 89.086474, 21.714376 ], [ 89.086374, 21.714523 ], [ 89.086275, 21.71467 ], [ 89.086176, 21.714818 ], [ 89.086078, 21.714966 ], [ 89.085981, 21.715115 ], [ 89.085884, 21.715264 ], [ 89.085789, 21.715414 ], [ 89.085693, 21.715564 ], [ 89.085599, 21.715714 ], [ 89.085505, 21.715865 ], [ 89.085412, 21.716016 ], [ 89.085319, 21.716167 ], [ 89.085228, 21.716319 ], [ 89.085136, 21.716472 ], [ 89.085046, 21.716624 ], [ 89.084956, 21.716778 ], [ 89.084893, 21.716886 ], [ 89.084846, 21.717024 ], [ 89.084788, 21.717197 ], [ 89.08473, 21.71737 ], [ 89.084674, 21.717543 ], [ 89.084618, 21.717716 ], [ 89.084563, 21.717889 ], [ 89.084509, 21.718063 ], [ 89.083633, 21.72092 ], [ 89.083581, 21.721084 ], [ 89.083529, 21.721249 ], [ 89.083476, 21.721414 ], [ 89.083423, 21.721578 ], [ 89.083411, 21.721613 ], [ 89.083336, 21.721705 ], [ 89.083217, 21.72185 ], [ 89.083098, 21.721994 ], [ 89.082979, 21.722136 ], [ 89.082859, 21.722279 ], [ 89.082738, 21.72242 ], [ 89.082617, 21.722561 ], [ 89.082496, 21.722701 ], [ 89.082374, 21.72284 ], [ 89.082252, 21.722978 ], [ 89.082129, 21.723116 ], [ 89.082006, 21.723253 ], [ 89.081882, 21.723389 ], [ 89.077929, 21.727697 ], [ 89.077921, 21.72771 ], [ 89.077827, 21.72786 ], [ 89.077734, 21.728011 ], [ 89.077642, 21.728162 ], [ 89.077551, 21.728314 ], [ 89.07746, 21.728466 ], [ 89.077371, 21.728618 ], [ 89.077282, 21.728771 ], [ 89.076844, 21.729531 ], [ 89.075754, 21.732132 ], [ 89.075733, 21.732183 ], [ 89.075686, 21.732294 ], [ 89.07567, 21.732332 ], [ 89.075618, 21.732456 ], [ 89.075607, 21.732481 ], [ 89.07555, 21.732617 ], [ 89.075545, 21.73263 ], [ 89.075482, 21.732779 ], [ 89.075482, 21.732779 ], [ 89.075419, 21.732928 ], [ 89.075414, 21.732941 ], [ 89.075357, 21.733077 ], [ 89.075346, 21.733102 ], [ 89.075278, 21.733264 ], [ 89.075208, 21.733425 ], [ 89.075139, 21.733586 ], [ 89.075068, 21.733747 ], [ 89.074997, 21.733907 ], [ 89.074924, 21.734066 ], [ 89.074851, 21.734226 ], [ 89.074778, 21.734385 ], [ 89.074703, 21.734543 ], [ 89.074628, 21.734701 ], [ 89.074552, 21.734859 ], [ 89.074475, 21.735017 ], [ 89.074397, 21.735174 ], [ 89.074318, 21.73533 ], [ 89.074239, 21.735487 ], [ 89.074159, 21.735643 ], [ 89.074078, 21.735798 ], [ 89.074063, 21.735825 ], [ 89.074021, 21.735889 ], [ 89.073921, 21.736038 ], [ 89.07382, 21.736187 ], [ 89.073718, 21.736335 ], [ 89.073616, 21.736483 ], [ 89.073513, 21.73663 ], [ 89.073409, 21.736776 ], [ 89.073304, 21.736922 ], [ 89.073199, 21.737067 ], [ 89.073122, 21.737172 ], [ 89.073093, 21.737212 ], [ 89.07302, 21.737312 ], [ 89.072987, 21.737357 ], [ 89.072917, 21.737453 ], [ 89.072881, 21.737502 ], [ 89.072815, 21.737593 ], [ 89.072775, 21.737647 ], [ 89.072712, 21.737733 ], [ 89.072669, 21.737792 ], [ 89.07261, 21.737873 ], [ 89.072563, 21.737937 ], [ 89.072508, 21.738013 ], [ 89.072458, 21.738082 ], [ 89.072405, 21.738153 ], [ 89.072352, 21.738227 ], [ 89.072303, 21.738293 ], [ 89.072246, 21.738372 ], [ 89.0722, 21.738433 ], [ 89.07214, 21.738517 ], [ 89.072098, 21.738573 ], [ 89.072034, 21.738662 ], [ 89.071927, 21.738806 ], [ 89.07182, 21.73895 ], [ 89.071712, 21.739094 ], [ 89.071604, 21.739237 ], [ 89.071495, 21.739379 ], [ 89.071384, 21.739521 ], [ 89.071274, 21.739662 ], [ 89.071162, 21.739803 ], [ 89.07105, 21.739943 ], [ 89.070937, 21.740082 ], [ 89.070823, 21.740221 ], [ 89.070708, 21.74036 ], [ 89.070593, 21.740498 ], [ 89.070477, 21.740635 ], [ 89.07036, 21.740772 ], [ 89.070243, 21.740908 ], [ 89.070125, 21.741044 ], [ 89.070006, 21.741179 ], [ 89.069886, 21.741313 ], [ 89.069766, 21.741447 ], [ 89.069644, 21.741581 ], [ 89.069522, 21.741713 ], [ 89.0694, 21.741846 ], [ 89.069276, 21.741978 ], [ 89.069152, 21.742109 ], [ 89.069027, 21.742239 ], [ 89.068902, 21.742369 ], [ 89.068775, 21.742499 ], [ 89.068648, 21.742628 ], [ 89.06852, 21.742756 ], [ 89.068392, 21.742884 ], [ 89.068262, 21.743011 ], [ 89.068132, 21.743138 ], [ 89.068002, 21.743264 ], [ 89.06787, 21.74339 ], [ 89.067738, 21.743515 ], [ 89.067605, 21.743639 ], [ 89.067471, 21.743763 ], [ 89.067336, 21.743886 ], [ 89.067201, 21.744009 ], [ 89.067065, 21.744131 ], [ 89.066929, 21.744253 ], [ 89.066791, 21.744374 ], [ 89.066746, 21.744414 ], [ 89.066653, 21.744495 ], [ 89.066609, 21.744534 ], [ 89.066516, 21.744616 ], [ 89.066472, 21.744654 ], [ 89.066378, 21.744737 ], [ 89.066335, 21.744775 ], [ 89.06624, 21.744858 ], [ 89.066198, 21.744895 ], [ 89.066102, 21.744979 ], [ 89.066061, 21.745015 ], [ 89.065965, 21.7451 ], [ 89.065924, 21.745136 ], [ 89.065827, 21.745221 ], [ 89.065787, 21.745256 ], [ 89.065689, 21.745342 ], [ 89.06565, 21.745376 ], [ 89.065552, 21.745463 ], [ 89.065513, 21.745496 ], [ 89.065414, 21.745583 ], [ 89.065376, 21.745617 ], [ 89.065276, 21.745704 ], [ 89.065239, 21.745737 ], [ 89.065138, 21.745825 ], [ 89.065102, 21.745857 ], [ 89.065001, 21.745946 ], [ 89.064965, 21.745978 ], [ 89.064863, 21.746067 ], [ 89.064828, 21.746098 ], [ 89.064725, 21.746188 ], [ 89.064691, 21.746218 ], [ 89.064588, 21.746309 ], [ 89.064554, 21.746338 ], [ 89.06445, 21.74643 ], [ 89.064417, 21.746459 ], [ 89.064312, 21.746551 ], [ 89.06428, 21.746579 ], [ 89.064174, 21.746672 ], [ 89.064143, 21.746699 ], [ 89.064037, 21.746793 ], [ 89.064006, 21.74682 ], [ 89.063899, 21.746914 ], [ 89.063869, 21.74694 ], [ 89.063761, 21.747035 ], [ 89.063732, 21.74706 ], [ 89.063624, 21.747156 ], [ 89.063595, 21.74718 ], [ 89.063486, 21.747276 ], [ 89.063458, 21.747301 ], [ 89.063348, 21.747397 ], [ 89.063321, 21.747421 ], [ 89.06321, 21.747518 ], [ 89.063184, 21.747541 ], [ 89.063073, 21.747639 ], [ 89.063047, 21.747662 ], [ 89.062935, 21.74776 ], [ 89.06291, 21.747782 ], [ 89.062797, 21.747881 ], [ 89.062773, 21.747902 ], [ 89.06266, 21.748002 ], [ 89.062636, 21.748022 ], [ 89.062522, 21.748123 ], [ 89.062499, 21.748143 ], [ 89.062384, 21.748244 ], [ 89.062362, 21.748263 ], [ 89.062246, 21.748365 ], [ 89.062225, 21.748383 ], [ 89.062109, 21.748486 ], [ 89.062088, 21.748504 ], [ 89.061971, 21.748607 ], [ 89.061951, 21.748624 ], [ 89.061833, 21.748728 ], [ 89.061814, 21.748744 ], [ 89.061696, 21.748848 ], [ 89.061677, 21.748864 ], [ 89.061558, 21.748969 ], [ 89.06154, 21.748985 ], [ 89.06142, 21.74909 ], [ 89.061403, 21.749105 ], [ 89.061282, 21.749211 ], [ 89.061266, 21.749225 ], [ 89.061145, 21.749332 ], [ 89.061129, 21.749346 ], [ 89.061007, 21.749453 ], [ 89.060992, 21.749466 ], [ 89.060869, 21.749574 ], [ 89.060855, 21.749586 ], [ 89.060732, 21.749695 ], [ 89.060718, 21.749706 ], [ 89.060594, 21.749816 ], [ 89.060581, 21.749827 ], [ 89.060456, 21.749937 ], [ 89.060444, 21.749947 ], [ 89.060318, 21.750058 ], [ 89.060307, 21.750067 ], [ 89.060181, 21.750179 ], [ 89.06017, 21.750188 ], [ 89.060043, 21.7503 ], [ 89.060033, 21.750308 ], [ 89.059905, 21.750421 ], [ 89.059896, 21.750428 ], [ 89.059768, 21.750541 ], [ 89.059759, 21.750548 ], [ 89.05963, 21.750662 ], [ 89.059622, 21.750669 ], [ 89.059492, 21.750783 ], [ 89.059486, 21.750789 ], [ 89.059354, 21.750904 ], [ 89.059349, 21.750909 ], [ 89.059217, 21.751025 ], [ 89.059212, 21.75103 ], [ 89.059079, 21.751146 ], [ 89.059075, 21.75115 ], [ 89.058941, 21.751267 ], [ 89.058938, 21.75127 ], [ 89.058804, 21.751388 ], [ 89.058801, 21.751391 ], [ 89.058666, 21.751509 ], [ 89.058664, 21.751511 ], [ 89.058546, 21.751614 ], [ 89.05853, 21.751631 ], [ 89.058464, 21.751702 ], [ 89.058407, 21.751764 ], [ 89.058344, 21.751832 ], [ 89.058285, 21.751896 ], [ 89.058224, 21.751961 ], [ 89.058162, 21.752028 ], [ 89.058103, 21.752091 ], [ 89.058039, 21.75216 ], [ 89.057983, 21.75222 ], [ 89.057916, 21.752292 ], [ 89.057863, 21.75235 ], [ 89.057794, 21.752425 ], [ 89.057743, 21.752479 ], [ 89.057671, 21.752557 ], [ 89.057622, 21.752609 ], [ 89.057548, 21.752689 ], [ 89.057502, 21.752738 ], [ 89.057425, 21.752821 ], [ 89.057382, 21.752868 ], [ 89.057303, 21.752953 ], [ 89.057262, 21.752997 ], [ 89.05718, 21.753086 ], [ 89.057141, 21.753127 ], [ 89.057057, 21.753218 ], [ 89.057021, 21.753256 ], [ 89.056934, 21.75335 ], [ 89.056901, 21.753386 ], [ 89.056811, 21.753482 ], [ 89.05678, 21.753515 ], [ 89.056689, 21.753615 ], [ 89.05666, 21.753645 ], [ 89.056566, 21.753747 ], [ 89.05654, 21.753775 ], [ 89.056443, 21.753879 ], [ 89.05642, 21.753904 ], [ 89.056321, 21.75401 ], [ 89.056296, 21.75403 ], [ 89.056197, 21.754108 ], [ 89.056157, 21.754138 ], [ 89.056056, 21.754218 ], [ 89.056018, 21.754247 ], [ 89.055915, 21.754328 ], [ 89.05588, 21.754355 ], [ 89.055774, 21.754438 ], [ 89.055741, 21.754463 ], [ 89.055633, 21.754548 ], [ 89.055602, 21.754572 ], [ 89.055492, 21.754658 ], [ 89.055351, 21.754767 ], [ 89.05521, 21.754876 ], [ 89.055067, 21.754984 ], [ 89.054925, 21.755092 ], [ 89.054782, 21.755199 ], [ 89.054639, 21.755305 ], [ 89.054495, 21.755411 ], [ 89.05435, 21.755516 ], [ 89.054206, 21.75562 ], [ 89.05406, 21.755724 ], [ 89.053915, 21.755827 ], [ 89.053769, 21.75593 ], [ 89.053622, 21.756032 ], [ 89.053475, 21.756133 ], [ 89.053328, 21.756233 ], [ 89.05318, 21.756333 ], [ 89.053032, 21.756433 ], [ 89.052883, 21.756531 ], [ 89.052873, 21.756538 ], [ 89.052847, 21.756561 ], [ 89.052748, 21.75665 ], [ 89.052713, 21.756681 ], [ 89.052614, 21.75677 ], [ 89.052579, 21.756801 ], [ 89.052481, 21.75689 ], [ 89.052446, 21.756921 ], [ 89.052347, 21.75701 ], [ 89.052312, 21.757041 ], [ 89.052213, 21.757131 ], [ 89.052178, 21.757161 ], [ 89.052079, 21.757251 ], [ 89.052045, 21.757282 ], [ 89.051945, 21.757371 ], [ 89.051911, 21.757402 ], [ 89.051811, 21.757491 ], [ 89.051777, 21.757522 ], [ 89.051678, 21.757611 ], [ 89.051643, 21.757642 ], [ 89.051544, 21.757731 ], [ 89.05151, 21.757762 ], [ 89.05141, 21.757851 ], [ 89.051376, 21.757882 ], [ 89.051276, 21.757972 ], [ 89.051242, 21.758002 ], [ 89.051142, 21.758092 ], [ 89.051108, 21.758122 ], [ 89.051008, 21.758212 ], [ 89.050975, 21.758242 ], [ 89.050874, 21.758332 ], [ 89.050841, 21.758362 ], [ 89.050741, 21.758452 ], [ 89.050707, 21.758482 ], [ 89.050607, 21.758572 ], [ 89.050573, 21.758602 ], [ 89.050473, 21.758692 ], [ 89.05044, 21.758722 ], [ 89.050339, 21.758813 ], [ 89.050306, 21.758842 ], [ 89.050205, 21.758933 ], [ 89.050172, 21.758962 ], [ 89.050071, 21.759053 ], [ 89.050039, 21.759082 ], [ 89.049937, 21.759173 ], [ 89.049905, 21.759202 ], [ 89.049804, 21.759293 ], [ 89.049771, 21.759322 ], [ 89.04967, 21.759413 ], [ 89.049637, 21.759442 ], [ 89.049536, 21.759533 ], [ 89.049518, 21.75955 ], [ 89.049504, 21.759562 ], [ 89.049402, 21.759654 ], [ 89.04937, 21.759682 ], [ 89.049268, 21.759774 ], [ 89.049236, 21.759802 ], [ 89.049134, 21.759894 ], [ 89.049102, 21.759922 ], [ 89.049, 21.760014 ], [ 89.048969, 21.760042 ], [ 89.048867, 21.760134 ], [ 89.048835, 21.760162 ], [ 89.048733, 21.760254 ], [ 89.048701, 21.760282 ], [ 89.048599, 21.760374 ], [ 89.048568, 21.760402 ], [ 89.048465, 21.760495 ], [ 89.048434, 21.760522 ], [ 89.048331, 21.760615 ], [ 89.0483, 21.760642 ], [ 89.048197, 21.760735 ], [ 89.048166, 21.760763 ], [ 89.048063, 21.760855 ], [ 89.048033, 21.760883 ], [ 89.04793, 21.760975 ], [ 89.047899, 21.761003 ], [ 89.047796, 21.761095 ], [ 89.047765, 21.761123 ], [ 89.047662, 21.761215 ], [ 89.047631, 21.761243 ], [ 89.047629, 21.761245 ], [ 89.04748, 21.761338 ], [ 89.047474, 21.761342 ], [ 89.047324, 21.761435 ], [ 89.047315, 21.761441 ], [ 89.047168, 21.761533 ], [ 89.047157, 21.76154 ], [ 89.047012, 21.76163 ], [ 89.046999, 21.761638 ], [ 89.046856, 21.761728 ], [ 89.046841, 21.761737 ], [ 89.0467, 21.761825 ], [ 89.046683, 21.761836 ], [ 89.046544, 21.761923 ], [ 89.046524, 21.761935 ], [ 89.046388, 21.76202 ], [ 89.046366, 21.762034 ], [ 89.046232, 21.762118 ], [ 89.046208, 21.762133 ], [ 89.046076, 21.762215 ], [ 89.04605, 21.762232 ], [ 89.045891, 21.762331 ], [ 89.045734, 21.76243 ], [ 89.045577, 21.76253 ], [ 89.045421, 21.762631 ], [ 89.045266, 21.762732 ], [ 89.045111, 21.762834 ], [ 89.044957, 21.762937 ], [ 89.044804, 21.76304 ], [ 89.044651, 21.763144 ], [ 89.0445, 21.763248 ], [ 89.044348, 21.763353 ], [ 89.044198, 21.763458 ], [ 89.044048, 21.763565 ], [ 89.043899, 21.763671 ], [ 89.04375, 21.763779 ], [ 89.043603, 21.763886 ], [ 89.043456, 21.763995 ], [ 89.043309, 21.764104 ], [ 89.043164, 21.764214 ], [ 89.043019, 21.764324 ], [ 89.042874, 21.764435 ], [ 89.042731, 21.764546 ], [ 89.042588, 21.764659 ], [ 89.042445, 21.764771 ], [ 89.042304, 21.764884 ], [ 89.042163, 21.764998 ], [ 89.042023, 21.765113 ], [ 89.041883, 21.765228 ], [ 89.041745, 21.765344 ], [ 89.041606, 21.76546 ], [ 89.041469, 21.765577 ], [ 89.041332, 21.765694 ], [ 89.041196, 21.765812 ], [ 89.041061, 21.765931 ], [ 89.040926, 21.76605 ], [ 89.040792, 21.76617 ], [ 89.040659, 21.76629 ], [ 89.040526, 21.766411 ], [ 89.040395, 21.766533 ], [ 89.040263, 21.766655 ], [ 89.040133, 21.766778 ], [ 89.040003, 21.766901 ], [ 89.039874, 21.767025 ], [ 89.039745, 21.76715 ], [ 89.039618, 21.767275 ], [ 89.039491, 21.767401 ], [ 89.039364, 21.767527 ], [ 89.039239, 21.767654 ], [ 89.039114, 21.767782 ], [ 89.038989, 21.76791 ], [ 89.038866, 21.768039 ], [ 89.038743, 21.768168 ], [ 89.038698, 21.768216 ], [ 89.03863, 21.768335 ], [ 89.03854, 21.768495 ], [ 89.038451, 21.768655 ], [ 89.038363, 21.768815 ], [ 89.038275, 21.768976 ], [ 89.038189, 21.769137 ], [ 89.038104, 21.769297 ], [ 89.03802, 21.769459 ], [ 89.037936, 21.76962 ], [ 89.037854, 21.769782 ], [ 89.037772, 21.769943 ], [ 89.037691, 21.770105 ], [ 89.037612, 21.770268 ], [ 89.037533, 21.77043 ], [ 89.037503, 21.770492 ], [ 89.037447, 21.770564 ], [ 89.037429, 21.770587 ], [ 89.037309, 21.770739 ], [ 89.03719, 21.770892 ], [ 89.037072, 21.771044 ], [ 89.036955, 21.771198 ], [ 89.036839, 21.771351 ], [ 89.036724, 21.771505 ], [ 89.036611, 21.771659 ], [ 89.036498, 21.771813 ], [ 89.036387, 21.771967 ], [ 89.036276, 21.772122 ], [ 89.036167, 21.772277 ], [ 89.033693, 21.77583 ], [ 89.033592, 21.775975 ], [ 89.033493, 21.776122 ], [ 89.033395, 21.776268 ], [ 89.033297, 21.776416 ], [ 89.033201, 21.776563 ], [ 89.033105, 21.776711 ], [ 89.03301, 21.77686 ], [ 89.032917, 21.777009 ], [ 89.032824, 21.777159 ], [ 89.032732, 21.777309 ], [ 89.032641, 21.77746 ], [ 89.032551, 21.777611 ], [ 89.032462, 21.777763 ], [ 89.0324, 21.777868 ], [ 89.032373, 21.777915 ], [ 89.032315, 21.778015 ], [ 89.032284, 21.778067 ], [ 89.03223, 21.778161 ], [ 89.032209, 21.778197 ], [ 89.0322, 21.778218 ], [ 89.032162, 21.778317 ], [ 89.032133, 21.778388 ], [ 89.032098, 21.778476 ], [ 89.032066, 21.778558 ], [ 89.032035, 21.778636 ], [ 89.031998, 21.778727 ], [ 89.031972, 21.778795 ], [ 89.031931, 21.778897 ], [ 89.031908, 21.778955 ], [ 89.031864, 21.779067 ], [ 89.031845, 21.779114 ], [ 89.031796, 21.779236 ], [ 89.031782, 21.779274 ], [ 89.031729, 21.779406 ], [ 89.031719, 21.779433 ], [ 89.031662, 21.779576 ], [ 89.031655, 21.779592 ], [ 89.031594, 21.779745 ], [ 89.031528, 21.779915 ], [ 89.031463, 21.780085 ], [ 89.031399, 21.780256 ], [ 89.031336, 21.780426 ], [ 89.031274, 21.780597 ], [ 89.031214, 21.780768 ], [ 89.031154, 21.780939 ], [ 89.031096, 21.781111 ], [ 89.031038, 21.781282 ], [ 89.030982, 21.781454 ], [ 89.030927, 21.781627 ], [ 89.030873, 21.781799 ], [ 89.03082, 21.781972 ], [ 89.030769, 21.782145 ], [ 89.030718, 21.782318 ], [ 89.030669, 21.782491 ], [ 89.03062, 21.782665 ], [ 89.030573, 21.782839 ], [ 89.030527, 21.783013 ], [ 89.030482, 21.783187 ], [ 89.030438, 21.783361 ], [ 89.030396, 21.783536 ], [ 89.030354, 21.783711 ], [ 89.030314, 21.783886 ], [ 89.030275, 21.784062 ], [ 89.030236, 21.784238 ], [ 89.030199, 21.784413 ], [ 89.030163, 21.78459 ], [ 89.030129, 21.784766 ], [ 89.030095, 21.784943 ], [ 89.030062, 21.785119 ], [ 89.030031, 21.785296 ], [ 89.030001, 21.785474 ], [ 89.029971, 21.785651 ], [ 89.029943, 21.785829 ], [ 89.029916, 21.786007 ], [ 89.029891, 21.786185 ], [ 89.029866, 21.786364 ], [ 89.029842, 21.786543 ], [ 89.02982, 21.786721 ], [ 89.029799, 21.786901 ], [ 89.029778, 21.78708 ], [ 89.029759, 21.78726 ], [ 89.029741, 21.78744 ], [ 89.029724, 21.78762 ], [ 89.029709, 21.7878 ], [ 89.029694, 21.787981 ], [ 89.029681, 21.788161 ], [ 89.029668, 21.788342 ], [ 89.029659, 21.788499 ], [ 89.029657, 21.788524 ], [ 89.029647, 21.78868 ], [ 89.029646, 21.788705 ], [ 89.029636, 21.788861 ], [ 89.029634, 21.788886 ], [ 89.029625, 21.789041 ], [ 89.029623, 21.789067 ], [ 89.029614, 21.789222 ], [ 89.029612, 21.789249 ], [ 89.029602, 21.789402 ], [ 89.0296, 21.78943 ], [ 89.029591, 21.789583 ], [ 89.029589, 21.789611 ], [ 89.02958, 21.789764 ], [ 89.029578, 21.789792 ], [ 89.029577, 21.789806 ], [ 89.029568, 21.789944 ], [ 89.029566, 21.789973 ], [ 89.029563, 21.790028 ], [ 89.029571, 21.790124 ], [ 89.029585, 21.790302 ], [ 89.029597, 21.790481 ], [ 89.029609, 21.79066 ], [ 89.029619, 21.790839 ], [ 89.029629, 21.791018 ], [ 89.029637, 21.791197 ], [ 89.029644, 21.791376 ], [ 89.02965, 21.791555 ], [ 89.029655, 21.791735 ], [ 89.029659, 21.791914 ], [ 89.029662, 21.792094 ], [ 89.029663, 21.792273 ], [ 89.029664, 21.792453 ], [ 89.029655, 21.79527 ], [ 89.029897, 21.796075 ], [ 89.029948, 21.796247 ], [ 89.029997, 21.796419 ], [ 89.030046, 21.796591 ], [ 89.030093, 21.796764 ], [ 89.030139, 21.796937 ], [ 89.030185, 21.79711 ], [ 89.030229, 21.797284 ], [ 89.030273, 21.797458 ], [ 89.030315, 21.797632 ], [ 89.030357, 21.797807 ], [ 89.030397, 21.797982 ], [ 89.030437, 21.798157 ], [ 89.030475, 21.798332 ], [ 89.030512, 21.798508 ], [ 89.030516, 21.798524 ], [ 89.03055, 21.798684 ], [ 89.030553, 21.798698 ], [ 89.030587, 21.79886 ], [ 89.030589, 21.798872 ], [ 89.030624, 21.799036 ], [ 89.030626, 21.799046 ], [ 89.030662, 21.799212 ], [ 89.030663, 21.799219 ], [ 89.030699, 21.799388 ], [ 89.0307, 21.799393 ], [ 89.030736, 21.799564 ], [ 89.030737, 21.799567 ], [ 89.030774, 21.79974 ], [ 89.030774, 21.799741 ], [ 89.030811, 21.799915 ], [ 89.030811, 21.799915 ], [ 89.030848, 21.800089 ], [ 89.030848, 21.800091 ], [ 89.030884, 21.800263 ], [ 89.030885, 21.800267 ], [ 89.030921, 21.800437 ], [ 89.030923, 21.800443 ], [ 89.030958, 21.80061 ], [ 89.03096, 21.800619 ], [ 89.030995, 21.800784 ], [ 89.030997, 21.800795 ], [ 89.031032, 21.800958 ], [ 89.031035, 21.800971 ], [ 89.031069, 21.801132 ], [ 89.031072, 21.801147 ], [ 89.031106, 21.801306 ], [ 89.031109, 21.801323 ], [ 89.031143, 21.80148 ], [ 89.031147, 21.801499 ], [ 89.03118, 21.801654 ], [ 89.031184, 21.801674 ], [ 89.031216, 21.801828 ], [ 89.031221, 21.80185 ], [ 89.031253, 21.802002 ], [ 89.031259, 21.802026 ], [ 89.03129, 21.802175 ], [ 89.031296, 21.802202 ], [ 89.031327, 21.802349 ], [ 89.031333, 21.802378 ], [ 89.031364, 21.802523 ], [ 89.031371, 21.802554 ], [ 89.031401, 21.802697 ], [ 89.031408, 21.80273 ], [ 89.031438, 21.802871 ], [ 89.031445, 21.802906 ], [ 89.031475, 21.803045 ], [ 89.031483, 21.803082 ], [ 89.031511, 21.803219 ], [ 89.03152, 21.803258 ], [ 89.031548, 21.803393 ], [ 89.031557, 21.803433 ], [ 89.031585, 21.803566 ], [ 89.031594, 21.803609 ], [ 89.031622, 21.80374 ], [ 89.031632, 21.803785 ], [ 89.031659, 21.803914 ], [ 89.031669, 21.803961 ], [ 89.031696, 21.804088 ], [ 89.031706, 21.804137 ], [ 89.031733, 21.804262 ], [ 89.031744, 21.804313 ], [ 89.03177, 21.804436 ], [ 89.031781, 21.804489 ], [ 89.031806, 21.80461 ], [ 89.031818, 21.804665 ], [ 89.031843, 21.804784 ], [ 89.031856, 21.804841 ], [ 89.03188, 21.804958 ], [ 89.031893, 21.805016 ], [ 89.031917, 21.805131 ], [ 89.03193, 21.805192 ], [ 89.031954, 21.805305 ], [ 89.031968, 21.805368 ], [ 89.031991, 21.805479 ], [ 89.032005, 21.805544 ], [ 89.032028, 21.805653 ], [ 89.032042, 21.80572 ], [ 89.032065, 21.805827 ], [ 89.03208, 21.805896 ], [ 89.032102, 21.806001 ], [ 89.032117, 21.806072 ], [ 89.032138, 21.806175 ], [ 89.032154, 21.806248 ], [ 89.032175, 21.806349 ], [ 89.032191, 21.806424 ], [ 89.032212, 21.806522 ], [ 89.032229, 21.8066 ], [ 89.032249, 21.806696 ], [ 89.032266, 21.806775 ], [ 89.032286, 21.80687 ], [ 89.032303, 21.806951 ], [ 89.032323, 21.807044 ], [ 89.032341, 21.807127 ], [ 89.03236, 21.807218 ], [ 89.032378, 21.807303 ], [ 89.032382, 21.80732 ], [ 89.03247, 21.807453 ], [ 89.032474, 21.80746 ], [ 89.032571, 21.807607 ], [ 89.032577, 21.807615 ], [ 89.032673, 21.807761 ], [ 89.032679, 21.80777 ], [ 89.032775, 21.807915 ], [ 89.032782, 21.807926 ], [ 89.032877, 21.808069 ], [ 89.032885, 21.808081 ], [ 89.032978, 21.808223 ], [ 89.032987, 21.808236 ], [ 89.03308, 21.808377 ], [ 89.03309, 21.808391 ], [ 89.033192, 21.808546 ], [ 89.033294, 21.808701 ], [ 89.033394, 21.808857 ], [ 89.033493, 21.809013 ], [ 89.033592, 21.80917 ], [ 89.033689, 21.809326 ], [ 89.033785, 21.809484 ], [ 89.033881, 21.809641 ], [ 89.033975, 21.809799 ], [ 89.034068, 21.809957 ], [ 89.03416, 21.810115 ], [ 89.034251, 21.810274 ], [ 89.034341, 21.810433 ], [ 89.03443, 21.810593 ], [ 89.034518, 21.810752 ], [ 89.034605, 21.810912 ], [ 89.034691, 21.811073 ], [ 89.034775, 21.811234 ], [ 89.034859, 21.811395 ], [ 89.034942, 21.811556 ], [ 89.035024, 21.811718 ], [ 89.035104, 21.81188 ], [ 89.035184, 21.812042 ], [ 89.035262, 21.812205 ], [ 89.03534, 21.812368 ], [ 89.035416, 21.812532 ], [ 89.035492, 21.812695 ], [ 89.035566, 21.812859 ], [ 89.035696, 21.81315 ], [ 89.03577, 21.813313 ], [ 89.035844, 21.813475 ], [ 89.03592, 21.813637 ], [ 89.035997, 21.813799 ], [ 89.036075, 21.81396 ], [ 89.036153, 21.81412 ], [ 89.036204, 21.814222 ], [ 89.036233, 21.81428 ], [ 89.036283, 21.814382 ], [ 89.036312, 21.81444 ], [ 89.036363, 21.814543 ], [ 89.036391, 21.814601 ], [ 89.036442, 21.814703 ], [ 89.036471, 21.814761 ], [ 89.036522, 21.814863 ], [ 89.03655, 21.814921 ], [ 89.036601, 21.815024 ], [ 89.036629, 21.815081 ], [ 89.03668, 21.815184 ], [ 89.036708, 21.815241 ], [ 89.03676, 21.815344 ], [ 89.036788, 21.815401 ], [ 89.036839, 21.815505 ], [ 89.036867, 21.815561 ], [ 89.036919, 21.815665 ], [ 89.036946, 21.815721 ], [ 89.036998, 21.815825 ], [ 89.037025, 21.815881 ], [ 89.037077, 21.815986 ], [ 89.037105, 21.816041 ], [ 89.037157, 21.816146 ], [ 89.037184, 21.816201 ], [ 89.037236, 21.816307 ], [ 89.037263, 21.816361 ], [ 89.037316, 21.816467 ], [ 89.037342, 21.816522 ], [ 89.037395, 21.816627 ], [ 89.037422, 21.816682 ], [ 89.037474, 21.816788 ], [ 89.037501, 21.816842 ], [ 89.037554, 21.816948 ], [ 89.03758, 21.817002 ], [ 89.037633, 21.817108 ], [ 89.037659, 21.817162 ], [ 89.037712, 21.817269 ], [ 89.037739, 21.817322 ], [ 89.037792, 21.817429 ], [ 89.037818, 21.817482 ], [ 89.037871, 21.817589 ], [ 89.037897, 21.817642 ], [ 89.037951, 21.81775 ], [ 89.037976, 21.817802 ], [ 89.03803, 21.81791 ], [ 89.038056, 21.817962 ], [ 89.038109, 21.818071 ], [ 89.038135, 21.818122 ], [ 89.038189, 21.818231 ], [ 89.038214, 21.818282 ], [ 89.038268, 21.818391 ], [ 89.038293, 21.818443 ], [ 89.038348, 21.818552 ], [ 89.038373, 21.818603 ], [ 89.038427, 21.818712 ], [ 89.038452, 21.818763 ], [ 89.038506, 21.818872 ], [ 89.038531, 21.818923 ], [ 89.038586, 21.819033 ], [ 89.03861, 21.819083 ], [ 89.038665, 21.819193 ], [ 89.03869, 21.819243 ], [ 89.038745, 21.819353 ], [ 89.038769, 21.819403 ], [ 89.038824, 21.819514 ], [ 89.038848, 21.819563 ], [ 89.038903, 21.819674 ], [ 89.038927, 21.819723 ], [ 89.038983, 21.819834 ], [ 89.039007, 21.819883 ], [ 89.039062, 21.819995 ], [ 89.039086, 21.820043 ], [ 89.039142, 21.820155 ], [ 89.039151, 21.820174 ], [ 89.039165, 21.820203 ], [ 89.039221, 21.820316 ], [ 89.039244, 21.820364 ], [ 89.0393, 21.820476 ], [ 89.039324, 21.820524 ], [ 89.03938, 21.820636 ], [ 89.039403, 21.820684 ], [ 89.039459, 21.820797 ], [ 89.039482, 21.820844 ], [ 89.039538, 21.820957 ], [ 89.039561, 21.821004 ], [ 89.039618, 21.821117 ], [ 89.039641, 21.821164 ], [ 89.039697, 21.821278 ], [ 89.03972, 21.821324 ], [ 89.039777, 21.821438 ], [ 89.039799, 21.821484 ], [ 89.039856, 21.821598 ], [ 89.039878, 21.821644 ], [ 89.039935, 21.821759 ], [ 89.039958, 21.821804 ], [ 89.040015, 21.821919 ], [ 89.040037, 21.821964 ], [ 89.040094, 21.822079 ], [ 89.040116, 21.822124 ], [ 89.040174, 21.82224 ], [ 89.040195, 21.822285 ], [ 89.040253, 21.8224 ], [ 89.040275, 21.822445 ], [ 89.040332, 21.822561 ], [ 89.040354, 21.822605 ], [ 89.040412, 21.822721 ], [ 89.040433, 21.822765 ], [ 89.040491, 21.822881 ], [ 89.040512, 21.822925 ], [ 89.040571, 21.823042 ], [ 89.040592, 21.823085 ], [ 89.04065, 21.823202 ], [ 89.040671, 21.823245 ], [ 89.040729, 21.823362 ], [ 89.04075, 21.823405 ], [ 89.040809, 21.823523 ], [ 89.040829, 21.823565 ], [ 89.040888, 21.823683 ], [ 89.040909, 21.823725 ], [ 89.040967, 21.823843 ], [ 89.040988, 21.823885 ], [ 89.041047, 21.824004 ], [ 89.041067, 21.824045 ], [ 89.041126, 21.824164 ], [ 89.041147, 21.824206 ], [ 89.041206, 21.824325 ], [ 89.041226, 21.824366 ], [ 89.041285, 21.824485 ], [ 89.041305, 21.824526 ], [ 89.041364, 21.824645 ], [ 89.041384, 21.824686 ], [ 89.041444, 21.824806 ], [ 89.041464, 21.824846 ], [ 89.041523, 21.824966 ], [ 89.041543, 21.825006 ], [ 89.041603, 21.825126 ], [ 89.041622, 21.825166 ], [ 89.041682, 21.825287 ], [ 89.041701, 21.825326 ], [ 89.041761, 21.825447 ], [ 89.041781, 21.825486 ], [ 89.041841, 21.825607 ], [ 89.04186, 21.825646 ], [ 89.04192, 21.825768 ], [ 89.041939, 21.825806 ], [ 89.042, 21.825928 ], [ 89.042018, 21.825966 ], [ 89.042079, 21.826088 ], [ 89.042098, 21.826127 ], [ 89.042158, 21.826249 ], [ 89.042237, 21.82641 ], [ 89.042314, 21.826571 ], [ 89.042391, 21.826732 ], [ 89.042466, 21.826894 ], [ 89.042541, 21.827057 ], [ 89.042614, 21.82722 ], [ 89.042686, 21.827383 ], [ 89.042757, 21.827547 ], [ 89.042827, 21.827711 ], [ 89.04284, 21.827742 ], [ 89.042853, 21.827775 ], [ 89.042917, 21.827942 ], [ 89.042979, 21.828109 ], [ 89.043041, 21.828277 ], [ 89.043101, 21.828445 ], [ 89.043161, 21.828614 ], [ 89.043219, 21.828783 ], [ 89.043276, 21.828952 ], [ 89.043333, 21.829122 ], [ 89.043388, 21.829292 ], [ 89.043442, 21.829463 ], [ 89.043494, 21.829634 ], [ 89.043546, 21.829805 ], [ 89.043597, 21.829977 ], [ 89.043646, 21.830149 ], [ 89.043695, 21.830322 ], [ 89.043742, 21.830495 ], [ 89.043789, 21.830668 ], [ 89.043834, 21.830841 ], [ 89.043878, 21.831016 ], [ 89.043921, 21.83119 ], [ 89.043923, 21.831197 ], [ 89.043924, 21.831203 ], [ 89.043958, 21.831379 ], [ 89.043991, 21.831554 ], [ 89.044022, 21.831731 ], [ 89.044053, 21.831907 ], [ 89.044083, 21.832084 ], [ 89.044111, 21.832261 ], [ 89.044138, 21.832438 ], [ 89.044164, 21.832616 ], [ 89.044189, 21.832794 ], [ 89.044213, 21.832972 ], [ 89.044236, 21.83315 ], [ 89.044251, 21.833273 ], [ 89.044258, 21.833329 ], [ 89.044273, 21.833453 ], [ 89.04428, 21.833507 ], [ 89.044295, 21.833632 ], [ 89.044302, 21.833686 ], [ 89.044318, 21.833811 ], [ 89.044325, 21.833865 ], [ 89.04434, 21.83399 ], [ 89.044347, 21.834043 ], [ 89.044362, 21.834169 ], [ 89.044369, 21.834222 ], [ 89.044384, 21.834348 ], [ 89.044391, 21.8344 ], [ 89.044406, 21.834527 ], [ 89.044413, 21.834579 ], [ 89.044428, 21.834706 ], [ 89.044435, 21.834758 ], [ 89.04445, 21.834885 ], [ 89.044457, 21.834936 ], [ 89.044473, 21.835064 ], [ 89.044479, 21.835115 ], [ 89.044495, 21.835244 ], [ 89.044501, 21.835294 ], [ 89.044517, 21.835423 ], [ 89.044523, 21.835472 ], [ 89.044539, 21.835602 ], [ 89.044545, 21.835651 ], [ 89.044561, 21.835781 ], [ 89.044567, 21.835829 ], [ 89.044583, 21.83596 ], [ 89.044589, 21.836008 ], [ 89.044605, 21.836139 ], [ 89.044608, 21.836159 ], [ 89.044611, 21.836187 ], [ 89.044627, 21.836318 ], [ 89.044634, 21.836365 ], [ 89.04465, 21.836497 ], [ 89.044656, 21.836544 ], [ 89.044672, 21.836676 ], [ 89.044678, 21.836723 ], [ 89.044694, 21.836855 ], [ 89.0447, 21.836901 ], [ 89.044716, 21.837035 ], [ 89.044722, 21.83708 ], [ 89.044738, 21.837214 ], [ 89.044744, 21.837258 ], [ 89.04476, 21.837393 ], [ 89.044766, 21.837437 ], [ 89.044782, 21.837572 ], [ 89.044788, 21.837616 ], [ 89.044805, 21.837751 ], [ 89.04481, 21.837794 ], [ 89.044827, 21.83793 ], [ 89.044832, 21.837973 ], [ 89.044849, 21.838109 ], [ 89.044854, 21.838151 ], [ 89.044871, 21.838288 ], [ 89.044876, 21.83833 ], [ 89.044893, 21.838467 ], [ 89.044898, 21.838509 ], [ 89.044915, 21.838646 ], [ 89.04492, 21.838687 ], [ 89.04493, 21.838767 ], [ 89.044936, 21.838826 ], [ 89.044936, 21.838827 ], [ 89.044953, 21.838999 ], [ 89.044954, 21.839005 ], [ 89.04497, 21.83917 ], [ 89.044971, 21.839184 ], [ 89.044987, 21.839342 ], [ 89.044989, 21.839363 ], [ 89.045004, 21.839513 ], [ 89.045007, 21.839542 ], [ 89.045021, 21.839684 ], [ 89.045024, 21.839721 ], [ 89.045038, 21.839856 ], [ 89.045042, 21.8399 ], [ 89.045047, 21.839953 ], [ 89.045048, 21.840079 ], [ 89.045048, 21.840111 ], [ 89.045049, 21.840258 ], [ 89.04505, 21.84029 ], [ 89.045051, 21.840437 ], [ 89.045051, 21.840468 ], [ 89.045052, 21.840616 ], [ 89.045053, 21.840647 ], [ 89.045054, 21.840795 ], [ 89.045054, 21.840826 ], [ 89.045055, 21.840974 ], [ 89.045055, 21.840992 ], [ 89.045055, 21.841004 ], [ 89.045056, 21.841153 ], [ 89.045057, 21.841183 ], [ 89.045058, 21.841332 ], [ 89.045058, 21.841362 ], [ 89.045059, 21.841511 ], [ 89.045059, 21.84154 ], [ 89.04506, 21.84169 ], [ 89.045061, 21.841719 ], [ 89.045062, 21.841869 ], [ 89.045062, 21.841898 ], [ 89.045063, 21.842048 ], [ 89.045064, 21.842076 ], [ 89.045065, 21.842227 ], [ 89.045065, 21.842255 ], [ 89.045066, 21.842406 ], [ 89.045066, 21.842434 ], [ 89.045067, 21.842585 ], [ 89.045068, 21.842612 ], [ 89.045069, 21.842764 ], [ 89.045069, 21.842791 ], [ 89.04507, 21.842943 ], [ 89.045071, 21.84297 ], [ 89.045072, 21.843122 ], [ 89.045072, 21.843148 ], [ 89.045073, 21.843301 ], [ 89.045073, 21.843327 ], [ 89.045075, 21.843506 ], [ 89.045075, 21.843684 ], [ 89.045074, 21.843863 ], [ 89.045072, 21.844042 ], [ 89.045069, 21.844221 ], [ 89.045065, 21.844399 ], [ 89.04506, 21.844578 ], [ 89.045054, 21.844757 ], [ 89.045046, 21.844936 ], [ 89.045038, 21.845115 ], [ 89.045029, 21.845293 ], [ 89.045018, 21.845472 ], [ 89.045007, 21.845651 ], [ 89.044994, 21.84583 ], [ 89.04498, 21.846009 ], [ 89.044966, 21.846188 ], [ 89.04495, 21.846367 ], [ 89.044933, 21.846546 ], [ 89.044915, 21.846725 ], [ 89.044896, 21.846904 ], [ 89.044876, 21.847083 ], [ 89.044855, 21.847262 ], [ 89.044833, 21.847442 ], [ 89.04481, 21.847621 ], [ 89.044786, 21.8478 ], [ 89.04476, 21.847979 ], [ 89.044734, 21.848158 ], [ 89.044707, 21.848337 ], [ 89.044678, 21.848517 ], [ 89.044667, 21.848581 ], [ 89.044673, 21.848605 ], [ 89.044693, 21.848695 ], [ 89.044712, 21.848782 ], [ 89.044732, 21.848873 ], [ 89.044751, 21.848959 ], [ 89.044772, 21.849051 ], [ 89.04479, 21.849136 ], [ 89.044811, 21.849229 ], [ 89.044829, 21.849313 ], [ 89.04485, 21.849407 ], [ 89.044868, 21.84949 ], [ 89.04489, 21.849585 ], [ 89.044908, 21.849667 ], [ 89.044929, 21.849763 ], [ 89.044968, 21.849941 ], [ 89.045005, 21.850118 ], [ 89.045042, 21.850296 ], [ 89.045077, 21.850474 ], [ 89.045112, 21.850652 ], [ 89.045145, 21.85083 ], [ 89.045177, 21.851009 ], [ 89.045209, 21.851187 ], [ 89.045239, 21.851365 ], [ 89.045268, 21.851543 ], [ 89.045296, 21.851721 ], [ 89.045317, 21.851863 ], [ 89.045315, 21.851949 ], [ 89.04531, 21.852136 ], [ 89.045304, 21.852322 ], [ 89.045297, 21.852508 ], [ 89.045288, 21.852694 ], [ 89.045279, 21.852879 ], [ 89.045268, 21.853064 ], [ 89.045256, 21.853249 ], [ 89.045243, 21.853433 ], [ 89.045229, 21.853617 ], [ 89.045214, 21.8538 ], [ 89.045198, 21.853983 ], [ 89.045181, 21.854166 ], [ 89.045163, 21.854348 ], [ 89.045143, 21.85453 ], [ 89.045122, 21.854712 ], [ 89.045101, 21.854893 ], [ 89.045078, 21.855074 ], [ 89.045054, 21.855255 ], [ 89.045029, 21.855435 ], [ 89.045003, 21.855615 ], [ 89.044975, 21.855794 ], [ 89.044947, 21.855973 ], [ 89.044917, 21.856152 ], [ 89.044916, 21.856159 ], [ 89.044888, 21.856331 ], [ 89.044887, 21.856336 ], [ 89.044858, 21.856509 ], [ 89.044858, 21.856513 ], [ 89.044829, 21.856688 ], [ 89.044828, 21.856689 ], [ 89.044799, 21.856866 ], [ 89.044799, 21.856867 ], [ 89.04477, 21.857043 ], [ 89.044769, 21.857045 ], [ 89.04474, 21.85722 ], [ 89.04474, 21.857224 ], [ 89.044711, 21.857397 ], [ 89.04471, 21.857403 ], [ 89.044682, 21.857573 ], [ 89.044681, 21.857581 ], [ 89.044653, 21.85775 ], [ 89.044651, 21.85776 ], [ 89.044623, 21.857927 ], [ 89.044621, 21.857939 ], [ 89.044594, 21.858104 ], [ 89.044592, 21.858118 ], [ 89.044565, 21.858281 ], [ 89.044562, 21.858296 ], [ 89.044536, 21.858457 ], [ 89.044533, 21.858475 ], [ 89.044506, 21.858634 ], [ 89.044503, 21.858654 ], [ 89.044477, 21.858811 ], [ 89.044474, 21.858832 ], [ 89.044448, 21.858988 ], [ 89.044444, 21.859011 ], [ 89.044418, 21.859165 ], [ 89.044414, 21.85919 ], [ 89.044389, 21.859341 ], [ 89.044385, 21.859368 ], [ 89.04436, 21.859518 ], [ 89.044355, 21.859547 ], [ 89.044331, 21.859695 ], [ 89.044326, 21.859726 ], [ 89.044301, 21.859872 ], [ 89.044296, 21.859904 ], [ 89.044272, 21.860049 ], [ 89.044267, 21.860083 ], [ 89.044243, 21.860225 ], [ 89.044237, 21.860262 ], [ 89.044214, 21.860402 ], [ 89.044207, 21.860441 ], [ 89.044184, 21.860579 ], [ 89.044178, 21.860619 ], [ 89.044155, 21.860756 ], [ 89.044148, 21.860798 ], [ 89.044126, 21.860932 ], [ 89.044119, 21.860977 ], [ 89.044096, 21.861109 ], [ 89.044089, 21.861155 ], [ 89.044067, 21.861286 ], [ 89.04406, 21.861334 ], [ 89.044038, 21.861463 ], [ 89.04403, 21.861513 ], [ 89.044009, 21.86164 ], [ 89.044, 21.861691 ], [ 89.043979, 21.861816 ], [ 89.043971, 21.86187 ], [ 89.04395, 21.861993 ], [ 89.043941, 21.862049 ], [ 89.043921, 21.86217 ], [ 89.043912, 21.862227 ], [ 89.043892, 21.862347 ], [ 89.043882, 21.862406 ], [ 89.043862, 21.862524 ], [ 89.043852, 21.862585 ], [ 89.043833, 21.8627 ], [ 89.043823, 21.862763 ], [ 89.043804, 21.862877 ], [ 89.043793, 21.862942 ], [ 89.043774, 21.863054 ], [ 89.043764, 21.863121 ], [ 89.043745, 21.863231 ], [ 89.043734, 21.8633 ], [ 89.043704, 21.863478 ], [ 89.043673, 21.863656 ], [ 89.04364, 21.863834 ], [ 89.043607, 21.864011 ], [ 89.043572, 21.864188 ], [ 89.043536, 21.864365 ], [ 89.043498, 21.864541 ], [ 89.04346, 21.864717 ], [ 89.04342, 21.864892 ], [ 89.043379, 21.865067 ], [ 89.043337, 21.865241 ], [ 89.043294, 21.865416 ], [ 89.043249, 21.865589 ], [ 89.043203, 21.865763 ], [ 89.043156, 21.865936 ], [ 89.043108, 21.866108 ], [ 89.043059, 21.86628 ], [ 89.043008, 21.866452 ], [ 89.042956, 21.866623 ], [ 89.042903, 21.866794 ], [ 89.042849, 21.866965 ], [ 89.042793, 21.867135 ], [ 89.042737, 21.867305 ], [ 89.042679, 21.867474 ], [ 89.04262, 21.867643 ], [ 89.042559, 21.867812 ], [ 89.042498, 21.86798 ], [ 89.042435, 21.868148 ], [ 89.042371, 21.868315 ], [ 89.042306, 21.868482 ], [ 89.04224, 21.868649 ], [ 89.042172, 21.868815 ], [ 89.042103, 21.868981 ], [ 89.042033, 21.869146 ], [ 89.041962, 21.869311 ], [ 89.04189, 21.869476 ], [ 89.041816, 21.86964 ], [ 89.041741, 21.869803 ], [ 89.041695, 21.869903 ], [ 89.041628, 21.869988 ], [ 89.041515, 21.870128 ], [ 89.041401, 21.870267 ], [ 89.041287, 21.870406 ], [ 89.041253, 21.870445 ], [ 89.041172, 21.870544 ], [ 89.041145, 21.870575 ], [ 89.041057, 21.870682 ], [ 89.041037, 21.870706 ], [ 89.040942, 21.87082 ], [ 89.040929, 21.870836 ], [ 89.040827, 21.870958 ], [ 89.040821, 21.870966 ], [ 89.040713, 21.871096 ], [ 89.040712, 21.871097 ], [ 89.040604, 21.871226 ], [ 89.040597, 21.871235 ], [ 89.040496, 21.871357 ], [ 89.040483, 21.871373 ], [ 89.040388, 21.871487 ], [ 89.040368, 21.871511 ], [ 89.04028, 21.871617 ], [ 89.040253, 21.871649 ], [ 89.040138, 21.871787 ], [ 89.040022, 21.871924 ], [ 89.039905, 21.87206 ], [ 89.039787, 21.872196 ], [ 89.039668, 21.87233 ], [ 89.039549, 21.872463 ], [ 89.039428, 21.872596 ], [ 89.039307, 21.872727 ], [ 89.039184, 21.872858 ], [ 89.039061, 21.872988 ], [ 89.038937, 21.873117 ], [ 89.038812, 21.873245 ], [ 89.038686, 21.873372 ], [ 89.038631, 21.873426 ], [ 89.038559, 21.873498 ], [ 89.038506, 21.873551 ], [ 89.038433, 21.873625 ], [ 89.038381, 21.873677 ], [ 89.038306, 21.873752 ], [ 89.038256, 21.873802 ], [ 89.03818, 21.873878 ], [ 89.03813, 21.873928 ], [ 89.038054, 21.874005 ], [ 89.038005, 21.874053 ], [ 89.037927, 21.874131 ], [ 89.03788, 21.874178 ], [ 89.037801, 21.874258 ], [ 89.037754, 21.874304 ], [ 89.037674, 21.874385 ], [ 89.037629, 21.874429 ], [ 89.037548, 21.874511 ], [ 89.037504, 21.874555 ], [ 89.037421, 21.874638 ], [ 89.037379, 21.87468 ], [ 89.037295, 21.874765 ], [ 89.037253, 21.874806 ], [ 89.037169, 21.874891 ], [ 89.037128, 21.874931 ], [ 89.037042, 21.875018 ], [ 89.037003, 21.875057 ], [ 89.036916, 21.875144 ], [ 89.036878, 21.875182 ], [ 89.036789, 21.875271 ], [ 89.036752, 21.875308 ], [ 89.036663, 21.875398 ], [ 89.036627, 21.875433 ], [ 89.036536, 21.875524 ], [ 89.036502, 21.875559 ], [ 89.03641, 21.875651 ], [ 89.036376, 21.875684 ], [ 89.036284, 21.875778 ], [ 89.036251, 21.87581 ], [ 89.036157, 21.875904 ], [ 89.036126, 21.875935 ], [ 89.036031, 21.876031 ], [ 89.036001, 21.876061 ], [ 89.035904, 21.876158 ], [ 89.035875, 21.876186 ], [ 89.035778, 21.876284 ], [ 89.03575, 21.876312 ], [ 89.035651, 21.876411 ], [ 89.035625, 21.876437 ], [ 89.035525, 21.876537 ], [ 89.035499, 21.876563 ], [ 89.035399, 21.876664 ], [ 89.035374, 21.876688 ], [ 89.035272, 21.876791 ], [ 89.035249, 21.876814 ], [ 89.035146, 21.876917 ], [ 89.035124, 21.876939 ], [ 89.035019, 21.877044 ], [ 89.034998, 21.877065 ], [ 89.034893, 21.877171 ], [ 89.034873, 21.87719 ], [ 89.034767, 21.877297 ], [ 89.034639, 21.877423 ], [ 89.034511, 21.877548 ], [ 89.034382, 21.877672 ], [ 89.034252, 21.877795 ], [ 89.034121, 21.877917 ], [ 89.03399, 21.878039 ], [ 89.033857, 21.878159 ], [ 89.033723, 21.878279 ], [ 89.033589, 21.878397 ], [ 89.033453, 21.878515 ], [ 89.033317, 21.878632 ], [ 89.033302, 21.878645 ], [ 89.033223, 21.878712 ], [ 89.033161, 21.878757 ], [ 89.033134, 21.878777 ], [ 89.033015, 21.878862 ], [ 89.03299, 21.87888 ], [ 89.032869, 21.878967 ], [ 89.032847, 21.878983 ], [ 89.032723, 21.879072 ], [ 89.032703, 21.879087 ], [ 89.032577, 21.879178 ], [ 89.03256, 21.87919 ], [ 89.032431, 21.879283 ], [ 89.032416, 21.879294 ], [ 89.032285, 21.879388 ], [ 89.032273, 21.879397 ], [ 89.03214, 21.879493 ], [ 89.032129, 21.879501 ], [ 89.031994, 21.879598 ], [ 89.031986, 21.879604 ], [ 89.031848, 21.879703 ], [ 89.031842, 21.879707 ], [ 89.031702, 21.879809 ], [ 89.031699, 21.879811 ], [ 89.031556, 21.879914 ], [ 89.031555, 21.879914 ], [ 89.031412, 21.880018 ], [ 89.03141, 21.880019 ], [ 89.031268, 21.880121 ], [ 89.031264, 21.880124 ], [ 89.031125, 21.880225 ], [ 89.031118, 21.880229 ], [ 89.030981, 21.880328 ], [ 89.030972, 21.880335 ], [ 89.030838, 21.880432 ], [ 89.030826, 21.88044 ], [ 89.030781, 21.880472 ], [ 89.030694, 21.880535 ], [ 89.030681, 21.880545 ], [ 89.030551, 21.880639 ], [ 89.030535, 21.88065 ], [ 89.030407, 21.880742 ], [ 89.030389, 21.880755 ], [ 89.030264, 21.880845 ], [ 89.030243, 21.88086 ], [ 89.03012, 21.880949 ], [ 89.030097, 21.880966 ], [ 89.029977, 21.881052 ], [ 89.029951, 21.881071 ], [ 89.029833, 21.881156 ], [ 89.029805, 21.881176 ], [ 89.02969, 21.881259 ], [ 89.029659, 21.881281 ], [ 89.029546, 21.881363 ], [ 89.029513, 21.881386 ], [ 89.029403, 21.881466 ], [ 89.029367, 21.881491 ], [ 89.029259, 21.88157 ], [ 89.029222, 21.881597 ], [ 89.029116, 21.881673 ], [ 89.029076, 21.881702 ], [ 89.028972, 21.881777 ], [ 89.02893, 21.881807 ], [ 89.028829, 21.88188 ], [ 89.028784, 21.881912 ], [ 89.028685, 21.881983 ], [ 89.028638, 21.882017 ], [ 89.028542, 21.882087 ], [ 89.028492, 21.882123 ], [ 89.028399, 21.88219 ], [ 89.028346, 21.882228 ], [ 89.028255, 21.882294 ], [ 89.0282, 21.882333 ], [ 89.028055, 21.882438 ], [ 89.02791, 21.882545 ], [ 89.027766, 21.882653 ], [ 89.027622, 21.882762 ], [ 89.02748, 21.882871 ], [ 89.027338, 21.882982 ], [ 89.027197, 21.883094 ], [ 89.027057, 21.883207 ], [ 89.026037, 21.88404 ], [ 89.025898, 21.884155 ], [ 89.02576, 21.884271 ], [ 89.025622, 21.884389 ], [ 89.025485, 21.884507 ], [ 89.025348, 21.884627 ], [ 89.025213, 21.884748 ], [ 89.025077, 21.88487 ], [ 89.024943, 21.884993 ], [ 89.024809, 21.885117 ], [ 89.024757, 21.885166 ], [ 89.024676, 21.885241 ], [ 89.024626, 21.885287 ], [ 89.024542, 21.885366 ], [ 89.024496, 21.885409 ], [ 89.024409, 21.88549 ], [ 89.024366, 21.885531 ], [ 89.024275, 21.885615 ], [ 89.024235, 21.885652 ], [ 89.024142, 21.885739 ], [ 89.024105, 21.885774 ], [ 89.024008, 21.885864 ], [ 89.023975, 21.885895 ], [ 89.023875, 21.885988 ], [ 89.023844, 21.886017 ], [ 89.023741, 21.886113 ], [ 89.023714, 21.886138 ], [ 89.023608, 21.886237 ], [ 89.023584, 21.88626 ], [ 89.023474, 21.886362 ], [ 89.023453, 21.886381 ], [ 89.02334, 21.886486 ], [ 89.023323, 21.886503 ], [ 89.023207, 21.886611 ], [ 89.023193, 21.886624 ], [ 89.023073, 21.886735 ], [ 89.023062, 21.886746 ], [ 89.02294, 21.88686 ], [ 89.022932, 21.886867 ], [ 89.022806, 21.886984 ], [ 89.022802, 21.886989 ], [ 89.022673, 21.887109 ], [ 89.022671, 21.887111 ], [ 89.022541, 21.887232 ], [ 89.022539, 21.887233 ], [ 89.022411, 21.887354 ], [ 89.022406, 21.887358 ], [ 89.02228, 21.887475 ], [ 89.022272, 21.887483 ], [ 89.02215, 21.887597 ], [ 89.022139, 21.887607 ], [ 89.02202, 21.887718 ], [ 89.022005, 21.887732 ], [ 89.021889, 21.88784 ], [ 89.021872, 21.887856 ], [ 89.021759, 21.887961 ], [ 89.021738, 21.887981 ], [ 89.021629, 21.888083 ], [ 89.021605, 21.888105 ], [ 89.02151, 21.888194 ], [ 89.021471, 21.888229 ], [ 89.021462, 21.888237 ], [ 89.021337, 21.888353 ], [ 89.021204, 21.888478 ], [ 89.021071, 21.888603 ], [ 89.020939, 21.88873 ], [ 89.020807, 21.888858 ], [ 89.020676, 21.888987 ], [ 89.020546, 21.889117 ], [ 89.020416, 21.889247 ], [ 89.020287, 21.889379 ], [ 89.020187, 21.889482 ], [ 89.02125, 21.892651 ], [ 89.02132, 21.892855 ], [ 89.021391, 21.893058 ], [ 89.021463, 21.893259 ], [ 89.021537, 21.893459 ], [ 89.021611, 21.893656 ], [ 89.021687, 21.893853 ], [ 89.021764, 21.894048 ], [ 89.021842, 21.894241 ], [ 89.022693, 21.896307 ], [ 89.022766, 21.896488 ], [ 89.022837, 21.896669 ], [ 89.022905, 21.89685 ], [ 89.022972, 21.89703 ], [ 89.023037, 21.897211 ], [ 89.0231, 21.897392 ], [ 89.023162, 21.897572 ], [ 89.023221, 21.897753 ], [ 89.023279, 21.897933 ], [ 89.023334, 21.898114 ], [ 89.023388, 21.898294 ], [ 89.02344, 21.898475 ], [ 89.02349, 21.898655 ], [ 89.023538, 21.898835 ], [ 89.023584, 21.899016 ], [ 89.023628, 21.899196 ], [ 89.02367, 21.899376 ], [ 89.023711, 21.899557 ], [ 89.023749, 21.899737 ], [ 89.023786, 21.899917 ], [ 89.023821, 21.900097 ], [ 89.023854, 21.900277 ], [ 89.023885, 21.900457 ], [ 89.023914, 21.900638 ], [ 89.023941, 21.900818 ], [ 89.023966, 21.900998 ], [ 89.02399, 21.901178 ], [ 89.024011, 21.901358 ], [ 89.024031, 21.901537 ], [ 89.024049, 21.901717 ], [ 89.024064, 21.901897 ], [ 89.024078, 21.902077 ], [ 89.02409, 21.902257 ], [ 89.024101, 21.902437 ], [ 89.024109, 21.902616 ], [ 89.024115, 21.902796 ], [ 89.02412, 21.902976 ], [ 89.024122, 21.903155 ], [ 89.024123, 21.903335 ], [ 89.024122, 21.903515 ], [ 89.024119, 21.903694 ], [ 89.024114, 21.903874 ], [ 89.024107, 21.904053 ], [ 89.024098, 21.904233 ], [ 89.024093, 21.904326 ], [ 89.024089, 21.904412 ], [ 89.024083, 21.904503 ], [ 89.024079, 21.904592 ], [ 89.024074, 21.904679 ], [ 89.024069, 21.904771 ], [ 89.024067, 21.904815 ], [ 89.024117, 21.904952 ], [ 89.024182, 21.905132 ], [ 89.024245, 21.905313 ], [ 89.024305, 21.905493 ], [ 89.024363, 21.905674 ], [ 89.02442, 21.905854 ], [ 89.024474, 21.906035 ], [ 89.024525, 21.906215 ], [ 89.024575, 21.906396 ], [ 89.024622, 21.906576 ], [ 89.024668, 21.906756 ], [ 89.024711, 21.906937 ], [ 89.024752, 21.907117 ], [ 89.024753, 21.907125 ], [ 89.024792, 21.907297 ], [ 89.024794, 21.907305 ], [ 89.024833, 21.907478 ], [ 89.024835, 21.907485 ], [ 89.024874, 21.907658 ], [ 89.024876, 21.907666 ], [ 89.024915, 21.907838 ], [ 89.024916, 21.907846 ], [ 89.024956, 21.908018 ], [ 89.024957, 21.908026 ], [ 89.024996, 21.908199 ], [ 89.024998, 21.908207 ], [ 89.025037, 21.908379 ], [ 89.025039, 21.908387 ], [ 89.025078, 21.908559 ], [ 89.02508, 21.908567 ], [ 89.025119, 21.908739 ], [ 89.025121, 21.908747 ], [ 89.02516, 21.90892 ], [ 89.025161, 21.908928 ], [ 89.0252, 21.9091 ], [ 89.025202, 21.909108 ], [ 89.025241, 21.90928 ], [ 89.025243, 21.909288 ], [ 89.025282, 21.90946 ], [ 89.025284, 21.909469 ], [ 89.025323, 21.909641 ], [ 89.025325, 21.909649 ], [ 89.025364, 21.909821 ], [ 89.025365, 21.909829 ], [ 89.025404, 21.910001 ], [ 89.025406, 21.910009 ], [ 89.025445, 21.910181 ], [ 89.025447, 21.91019 ], [ 89.025486, 21.910362 ], [ 89.025488, 21.91037 ], [ 89.025527, 21.910542 ], [ 89.025529, 21.91055 ], [ 89.025568, 21.910722 ], [ 89.025569, 21.910731 ], [ 89.025609, 21.910903 ], [ 89.02561, 21.910911 ], [ 89.025649, 21.911083 ], [ 89.025651, 21.911091 ], [ 89.02569, 21.911263 ], [ 89.025692, 21.911271 ], [ 89.025731, 21.911443 ], [ 89.025733, 21.911452 ], [ 89.025772, 21.911624 ], [ 89.025774, 21.911632 ], [ 89.025813, 21.911804 ], [ 89.025814, 21.911812 ], [ 89.025853, 21.911984 ], [ 89.025855, 21.911992 ], [ 89.025894, 21.912164 ], [ 89.025896, 21.912173 ], [ 89.025935, 21.912345 ], [ 89.025937, 21.912353 ], [ 89.025976, 21.912525 ], [ 89.025978, 21.912533 ], [ 89.026017, 21.912705 ], [ 89.026018, 21.912714 ], [ 89.026057, 21.912885 ], [ 89.026059, 21.912894 ], [ 89.026098, 21.913066 ], [ 89.0261, 21.913074 ], [ 89.026139, 21.913246 ], [ 89.026141, 21.913254 ], [ 89.02618, 21.913426 ], [ 89.026218, 21.913606 ], [ 89.026528, 21.91518 ], [ 89.026565, 21.915354 ], [ 89.026605, 21.915528 ], [ 89.026647, 21.915702 ], [ 89.026692, 21.915875 ], [ 89.026739, 21.916048 ], [ 89.026758, 21.916113 ], [ 89.026788, 21.916221 ], [ 89.026806, 21.916282 ], [ 89.026836, 21.916393 ], [ 89.026853, 21.916451 ], [ 89.026884, 21.916566 ], [ 89.0269, 21.91662 ], [ 89.026933, 21.916738 ], [ 89.026948, 21.916789 ], [ 89.026981, 21.916911 ], [ 89.026995, 21.916958 ], [ 89.02703, 21.917083 ], [ 89.027042, 21.917127 ], [ 89.027078, 21.917256 ], [ 89.02709, 21.917296 ], [ 89.027126, 21.917429 ], [ 89.027137, 21.917465 ], [ 89.027175, 21.917601 ], [ 89.027184, 21.917634 ], [ 89.027223, 21.917774 ], [ 89.027231, 21.917803 ], [ 89.027257, 21.917893 ], [ 89.027271, 21.917946 ], [ 89.027279, 21.917972 ], [ 89.02732, 21.918119 ], [ 89.027326, 21.918141 ], [ 89.027368, 21.918291 ], [ 89.027373, 21.91831 ], [ 89.027416, 21.918464 ], [ 89.027421, 21.918479 ], [ 89.027465, 21.918637 ], [ 89.027468, 21.918648 ], [ 89.027513, 21.918809 ], [ 89.027515, 21.918817 ], [ 89.027561, 21.918982 ], [ 89.027563, 21.918986 ], [ 89.02761, 21.919154 ], [ 89.02761, 21.919155 ], [ 89.027657, 21.919324 ], [ 89.027658, 21.919327 ], [ 89.027705, 21.919493 ], [ 89.027706, 21.919499 ], [ 89.027752, 21.919662 ], [ 89.027755, 21.919672 ], [ 89.027799, 21.919831 ], [ 89.027845, 21.92 ], [ 89.027881, 21.920145 ], [ 89.027917, 21.92016 ], [ 89.028145, 21.920258 ], [ 89.028368, 21.920359 ], [ 89.028587, 21.920461 ], [ 89.028801, 21.920565 ], [ 89.029011, 21.920671 ], [ 89.029217, 21.920779 ], [ 89.029418, 21.920888 ], [ 89.029615, 21.920999 ], [ 89.031142, 21.921894 ], [ 89.031309, 21.921987 ], [ 89.031477, 21.922077 ], [ 89.031646, 21.922162 ], [ 89.031815, 21.922243 ], [ 89.031985, 21.92232 ], [ 89.032156, 21.922393 ], [ 89.032327, 21.922461 ], [ 89.032499, 21.922525 ], [ 89.032671, 21.922585 ], [ 89.032844, 21.922641 ], [ 89.033017, 21.922693 ], [ 89.033144, 21.922727 ], [ 89.033191, 21.922742 ], [ 89.033317, 21.922776 ], [ 89.033365, 21.92279 ], [ 89.03349, 21.922824 ], [ 89.033539, 21.922839 ], [ 89.033663, 21.922873 ], [ 89.033713, 21.922887 ], [ 89.033837, 21.922921 ], [ 89.033887, 21.922936 ], [ 89.03401, 21.922969 ], [ 89.034061, 21.922985 ], [ 89.034183, 21.923018 ], [ 89.034235, 21.923033 ], [ 89.034356, 21.923066 ], [ 89.034409, 21.923082 ], [ 89.034529, 21.923115 ], [ 89.034583, 21.923131 ], [ 89.034703, 21.923163 ], [ 89.034757, 21.923179 ], [ 89.034876, 21.923211 ], [ 89.034931, 21.923228 ], [ 89.035049, 21.92326 ], [ 89.035105, 21.923276 ], [ 89.035222, 21.923308 ], [ 89.035279, 21.923325 ], [ 89.035395, 21.923357 ], [ 89.035453, 21.923374 ], [ 89.035569, 21.923405 ], [ 89.035627, 21.923422 ], [ 89.035742, 21.923453 ], [ 89.035801, 21.923471 ], [ 89.035915, 21.923502 ], [ 89.035974, 21.92352 ], [ 89.036088, 21.92355 ], [ 89.036148, 21.923568 ], [ 89.036261, 21.923599 ], [ 89.036322, 21.923617 ], [ 89.036435, 21.923647 ], [ 89.036496, 21.923665 ], [ 89.036608, 21.923695 ], [ 89.03667, 21.923714 ], [ 89.036781, 21.923744 ], [ 89.036844, 21.923763 ], [ 89.036954, 21.923792 ], [ 89.037018, 21.923811 ], [ 89.037127, 21.923841 ], [ 89.037192, 21.92386 ], [ 89.037301, 21.923889 ], [ 89.037366, 21.923909 ], [ 89.037474, 21.923937 ], [ 89.03754, 21.923957 ], [ 89.037647, 21.923986 ], [ 89.037714, 21.924006 ], [ 89.03782, 21.924034 ], [ 89.037888, 21.924054 ], [ 89.037993, 21.924083 ], [ 89.038062, 21.924103 ], [ 89.038167, 21.924131 ], [ 89.038236, 21.924152 ], [ 89.03841, 21.924198 ], [ 89.038585, 21.92424 ], [ 89.038761, 21.924276 ], [ 89.038937, 21.924307 ], [ 89.039032, 21.924321 ], [ 89.039114, 21.924335 ], [ 89.039206, 21.924349 ], [ 89.039291, 21.924364 ], [ 89.039381, 21.924377 ], [ 89.039467, 21.924392 ], [ 89.039555, 21.924405 ], [ 89.039644, 21.92442 ], [ 89.03973, 21.924433 ], [ 89.039821, 21.924449 ], [ 89.039904, 21.924461 ], [ 89.039998, 21.924477 ], [ 89.040079, 21.924489 ], [ 89.040175, 21.924505 ], [ 89.040254, 21.924517 ], [ 89.040352, 21.924534 ], [ 89.040428, 21.924545 ], [ 89.040528, 21.924562 ], [ 89.040603, 21.924573 ], [ 89.040705, 21.92459 ], [ 89.040777, 21.9246 ], [ 89.040882, 21.924619 ], [ 89.040952, 21.924628 ], [ 89.041059, 21.924647 ], [ 89.041126, 21.924656 ], [ 89.041236, 21.924675 ], [ 89.041301, 21.924684 ], [ 89.041413, 21.924703 ], [ 89.041475, 21.924712 ], [ 89.041589, 21.924732 ], [ 89.04165, 21.92474 ], [ 89.041766, 21.92476 ], [ 89.041824, 21.924768 ], [ 89.041943, 21.924788 ], [ 89.041999, 21.924796 ], [ 89.04212, 21.924817 ], [ 89.042173, 21.924824 ], [ 89.042297, 21.924845 ], [ 89.042348, 21.924852 ], [ 89.042473, 21.924873 ], [ 89.042522, 21.92488 ], [ 89.04265, 21.924902 ], [ 89.042697, 21.924908 ], [ 89.042827, 21.92493 ], [ 89.042871, 21.924936 ], [ 89.043004, 21.924958 ], [ 89.043046, 21.924964 ], [ 89.043181, 21.924987 ], [ 89.04322, 21.924992 ], [ 89.043358, 21.925015 ], [ 89.043395, 21.92502 ], [ 89.043534, 21.925043 ], [ 89.043569, 21.925048 ], [ 89.043711, 21.925072 ], [ 89.043744, 21.925076 ], [ 89.043888, 21.9251 ], [ 89.043918, 21.925104 ], [ 89.044065, 21.925128 ], [ 89.044093, 21.925132 ], [ 89.044242, 21.925156 ], [ 89.044267, 21.92516 ], [ 89.044418, 21.925185 ], [ 89.044442, 21.925188 ], [ 89.044595, 21.925213 ], [ 89.044616, 21.925216 ], [ 89.044772, 21.925241 ], [ 89.044791, 21.925244 ], [ 89.044949, 21.92527 ], [ 89.044965, 21.925272 ], [ 89.045126, 21.925298 ], [ 89.04514, 21.9253 ], [ 89.045303, 21.925326 ], [ 89.045314, 21.925328 ], [ 89.045479, 21.925354 ], [ 89.045489, 21.925356 ], [ 89.045656, 21.925383 ], [ 89.045664, 21.925384 ], [ 89.045833, 21.925411 ], [ 89.045838, 21.925412 ], [ 89.04601, 21.925439 ], [ 89.046013, 21.92544 ], [ 89.046187, 21.925468 ], [ 89.046187, 21.925468 ], [ 89.046362, 21.925496 ], [ 89.046364, 21.925496 ], [ 89.046536, 21.925524 ], [ 89.04654, 21.925524 ], [ 89.046717, 21.925552 ], [ 89.046895, 21.925575 ], [ 89.047073, 21.925593 ], [ 89.047252, 21.925605 ], [ 89.047364, 21.925609 ], [ 89.047541, 21.92562 ], [ 89.047719, 21.925638 ], [ 89.047896, 21.92566 ], [ 89.048074, 21.925687 ], [ 89.048241, 21.925718 ], [ 89.048253, 21.92572 ], [ 89.048414, 21.92575 ], [ 89.048431, 21.925753 ], [ 89.048588, 21.925782 ], [ 89.048609, 21.925785 ], [ 89.048762, 21.925814 ], [ 89.048787, 21.925818 ], [ 89.048935, 21.925845 ], [ 89.048965, 21.92585 ], [ 89.049109, 21.925877 ], [ 89.049144, 21.925883 ], [ 89.049282, 21.925909 ], [ 89.049322, 21.925915 ], [ 89.049456, 21.925941 ], [ 89.0495, 21.925948 ], [ 89.04963, 21.925973 ], [ 89.049678, 21.92598 ], [ 89.049803, 21.926004 ], [ 89.049857, 21.926013 ], [ 89.049977, 21.926036 ], [ 89.050035, 21.926046 ], [ 89.050151, 21.926068 ], [ 89.050213, 21.926078 ], [ 89.050324, 21.9261 ], [ 89.050391, 21.926111 ], [ 89.050498, 21.926131 ], [ 89.050569, 21.926143 ], [ 89.050748, 21.926178 ], [ 89.050926, 21.926217 ], [ 89.051105, 21.92626 ], [ 89.051202, 21.926286 ], [ 89.051283, 21.92628 ], [ 89.051459, 21.926271 ], [ 89.051635, 21.926266 ], [ 89.051812, 21.926265 ], [ 89.051989, 21.926269 ], [ 89.052166, 21.926276 ], [ 89.052343, 21.926287 ], [ 89.052521, 21.926303 ], [ 89.05393, 21.926458 ], [ 89.054121, 21.926475 ], [ 89.054315, 21.926488 ], [ 89.054434, 21.926494 ], [ 89.05451, 21.9265 ], [ 89.054636, 21.926506 ], [ 89.054705, 21.926511 ], [ 89.054838, 21.926518 ], [ 89.0549, 21.926523 ], [ 89.05504, 21.92653 ], [ 89.055095, 21.926534 ], [ 89.0551, 21.926534 ], [ 89.055159, 21.926525 ], [ 89.055229, 21.926512 ], [ 89.055343, 21.926494 ], [ 89.055411, 21.926482 ], [ 89.055527, 21.926463 ], [ 89.055593, 21.926452 ], [ 89.055711, 21.926433 ], [ 89.055776, 21.926421 ], [ 89.055895, 21.926402 ], [ 89.055958, 21.926391 ], [ 89.056079, 21.926371 ], [ 89.05614, 21.92636 ], [ 89.056263, 21.926341 ], [ 89.056323, 21.92633 ], [ 89.056446, 21.92631 ], [ 89.056505, 21.9263 ], [ 89.05663, 21.92628 ], [ 89.056687, 21.926269 ], [ 89.056814, 21.926249 ], [ 89.05687, 21.926239 ], [ 89.056998, 21.926218 ], [ 89.057052, 21.926209 ], [ 89.057182, 21.926188 ], [ 89.057234, 21.926178 ], [ 89.057366, 21.926157 ], [ 89.057417, 21.926148 ], [ 89.05755, 21.926126 ], [ 89.057599, 21.926117 ], [ 89.057679, 21.926104 ], [ 89.057733, 21.926096 ], [ 89.057781, 21.926087 ], [ 89.057917, 21.926065 ], [ 89.057964, 21.926057 ], [ 89.058101, 21.926034 ], [ 89.058146, 21.926026 ], [ 89.058285, 21.926004 ], [ 89.058329, 21.925996 ], [ 89.058469, 21.925973 ], [ 89.058511, 21.925965 ], [ 89.058653, 21.925942 ], [ 89.058693, 21.925935 ], [ 89.058836, 21.925912 ], [ 89.058876, 21.925905 ], [ 89.05902, 21.925881 ], [ 89.059058, 21.925874 ], [ 89.059204, 21.92585 ], [ 89.05924, 21.925844 ], [ 89.059388, 21.92582 ], [ 89.059423, 21.925813 ], [ 89.059572, 21.925789 ], [ 89.059605, 21.925783 ], [ 89.059756, 21.925758 ], [ 89.059787, 21.925753 ], [ 89.05994, 21.925728 ], [ 89.05997, 21.925722 ], [ 89.060123, 21.925697 ], [ 89.060152, 21.925692 ], [ 89.060307, 21.925666 ], [ 89.060334, 21.925662 ], [ 89.060491, 21.925636 ], [ 89.060517, 21.925631 ], [ 89.060675, 21.925605 ], [ 89.060699, 21.925601 ], [ 89.060859, 21.925574 ], [ 89.060881, 21.92557 ], [ 89.061064, 21.92554 ], [ 89.061247, 21.925513 ], [ 89.064241, 21.925102 ], [ 89.064432, 21.925078 ], [ 89.064624, 21.925056 ], [ 89.065112, 21.925003 ], [ 89.065344, 21.924975 ], [ 89.065578, 21.924945 ], [ 89.065814, 21.924912 ], [ 89.066051, 21.924877 ], [ 89.067315, 21.924675 ], [ 89.06757, 21.924632 ], [ 89.067827, 21.924587 ], [ 89.068085, 21.924539 ], [ 89.068346, 21.924488 ], [ 89.068609, 21.924435 ], [ 89.068874, 21.924379 ], [ 89.06914, 21.924321 ], [ 89.069409, 21.92426 ], [ 89.06968, 21.924197 ], [ 89.069731, 21.924185 ], [ 89.069782, 21.924249 ], [ 89.06982, 21.924299 ], [ 89.069894, 21.924395 ], [ 89.069929, 21.924439 ], [ 89.070007, 21.92454 ], [ 89.070038, 21.92458 ], [ 89.07012, 21.924686 ], [ 89.070147, 21.92472 ], [ 89.070179, 21.924761 ], [ 89.070233, 21.924831 ], [ 89.070255, 21.924861 ], [ 89.070346, 21.924977 ], [ 89.070364, 21.925001 ], [ 89.070459, 21.925122 ], [ 89.070473, 21.925141 ], [ 89.070572, 21.925268 ], [ 89.070582, 21.925282 ], [ 89.070684, 21.925413 ], [ 89.070691, 21.925422 ], [ 89.070797, 21.925559 ], [ 89.070909, 21.925705 ], [ 89.071019, 21.925852 ], [ 89.071128, 21.925999 ], [ 89.071236, 21.926147 ], [ 89.071342, 21.926296 ], [ 89.071447, 21.926445 ], [ 89.07155, 21.926595 ], [ 89.071652, 21.926745 ], [ 89.071753, 21.926896 ], [ 89.071853, 21.927047 ], [ 89.071856, 21.927052 ], [ 89.072632, 21.928938 ], [ 89.072682, 21.929056 ], [ 89.072732, 21.929174 ], [ 89.073065, 21.929943 ], [ 89.073135, 21.930109 ], [ 89.073203, 21.930275 ], [ 89.07327, 21.930441 ], [ 89.073336, 21.930608 ], [ 89.0734, 21.930776 ], [ 89.073413, 21.93081 ], [ 89.073464, 21.930943 ], [ 89.073477, 21.930978 ], [ 89.073528, 21.931111 ], [ 89.073541, 21.931146 ], [ 89.073592, 21.931279 ], [ 89.073605, 21.931313 ], [ 89.073655, 21.931446 ], [ 89.073668, 21.931481 ], [ 89.073719, 21.931614 ], [ 89.073732, 21.931649 ], [ 89.073783, 21.931781 ], [ 89.073796, 21.931816 ], [ 89.073847, 21.931949 ], [ 89.07386, 21.931984 ], [ 89.073911, 21.932117 ], [ 89.073924, 21.932152 ], [ 89.073975, 21.932284 ], [ 89.073988, 21.932319 ], [ 89.074038, 21.932452 ], [ 89.074052, 21.932487 ], [ 89.074102, 21.932619 ], [ 89.074115, 21.932655 ], [ 89.074166, 21.932787 ], [ 89.074179, 21.932822 ], [ 89.07423, 21.932955 ], [ 89.074243, 21.93299 ], [ 89.074294, 21.933122 ], [ 89.074307, 21.933158 ], [ 89.074358, 21.93329 ], [ 89.074371, 21.933325 ], [ 89.074421, 21.933457 ], [ 89.074435, 21.933493 ], [ 89.074485, 21.933625 ], [ 89.074499, 21.933661 ], [ 89.074549, 21.933793 ], [ 89.074562, 21.933828 ], [ 89.074613, 21.93396 ], [ 89.074626, 21.933996 ], [ 89.074677, 21.934128 ], [ 89.07469, 21.934164 ], [ 89.074741, 21.934296 ], [ 89.074754, 21.934331 ], [ 89.074804, 21.934463 ], [ 89.074818, 21.934499 ], [ 89.074868, 21.934631 ], [ 89.074882, 21.934667 ], [ 89.074932, 21.934798 ], [ 89.074946, 21.934834 ], [ 89.074996, 21.934966 ], [ 89.075009, 21.935002 ], [ 89.07506, 21.935134 ], [ 89.075073, 21.93517 ], [ 89.075124, 21.935301 ], [ 89.075137, 21.935337 ], [ 89.075188, 21.935469 ], [ 89.075201, 21.935505 ], [ 89.075251, 21.935636 ], [ 89.075265, 21.935673 ], [ 89.075315, 21.935804 ], [ 89.075329, 21.93584 ], [ 89.075379, 21.935972 ], [ 89.075393, 21.936008 ], [ 89.075443, 21.936139 ], [ 89.075456, 21.936176 ], [ 89.075507, 21.936307 ], [ 89.07552, 21.936343 ], [ 89.075571, 21.936474 ], [ 89.075584, 21.936511 ], [ 89.075634, 21.936642 ], [ 89.075648, 21.936679 ], [ 89.075698, 21.93681 ], [ 89.075712, 21.936846 ], [ 89.075762, 21.936977 ], [ 89.075776, 21.937014 ], [ 89.075826, 21.937145 ], [ 89.07584, 21.937182 ], [ 89.07589, 21.937313 ], [ 89.075904, 21.937349 ], [ 89.075954, 21.93748 ], [ 89.075967, 21.937517 ], [ 89.076017, 21.937648 ], [ 89.07608, 21.937816 ], [ 89.076141, 21.937984 ], [ 89.076201, 21.938153 ], [ 89.076259, 21.938323 ], [ 89.07628, 21.938386 ], [ 89.076317, 21.938493 ], [ 89.076338, 21.938555 ], [ 89.076374, 21.938662 ], [ 89.076395, 21.938724 ], [ 89.076432, 21.938832 ], [ 89.076453, 21.938894 ], [ 89.07649, 21.939002 ], [ 89.07651, 21.939063 ], [ 89.076547, 21.939171 ], [ 89.076567, 21.939232 ], [ 89.076605, 21.939341 ], [ 89.076625, 21.939401 ], [ 89.076662, 21.939511 ], [ 89.076682, 21.939571 ], [ 89.07672, 21.93968 ], [ 89.07674, 21.93974 ], [ 89.076778, 21.93985 ], [ 89.076797, 21.939909 ], [ 89.076835, 21.94002 ], [ 89.076855, 21.940078 ], [ 89.076893, 21.94019 ], [ 89.076912, 21.940247 ], [ 89.07695, 21.940359 ], [ 89.076969, 21.940417 ], [ 89.077008, 21.940529 ], [ 89.077027, 21.940586 ], [ 89.077066, 21.940699 ], [ 89.077084, 21.940755 ], [ 89.077123, 21.940868 ], [ 89.077142, 21.940924 ], [ 89.077181, 21.941038 ], [ 89.077199, 21.941094 ], [ 89.077238, 21.941208 ], [ 89.077257, 21.941263 ], [ 89.077296, 21.941378 ], [ 89.077314, 21.941432 ], [ 89.077354, 21.941547 ], [ 89.077372, 21.941601 ], [ 89.077411, 21.941717 ], [ 89.077429, 21.94177 ], [ 89.077469, 21.941887 ], [ 89.077486, 21.94194 ], [ 89.077526, 21.942056 ], [ 89.077544, 21.942109 ], [ 89.077584, 21.942226 ], [ 89.077601, 21.942278 ], [ 89.077642, 21.942396 ], [ 89.077659, 21.942447 ], [ 89.077699, 21.942565 ], [ 89.077716, 21.942616 ], [ 89.077757, 21.942735 ], [ 89.077774, 21.942786 ], [ 89.077814, 21.942905 ], [ 89.077831, 21.942955 ], [ 89.077872, 21.943075 ], [ 89.077888, 21.943124 ], [ 89.07793, 21.943244 ], [ 89.077946, 21.943293 ], [ 89.077987, 21.943414 ], [ 89.078003, 21.943463 ], [ 89.078045, 21.943584 ], [ 89.078061, 21.943632 ], [ 89.078102, 21.943753 ], [ 89.078118, 21.943801 ], [ 89.07816, 21.943923 ], [ 89.078216, 21.944093 ], [ 89.078271, 21.944264 ], [ 89.078325, 21.944435 ], [ 89.078377, 21.944606 ], [ 89.078427, 21.944778 ], [ 89.078474, 21.944941 ], [ 89.078477, 21.944951 ], [ 89.078523, 21.945114 ], [ 89.078526, 21.945124 ], [ 89.078572, 21.945287 ], [ 89.078575, 21.945296 ], [ 89.078621, 21.94546 ], [ 89.078624, 21.945469 ], [ 89.07867, 21.945633 ], [ 89.078673, 21.945641 ], [ 89.07872, 21.945806 ], [ 89.078722, 21.945814 ], [ 89.078769, 21.945979 ], [ 89.078771, 21.945986 ], [ 89.078818, 21.946152 ], [ 89.07882, 21.946159 ], [ 89.078867, 21.946325 ], [ 89.078869, 21.946332 ], [ 89.078917, 21.946498 ], [ 89.078918, 21.946504 ], [ 89.078966, 21.946671 ], [ 89.078967, 21.946677 ], [ 89.07899, 21.946758 ], [ 89.079015, 21.946844 ], [ 89.079016, 21.946849 ], [ 89.079064, 21.947017 ], [ 89.079065, 21.947022 ], [ 89.079113, 21.94719 ], [ 89.079115, 21.947194 ], [ 89.079163, 21.947363 ], [ 89.079164, 21.947367 ], [ 89.079212, 21.947536 ], [ 89.079213, 21.947539 ], [ 89.079261, 21.947709 ], [ 89.079262, 21.947712 ], [ 89.07931, 21.947882 ], [ 89.079311, 21.947885 ], [ 89.079359, 21.948055 ], [ 89.07936, 21.948057 ], [ 89.079409, 21.948228 ], [ 89.079409, 21.94823 ], [ 89.079458, 21.948401 ], [ 89.079458, 21.948402 ], [ 89.079507, 21.948574 ], [ 89.079507, 21.948575 ], [ 89.079556, 21.948747 ], [ 89.079607, 21.94892 ], [ 89.079659, 21.949092 ], [ 89.079713, 21.949264 ], [ 89.079768, 21.949436 ], [ 89.079825, 21.949607 ], [ 89.079884, 21.949778 ], [ 89.079943, 21.949949 ], [ 89.079978, 21.950045 ], [ 89.080004, 21.950119 ], [ 89.080033, 21.950197 ], [ 89.080065, 21.950289 ], [ 89.080087, 21.950349 ], [ 89.080126, 21.950459 ], [ 89.080141, 21.950501 ], [ 89.080187, 21.95063 ], [ 89.080195, 21.950653 ], [ 89.080248, 21.9508 ], [ 89.08025, 21.950806 ], [ 89.080304, 21.950958 ], [ 89.080308, 21.95097 ], [ 89.080359, 21.95111 ], [ 89.080369, 21.951141 ], [ 89.08043, 21.951311 ], [ 89.080493, 21.951481 ], [ 89.080557, 21.95165 ], [ 89.080623, 21.951819 ], [ 89.08069, 21.951988 ], [ 89.080759, 21.952156 ], [ 89.080829, 21.952325 ], [ 89.080901, 21.952492 ], [ 89.080974, 21.95266 ], [ 89.081049, 21.952827 ], [ 89.081125, 21.952993 ], [ 89.081203, 21.95316 ], [ 89.081282, 21.953326 ], [ 89.081363, 21.953491 ], [ 89.081445, 21.953656 ], [ 89.081529, 21.953821 ], [ 89.081614, 21.953986 ], [ 89.081701, 21.95415 ], [ 89.081789, 21.954314 ], [ 89.081887, 21.954492 ], [ 89.081901, 21.95461 ], [ 89.081922, 21.954789 ], [ 89.08194, 21.954968 ], [ 89.081958, 21.955147 ], [ 89.081974, 21.955327 ], [ 89.081988, 21.955506 ], [ 89.082002, 21.955685 ], [ 89.082007, 21.955773 ], [ 89.082014, 21.955865 ], [ 89.08202, 21.955952 ], [ 89.082026, 21.956044 ], [ 89.082032, 21.956131 ], [ 89.082039, 21.956224 ], [ 89.082044, 21.95631 ], [ 89.082051, 21.956403 ], [ 89.082057, 21.95649 ], [ 89.082063, 21.956582 ], [ 89.082069, 21.956669 ], [ 89.082076, 21.956762 ], [ 89.082081, 21.956848 ], [ 89.082088, 21.956941 ], [ 89.082094, 21.957027 ], [ 89.082101, 21.95712 ], [ 89.082106, 21.957206 ], [ 89.082113, 21.9573 ], [ 89.082119, 21.957386 ], [ 89.082125, 21.957479 ], [ 89.082131, 21.957565 ], [ 89.082138, 21.957659 ], [ 89.082143, 21.957744 ], [ 89.08215, 21.957838 ], [ 89.082156, 21.957923 ], [ 89.082163, 21.958017 ], [ 89.082168, 21.958102 ], [ 89.082175, 21.958197 ], [ 89.08218, 21.958281 ], [ 89.082187, 21.958376 ], [ 89.082193, 21.958461 ], [ 89.0822, 21.958556 ], [ 89.082205, 21.95864 ], [ 89.082212, 21.958735 ], [ 89.082217, 21.958819 ], [ 89.082224, 21.958914 ], [ 89.08223, 21.958998 ], [ 89.082237, 21.959094 ], [ 89.082242, 21.959177 ], [ 89.082249, 21.959273 ], [ 89.082255, 21.959357 ], [ 89.082262, 21.959453 ], [ 89.082267, 21.959536 ], [ 89.082274, 21.959632 ], [ 89.082279, 21.959715 ], [ 89.082286, 21.959811 ], [ 89.082292, 21.959894 ], [ 89.082299, 21.959991 ], [ 89.082304, 21.960073 ], [ 89.082311, 21.96017 ], [ 89.082316, 21.960253 ], [ 89.082324, 21.960349 ], [ 89.082329, 21.960432 ], [ 89.082336, 21.960529 ], [ 89.082341, 21.960611 ], [ 89.082348, 21.960708 ], [ 89.082354, 21.96079 ], [ 89.082361, 21.960888 ], [ 89.082366, 21.960969 ], [ 89.082373, 21.961067 ], [ 89.082378, 21.961149 ], [ 89.082385, 21.961246 ], [ 89.082391, 21.961328 ], [ 89.082398, 21.961426 ], [ 89.082403, 21.961507 ], [ 89.08241, 21.961605 ], [ 89.082415, 21.961686 ], [ 89.082423, 21.961785 ], [ 89.082428, 21.961865 ], [ 89.082435, 21.961964 ], [ 89.08244, 21.962044 ], [ 89.082447, 21.962143 ], [ 89.082453, 21.962224 ], [ 89.08246, 21.962323 ], [ 89.082465, 21.962403 ], [ 89.082472, 21.962502 ], [ 89.082477, 21.962582 ], [ 89.082485, 21.962682 ], [ 89.08249, 21.962761 ], [ 89.082497, 21.962861 ], [ 89.082502, 21.96294 ], [ 89.082509, 21.96304 ], [ 89.082514, 21.96312 ], [ 89.082522, 21.96322 ], [ 89.082527, 21.963299 ], [ 89.082534, 21.963399 ], [ 89.082539, 21.963478 ], [ 89.082546, 21.963579 ], [ 89.082551, 21.963657 ], [ 89.082559, 21.963758 ], [ 89.082564, 21.963836 ], [ 89.082571, 21.963937 ], [ 89.082576, 21.964016 ], [ 89.082584, 21.964117 ], [ 89.082589, 21.964195 ], [ 89.082596, 21.964296 ], [ 89.082601, 21.964374 ], [ 89.082608, 21.964475 ], [ 89.082613, 21.964553 ], [ 89.082621, 21.964655 ], [ 89.082626, 21.964732 ], [ 89.082633, 21.964834 ], [ 89.082638, 21.964911 ], [ 89.082642, 21.964972 ], [ 89.082652, 21.965014 ], [ 89.082691, 21.965192 ], [ 89.082726, 21.965359 ], [ 89.082728, 21.965371 ], [ 89.082763, 21.965537 ], [ 89.082766, 21.96555 ], [ 89.0828, 21.965716 ], [ 89.082803, 21.965729 ], [ 89.082838, 21.965894 ], [ 89.082841, 21.965908 ], [ 89.082875, 21.966073 ], [ 89.082878, 21.966086 ], [ 89.082912, 21.966252 ], [ 89.082915, 21.966265 ], [ 89.08295, 21.96643 ], [ 89.082953, 21.966444 ], [ 89.082987, 21.966609 ], [ 89.08299, 21.966623 ], [ 89.083025, 21.966787 ], [ 89.083028, 21.966802 ], [ 89.083062, 21.966966 ], [ 89.083065, 21.96698 ], [ 89.083099, 21.967144 ], [ 89.083103, 21.967159 ], [ 89.083137, 21.967323 ], [ 89.08314, 21.967338 ], [ 89.083174, 21.967501 ], [ 89.083178, 21.967517 ], [ 89.083212, 21.96768 ], [ 89.083215, 21.967696 ], [ 89.083249, 21.967858 ], [ 89.083252, 21.967875 ], [ 89.08327, 21.967958 ], [ 89.083286, 21.968037 ], [ 89.08329, 21.968053 ], [ 89.083324, 21.968216 ], [ 89.083327, 21.968232 ], [ 89.083361, 21.968394 ], [ 89.083365, 21.968411 ], [ 89.083399, 21.968573 ], [ 89.083402, 21.96859 ], [ 89.083436, 21.968751 ], [ 89.08344, 21.968769 ], [ 89.083473, 21.96893 ], [ 89.083477, 21.968947 ], [ 89.083511, 21.969108 ], [ 89.083515, 21.969126 ], [ 89.083548, 21.969287 ], [ 89.083552, 21.969305 ], [ 89.083585, 21.969465 ], [ 89.083589, 21.969484 ], [ 89.083623, 21.969644 ], [ 89.083627, 21.969663 ], [ 89.08366, 21.969822 ], [ 89.083664, 21.969842 ], [ 89.083698, 21.970001 ], [ 89.083702, 21.97002 ], [ 89.083735, 21.97018 ], [ 89.083739, 21.970199 ], [ 89.083772, 21.970358 ], [ 89.083777, 21.970378 ], [ 89.08381, 21.970537 ], [ 89.083814, 21.970557 ], [ 89.083847, 21.970715 ], [ 89.083886, 21.970893 ], [ 89.083926, 21.97107 ], [ 89.083968, 21.971247 ], [ 89.084012, 21.971423 ], [ 89.084057, 21.971599 ], [ 89.08408, 21.971685 ], [ 89.084103, 21.971774 ], [ 89.084126, 21.97186 ], [ 89.084149, 21.971949 ], [ 89.084172, 21.972036 ], [ 89.084195, 21.972124 ], [ 89.084218, 21.972211 ], [ 89.084241, 21.972299 ], [ 89.084264, 21.972387 ], [ 89.084287, 21.972474 ], [ 89.08431, 21.972562 ], [ 89.084332, 21.972649 ], [ 89.084356, 21.972738 ], [ 89.084378, 21.972824 ], [ 89.084402, 21.972913 ], [ 89.084424, 21.972999 ], [ 89.084448, 21.973089 ], [ 89.08447, 21.973174 ], [ 89.084494, 21.973264 ], [ 89.084516, 21.973349 ], [ 89.08454, 21.97344 ], [ 89.084562, 21.973524 ], [ 89.084586, 21.973615 ], [ 89.084608, 21.973699 ], [ 89.084632, 21.973791 ], [ 89.084654, 21.973874 ], [ 89.084678, 21.973966 ], [ 89.0847, 21.974049 ], [ 89.084725, 21.974142 ], [ 89.084746, 21.974224 ], [ 89.084771, 21.974317 ], [ 89.084792, 21.974399 ], [ 89.084817, 21.974493 ], [ 89.084838, 21.974574 ], [ 89.084863, 21.974668 ], [ 89.084883, 21.974749 ], [ 89.084909, 21.974844 ], [ 89.084929, 21.974924 ], [ 89.084955, 21.975019 ], [ 89.084975, 21.975099 ], [ 89.085001, 21.975195 ], [ 89.085021, 21.975274 ], [ 89.085047, 21.97537 ], [ 89.085067, 21.975449 ], [ 89.085093, 21.975546 ], [ 89.085113, 21.975624 ], [ 89.085139, 21.975721 ], [ 89.085159, 21.9758 ], [ 89.085185, 21.975897 ], [ 89.085205, 21.975975 ], [ 89.085231, 21.976072 ], [ 89.085251, 21.97615 ], [ 89.085277, 21.976248 ], [ 89.085297, 21.976325 ], [ 89.085323, 21.976423 ], [ 89.085343, 21.9765 ], [ 89.085369, 21.976599 ], [ 89.085388, 21.976675 ], [ 89.085415, 21.976774 ], [ 89.085434, 21.97685 ], [ 89.085461, 21.97695 ], [ 89.08548, 21.977025 ], [ 89.085507, 21.977125 ], [ 89.085526, 21.9772 ], [ 89.085553, 21.977301 ], [ 89.085572, 21.977375 ], [ 89.085599, 21.977476 ], [ 89.085618, 21.97755 ], [ 89.085645, 21.977652 ], [ 89.085664, 21.977725 ], [ 89.085691, 21.977827 ], [ 89.08571, 21.9779 ], [ 89.085737, 21.978003 ], [ 89.085756, 21.978075 ], [ 89.085783, 21.978178 ], [ 89.085802, 21.97825 ], [ 89.085848, 21.978425 ], [ 89.085897, 21.978599 ], [ 89.085947, 21.978772 ], [ 89.086468, 21.980504 ], [ 89.086465, 21.980532 ], [ 89.086442, 21.980714 ], [ 89.086418, 21.980896 ], [ 89.086393, 21.981076 ], [ 89.086171, 21.98252 ], [ 89.086146, 21.982699 ], [ 89.086122, 21.982878 ], [ 89.086101, 21.983057 ], [ 89.086082, 21.983237 ], [ 89.086064, 21.983416 ], [ 89.086049, 21.983595 ], [ 89.086036, 21.983775 ], [ 89.086034, 21.983794 ], [ 89.086023, 21.983954 ], [ 89.086021, 21.983974 ], [ 89.086009, 21.984133 ], [ 89.086008, 21.984153 ], [ 89.085996, 21.984313 ], [ 89.085995, 21.984332 ], [ 89.085983, 21.984492 ], [ 89.085982, 21.984511 ], [ 89.08597, 21.984672 ], [ 89.085969, 21.98469 ], [ 89.085957, 21.984851 ], [ 89.085956, 21.984869 ], [ 89.085944, 21.98503 ], [ 89.085943, 21.985048 ], [ 89.085931, 21.98521 ], [ 89.08593, 21.985227 ], [ 89.085917, 21.985389 ], [ 89.085916, 21.985407 ], [ 89.085904, 21.985569 ], [ 89.085903, 21.985586 ], [ 89.085891, 21.985748 ], [ 89.085891, 21.985758 ], [ 89.08589, 21.985765 ], [ 89.085878, 21.985927 ], [ 89.085877, 21.985944 ], [ 89.085865, 21.986107 ], [ 89.085864, 21.986123 ], [ 89.085852, 21.986286 ], [ 89.085851, 21.986302 ], [ 89.085839, 21.986466 ], [ 89.085838, 21.986481 ], [ 89.085826, 21.986645 ], [ 89.085825, 21.986661 ], [ 89.085812, 21.986824 ], [ 89.085812, 21.98684 ], [ 89.085799, 21.987004 ], [ 89.085798, 21.987019 ], [ 89.085786, 21.987183 ], [ 89.085785, 21.987198 ], [ 89.085773, 21.987363 ], [ 89.085772, 21.987377 ], [ 89.08576, 21.987542 ], [ 89.085759, 21.987556 ], [ 89.085747, 21.987721 ], [ 89.085746, 21.987735 ], [ 89.085733, 21.987915 ], [ 89.085717, 21.988093 ], [ 89.0857, 21.988272 ], [ 89.085681, 21.988451 ], [ 89.085659, 21.988629 ], [ 89.085636, 21.988807 ], [ 89.085611, 21.988985 ], [ 89.085598, 21.989064 ], [ 89.085584, 21.989162 ], [ 89.085572, 21.989238 ], [ 89.085558, 21.98934 ], [ 89.085547, 21.989412 ], [ 89.085531, 21.989518 ], [ 89.085521, 21.989586 ], [ 89.085505, 21.989696 ], [ 89.085495, 21.98976 ], [ 89.085479, 21.989873 ], [ 89.085469, 21.989934 ], [ 89.085452, 21.990051 ], [ 89.085443, 21.990108 ], [ 89.085426, 21.990229 ], [ 89.085418, 21.990282 ], [ 89.085399, 21.990406 ], [ 89.085392, 21.990456 ], [ 89.085373, 21.990584 ], [ 89.085366, 21.99063 ], [ 89.085347, 21.990762 ], [ 89.08534, 21.990804 ], [ 89.08532, 21.99094 ], [ 89.085314, 21.990978 ], [ 89.085294, 21.991117 ], [ 89.085288, 21.991152 ], [ 89.085268, 21.991295 ], [ 89.085263, 21.991326 ], [ 89.085241, 21.991473 ], [ 89.085237, 21.9915 ], [ 89.085215, 21.99165 ], [ 89.085211, 21.991674 ], [ 89.085188, 21.991828 ], [ 89.085185, 21.991848 ], [ 89.085162, 21.992006 ], [ 89.08516, 21.992022 ], [ 89.085136, 21.992184 ], [ 89.085134, 21.992196 ], [ 89.085109, 21.992361 ], [ 89.085081, 21.992539 ], [ 89.085071, 21.992597 ], [ 89.085052, 21.992716 ], [ 89.085042, 21.992774 ], [ 89.085023, 21.992894 ], [ 89.085014, 21.99295 ], [ 89.084994, 21.993071 ], [ 89.084985, 21.993127 ], [ 89.084965, 21.993249 ], [ 89.084956, 21.993303 ], [ 89.084936, 21.993426 ], [ 89.084927, 21.99348 ], [ 89.084907, 21.993603 ], [ 89.084898, 21.993657 ], [ 89.084879, 21.993781 ], [ 89.08487, 21.993833 ], [ 89.08485, 21.993958 ], [ 89.084841, 21.99401 ], [ 89.084821, 21.994136 ], [ 89.084812, 21.994186 ], [ 89.084792, 21.994313 ], [ 89.084783, 21.994363 ], [ 89.084763, 21.994491 ], [ 89.084755, 21.99454 ], [ 89.084734, 21.994668 ], [ 89.084726, 21.994716 ], [ 89.084705, 21.994846 ], [ 89.084697, 21.994893 ], [ 89.084676, 21.995023 ], [ 89.084668, 21.99507 ], [ 89.084647, 21.9952 ], [ 89.084639, 21.995246 ], [ 89.084618, 21.995378 ], [ 89.084611, 21.995423 ], [ 89.084589, 21.995555 ], [ 89.084582, 21.995599 ], [ 89.084561, 21.995733 ], [ 89.084553, 21.995776 ], [ 89.084532, 21.99591 ], [ 89.084524, 21.995953 ], [ 89.084503, 21.996088 ], [ 89.084496, 21.996129 ], [ 89.084474, 21.996265 ], [ 89.084467, 21.996306 ], [ 89.084445, 21.996443 ], [ 89.084438, 21.996482 ], [ 89.084416, 21.99662 ], [ 89.084409, 21.996659 ], [ 89.084387, 21.996797 ], [ 89.08438, 21.996836 ], [ 89.084358, 21.996975 ], [ 89.084352, 21.997012 ], [ 89.084329, 21.997152 ], [ 89.084323, 21.997189 ], [ 89.0843, 21.99733 ], [ 89.084294, 21.997366 ], [ 89.084271, 21.997507 ], [ 89.084265, 21.997542 ], [ 89.084242, 21.997685 ], [ 89.084237, 21.997719 ], [ 89.084214, 21.997862 ], [ 89.084208, 21.997895 ], [ 89.084185, 21.99804 ], [ 89.084179, 21.998072 ], [ 89.084156, 21.998217 ], [ 89.08415, 21.998249 ], [ 89.084127, 21.998394 ], [ 89.084122, 21.998425 ], [ 89.084098, 21.998572 ], [ 89.084093, 21.998602 ], [ 89.084069, 21.998749 ], [ 89.084064, 21.998778 ], [ 89.08404, 21.998927 ], [ 89.084035, 21.998955 ], [ 89.084011, 21.999104 ], [ 89.084006, 21.999132 ], [ 89.083982, 21.999282 ], [ 89.083978, 21.999308 ], [ 89.083953, 21.999459 ], [ 89.083949, 21.999485 ], [ 89.083924, 21.999636 ], [ 89.08392, 21.999661 ], [ 89.083895, 21.999814 ], [ 89.083891, 21.999838 ], [ 89.083867, 21.999991 ], [ 89.083836, 22.000169 ], [ 89.083804, 22.000346 ], [ 89.083769, 22.000523 ], [ 89.083733, 22.000699 ], [ 89.083695, 22.000876 ], [ 89.083655, 22.001052 ], [ 89.083633, 22.001143 ], [ 89.083614, 22.001228 ], [ 89.083592, 22.001318 ], [ 89.083573, 22.001404 ], [ 89.083552, 22.001493 ], [ 89.083532, 22.00158 ], [ 89.083511, 22.001668 ], [ 89.083491, 22.001756 ], [ 89.08347, 22.001843 ], [ 89.08345, 22.001933 ], [ 89.083429, 22.002018 ], [ 89.083409, 22.002109 ], [ 89.083388, 22.002193 ], [ 89.083367, 22.002285 ], [ 89.083348, 22.002368 ], [ 89.083326, 22.002461 ], [ 89.083307, 22.002543 ], [ 89.083285, 22.002637 ], [ 89.083266, 22.002718 ], [ 89.083244, 22.002813 ], [ 89.083225, 22.002893 ], [ 89.083203, 22.002989 ], [ 89.083185, 22.003068 ], [ 89.083162, 22.003166 ], [ 89.083144, 22.003243 ], [ 89.083121, 22.003342 ], [ 89.083103, 22.003418 ], [ 89.08308, 22.003518 ], [ 89.083062, 22.003593 ], [ 89.083039, 22.003694 ], [ 89.083022, 22.003768 ], [ 89.083008, 22.003828 ], [ 89.082998, 22.00387 ], [ 89.082981, 22.003943 ], [ 89.082957, 22.004046 ], [ 89.08294, 22.004118 ], [ 89.082916, 22.004222 ], [ 89.082899, 22.004293 ], [ 89.082875, 22.004399 ], [ 89.082858, 22.004468 ], [ 89.082834, 22.004575 ], [ 89.082818, 22.004643 ], [ 89.082793, 22.004751 ], [ 89.082777, 22.004818 ], [ 89.082752, 22.004927 ], [ 89.082736, 22.004993 ], [ 89.082711, 22.005103 ], [ 89.082695, 22.005168 ], [ 89.08267, 22.005279 ], [ 89.082655, 22.005343 ], [ 89.082629, 22.005455 ], [ 89.082614, 22.005518 ], [ 89.082588, 22.005631 ], [ 89.082573, 22.005693 ], [ 89.082547, 22.005808 ], [ 89.082532, 22.005868 ], [ 89.082509, 22.005969 ], [ 89.082487, 22.006041 ], [ 89.082465, 22.006113 ], [ 89.082434, 22.006212 ], [ 89.082422, 22.006253 ], [ 89.082413, 22.006281 ], [ 89.082381, 22.006382 ], [ 89.082361, 22.00645 ], [ 89.082329, 22.006553 ], [ 89.082309, 22.006618 ], [ 89.082276, 22.006724 ], [ 89.082257, 22.006786 ], [ 89.082224, 22.006894 ], [ 89.082206, 22.006955 ], [ 89.082171, 22.007065 ], [ 89.082154, 22.007123 ], [ 89.082101, 22.007291 ], [ 89.082047, 22.007459 ], [ 89.081992, 22.007627 ], [ 89.081934, 22.007794 ], [ 89.081875, 22.00796 ], [ 89.081864, 22.007992 ], [ 89.081816, 22.008127 ], [ 89.081804, 22.00816 ], [ 89.081757, 22.008293 ], [ 89.081744, 22.008328 ], [ 89.081698, 22.00846 ], [ 89.081685, 22.008496 ], [ 89.081638, 22.008626 ], [ 89.081625, 22.008664 ], [ 89.081579, 22.008793 ], [ 89.081565, 22.008832 ], [ 89.08152, 22.008959 ], [ 89.081505, 22.009 ], [ 89.081461, 22.009126 ], [ 89.081446, 22.009168 ], [ 89.081402, 22.009292 ], [ 89.081386, 22.009336 ], [ 89.081342, 22.009459 ], [ 89.081326, 22.009504 ], [ 89.081307, 22.009558 ], [ 89.081283, 22.009625 ], [ 89.081266, 22.009672 ], [ 89.081224, 22.009792 ], [ 89.081206, 22.00984 ], [ 89.081165, 22.009958 ], [ 89.081147, 22.010008 ], [ 89.081105, 22.010125 ], [ 89.081087, 22.010176 ], [ 89.081046, 22.010291 ], [ 89.081027, 22.010344 ], [ 89.080987, 22.010458 ], [ 89.080967, 22.010512 ], [ 89.080928, 22.010625 ], [ 89.080908, 22.01068 ], [ 89.080868, 22.010791 ], [ 89.080848, 22.010848 ], [ 89.080809, 22.010958 ], [ 89.080788, 22.011016 ], [ 89.08075, 22.011124 ], [ 89.080728, 22.011184 ], [ 89.080669, 22.011352 ], [ 89.080612, 22.011521 ], [ 89.080555, 22.01169 ], [ 89.080501, 22.011861 ], [ 89.080447, 22.012032 ], [ 89.080396, 22.012203 ], [ 89.080345, 22.012376 ], [ 89.080297, 22.012549 ], [ 89.080249, 22.012723 ], [ 89.080204, 22.012897 ], [ 89.080159, 22.013073 ], [ 89.080117, 22.013248 ], [ 89.079746, 22.014832 ], [ 89.079711, 22.014896 ], [ 89.079643, 22.015017 ], [ 89.079625, 22.01505 ], [ 89.079555, 22.015172 ], [ 89.079538, 22.015203 ], [ 89.079468, 22.015327 ], [ 89.079451, 22.015357 ], [ 89.079381, 22.015482 ], [ 89.079365, 22.015511 ], [ 89.079293, 22.015637 ], [ 89.079278, 22.015664 ], [ 89.079206, 22.015792 ], [ 89.079191, 22.015818 ], [ 89.079118, 22.015947 ], [ 89.079105, 22.015972 ], [ 89.079031, 22.016102 ], [ 89.079018, 22.016125 ], [ 89.078944, 22.016257 ], [ 89.078932, 22.016279 ], [ 89.078856, 22.016412 ], [ 89.078845, 22.016433 ], [ 89.078769, 22.016567 ], [ 89.078758, 22.016587 ], [ 89.078681, 22.016723 ], [ 89.078672, 22.01674 ], [ 89.078594, 22.016878 ], [ 89.078585, 22.016894 ], [ 89.078507, 22.017033 ], [ 89.078498, 22.017048 ], [ 89.078419, 22.017188 ], [ 89.078412, 22.017201 ], [ 89.078332, 22.017343 ], [ 89.078325, 22.017355 ], [ 89.078245, 22.017498 ], [ 89.078239, 22.017509 ], [ 89.078157, 22.017653 ], [ 89.078152, 22.017662 ], [ 89.07807, 22.017808 ], [ 89.078065, 22.017816 ], [ 89.077982, 22.017963 ], [ 89.077979, 22.01797 ], [ 89.077895, 22.018118 ], [ 89.077892, 22.018123 ], [ 89.077808, 22.018273 ], [ 89.077805, 22.018277 ], [ 89.07772, 22.018428 ], [ 89.077719, 22.018431 ], [ 89.077633, 22.018583 ], [ 89.077632, 22.018584 ], [ 89.077546, 22.018738 ], [ 89.077545, 22.018738 ], [ 89.077459, 22.018892 ], [ 89.077458, 22.018893 ], [ 89.077372, 22.019046 ], [ 89.077371, 22.019048 ], [ 89.077286, 22.019199 ], [ 89.077283, 22.019203 ], [ 89.077199, 22.019353 ], [ 89.077196, 22.019358 ], [ 89.077112, 22.019507 ], [ 89.077108, 22.019514 ], [ 89.077026, 22.01966 ], [ 89.076938, 22.019813 ], [ 89.076849, 22.019966 ], [ 89.076758, 22.020118 ], [ 89.076667, 22.020269 ], [ 89.076658, 22.020283 ], [ 89.076582, 22.020389 ], [ 89.076542, 22.020443 ], [ 89.076477, 22.020527 ], [ 89.076365, 22.020668 ], [ 89.076252, 22.020808 ], [ 89.076239, 22.020824 ], [ 89.076139, 22.020948 ], [ 89.076128, 22.020962 ], [ 89.076026, 22.021088 ], [ 89.076016, 22.0211 ], [ 89.075913, 22.021228 ], [ 89.075905, 22.021238 ], [ 89.0758, 22.021368 ], [ 89.075793, 22.021376 ], [ 89.075687, 22.021508 ], [ 89.075682, 22.021514 ], [ 89.075574, 22.021648 ], [ 89.075571, 22.021652 ], [ 89.07546, 22.021788 ], [ 89.075459, 22.02179 ], [ 89.075348, 22.021928 ], [ 89.075347, 22.021928 ], [ 89.075236, 22.022066 ], [ 89.075234, 22.022068 ], [ 89.075125, 22.022204 ], [ 89.075121, 22.022208 ], [ 89.075013, 22.022342 ], [ 89.075008, 22.022348 ], [ 89.074902, 22.02248 ], [ 89.074895, 22.022488 ], [ 89.07479, 22.022618 ], [ 89.074782, 22.022628 ], [ 89.074679, 22.022755 ], [ 89.074669, 22.022768 ], [ 89.074567, 22.022893 ], [ 89.074556, 22.022908 ], [ 89.074456, 22.023031 ], [ 89.074442, 22.023048 ], [ 89.074345, 22.023169 ], [ 89.074329, 22.023188 ], [ 89.074233, 22.023307 ], [ 89.074216, 22.023328 ], [ 89.074122, 22.023445 ], [ 89.074103, 22.023469 ], [ 89.07401, 22.023583 ], [ 89.07399, 22.023609 ], [ 89.073899, 22.023721 ], [ 89.073877, 22.023749 ], [ 89.073787, 22.023859 ], [ 89.073764, 22.023889 ], [ 89.073676, 22.023997 ], [ 89.073651, 22.024029 ], [ 89.073564, 22.024135 ], [ 89.073537, 22.024169 ], [ 89.073453, 22.024273 ], [ 89.073424, 22.024309 ], [ 89.073342, 22.024411 ], [ 89.073311, 22.024449 ], [ 89.07323, 22.024549 ], [ 89.073198, 22.024589 ], [ 89.073119, 22.024687 ], [ 89.073085, 22.024729 ], [ 89.073007, 22.024825 ], [ 89.072972, 22.024869 ], [ 89.072896, 22.024963 ], [ 89.072859, 22.025009 ], [ 89.072784, 22.0251 ], [ 89.072746, 22.025149 ], [ 89.072673, 22.025238 ], [ 89.072633, 22.025289 ], [ 89.072561, 22.025376 ], [ 89.072519, 22.025429 ], [ 89.072406, 22.025569 ], [ 89.072291, 22.025707 ], [ 89.072175, 22.025845 ], [ 89.072136, 22.025892 ], [ 89.072059, 22.025983 ], [ 89.07202, 22.026029 ], [ 89.071943, 22.026121 ], [ 89.071904, 22.026166 ], [ 89.071826, 22.026258 ], [ 89.071789, 22.026303 ], [ 89.07171, 22.026396 ], [ 89.071673, 22.02644 ], [ 89.071594, 22.026534 ], [ 89.071557, 22.026577 ], [ 89.071477, 22.026671 ], [ 89.071441, 22.026714 ], [ 89.071361, 22.026809 ], [ 89.071326, 22.026851 ], [ 89.071245, 22.026947 ], [ 89.07121, 22.026988 ], [ 89.071129, 22.027085 ], [ 89.071094, 22.027125 ], [ 89.071012, 22.027222 ], [ 89.070979, 22.027262 ], [ 89.070896, 22.02736 ], [ 89.070863, 22.027399 ], [ 89.07078, 22.027498 ], [ 89.070747, 22.027536 ], [ 89.070663, 22.027635 ], [ 89.070632, 22.027673 ], [ 89.070547, 22.027773 ], [ 89.070516, 22.02781 ], [ 89.070431, 22.027911 ], [ 89.0704, 22.027947 ], [ 89.070315, 22.028048 ], [ 89.070284, 22.028084 ], [ 89.070198, 22.028186 ], [ 89.070169, 22.02822 ], [ 89.070082, 22.028324 ], [ 89.070053, 22.028357 ], [ 89.069966, 22.028461 ], [ 89.069937, 22.028494 ], [ 89.069849, 22.028599 ], [ 89.069822, 22.028631 ], [ 89.069733, 22.028737 ], [ 89.069706, 22.028768 ], [ 89.069617, 22.028874 ], [ 89.06959, 22.028905 ], [ 89.069501, 22.029012 ], [ 89.069475, 22.029042 ], [ 89.069384, 22.02915 ], [ 89.069359, 22.029179 ], [ 89.069268, 22.029287 ], [ 89.069243, 22.029316 ], [ 89.069152, 22.029425 ], [ 89.069127, 22.029453 ], [ 89.069035, 22.029563 ], [ 89.069012, 22.02959 ], [ 89.068919, 22.0297 ], [ 89.068896, 22.029727 ], [ 89.068803, 22.029838 ], [ 89.06878, 22.029864 ], [ 89.068686, 22.029976 ], [ 89.068665, 22.030001 ], [ 89.06857, 22.030113 ], [ 89.068549, 22.030138 ], [ 89.068454, 22.030251 ], [ 89.068433, 22.030275 ], [ 89.068338, 22.030389 ], [ 89.068318, 22.030412 ], [ 89.068221, 22.030526 ], [ 89.068202, 22.030549 ], [ 89.068105, 22.030664 ], [ 89.068086, 22.030686 ], [ 89.067989, 22.030802 ], [ 89.06797, 22.030823 ], [ 89.067872, 22.03094 ], [ 89.067855, 22.03096 ], [ 89.067756, 22.031077 ], [ 89.067739, 22.031097 ], [ 89.06764, 22.031215 ], [ 89.067623, 22.031234 ], [ 89.067524, 22.031353 ], [ 89.067508, 22.031371 ], [ 89.067504, 22.031376 ], [ 89.067407, 22.03149 ], [ 89.067392, 22.031508 ], [ 89.067291, 22.031628 ], [ 89.067276, 22.031645 ], [ 89.067175, 22.031766 ], [ 89.06716, 22.031782 ], [ 89.067058, 22.031903 ], [ 89.067045, 22.031919 ], [ 89.066942, 22.032041 ], [ 89.066929, 22.032056 ], [ 89.066826, 22.032179 ], [ 89.066813, 22.032193 ], [ 89.06671, 22.032316 ], [ 89.066698, 22.03233 ], [ 89.066593, 22.032454 ], [ 89.066582, 22.032467 ], [ 89.066477, 22.032592 ], [ 89.066466, 22.032604 ], [ 89.066361, 22.032729 ], [ 89.066351, 22.032741 ], [ 89.066244, 22.032867 ], [ 89.066235, 22.032878 ], [ 89.066128, 22.033005 ], [ 89.066119, 22.033015 ], [ 89.066012, 22.033142 ], [ 89.066003, 22.033152 ], [ 89.065895, 22.03328 ], [ 89.065888, 22.033289 ], [ 89.065779, 22.033418 ], [ 89.065772, 22.033426 ], [ 89.065663, 22.033555 ], [ 89.065656, 22.033563 ], [ 89.065547, 22.033693 ], [ 89.065541, 22.0337 ], [ 89.06543, 22.033831 ], [ 89.065425, 22.033837 ], [ 89.065314, 22.033968 ], [ 89.065309, 22.033974 ], [ 89.065198, 22.034106 ], [ 89.065194, 22.034111 ], [ 89.065081, 22.034244 ], [ 89.065078, 22.034248 ], [ 89.064965, 22.034381 ], [ 89.064962, 22.034385 ], [ 89.064849, 22.034519 ], [ 89.064846, 22.034522 ], [ 89.064733, 22.034657 ], [ 89.064731, 22.034659 ], [ 89.064616, 22.034794 ], [ 89.064615, 22.034796 ], [ 89.0645, 22.034932 ], [ 89.064499, 22.034933 ], [ 89.064384, 22.03507 ], [ 89.064384, 22.03507 ], [ 89.064268, 22.035207 ], [ 89.064267, 22.035208 ], [ 89.064152, 22.035344 ], [ 89.064151, 22.035345 ], [ 89.064037, 22.035481 ], [ 89.064035, 22.035483 ], [ 89.063921, 22.035618 ], [ 89.063919, 22.035621 ], [ 89.063805, 22.035755 ], [ 89.063802, 22.035758 ], [ 89.063689, 22.035892 ], [ 89.063686, 22.035896 ], [ 89.063574, 22.036029 ], [ 89.06357, 22.036034 ], [ 89.063458, 22.036166 ], [ 89.063453, 22.036171 ], [ 89.063342, 22.036303 ], [ 89.063337, 22.036309 ], [ 89.063227, 22.03644 ], [ 89.063221, 22.036447 ], [ 89.063111, 22.036577 ], [ 89.063105, 22.036584 ], [ 89.062995, 22.036714 ], [ 89.062988, 22.036722 ], [ 89.062879, 22.036851 ], [ 89.062872, 22.03686 ], [ 89.062764, 22.036988 ], [ 89.062649, 22.037125 ], [ 89.062535, 22.037264 ], [ 89.062422, 22.037404 ], [ 89.06231, 22.037544 ], [ 89.062199, 22.037686 ], [ 89.062089, 22.037828 ], [ 89.06198, 22.037972 ], [ 89.061872, 22.038116 ], [ 89.061765, 22.038261 ], [ 89.061659, 22.038407 ], [ 89.061553, 22.038554 ], [ 89.061513, 22.038611 ], [ 89.061448, 22.038702 ], [ 89.061409, 22.038758 ], [ 89.061344, 22.038849 ], [ 89.061305, 22.038904 ], [ 89.061239, 22.038996 ], [ 89.0612, 22.039051 ], [ 89.061134, 22.039144 ], [ 89.061096, 22.039198 ], [ 89.061029, 22.039291 ], [ 89.060991, 22.039344 ], [ 89.060924, 22.039439 ], [ 89.060887, 22.039491 ], [ 89.060819, 22.039586 ], [ 89.060783, 22.039638 ], [ 89.060714, 22.039733 ], [ 89.060678, 22.039784 ], [ 89.060609, 22.039881 ], [ 89.060574, 22.039931 ], [ 89.060504, 22.040028 ], [ 89.060469, 22.040078 ], [ 89.060399, 22.040175 ], [ 89.060365, 22.040224 ], [ 89.060295, 22.040323 ], [ 89.060261, 22.040371 ], [ 89.06019, 22.04047 ], [ 89.060156, 22.040518 ], [ 89.060085, 22.040617 ], [ 89.060052, 22.040664 ], [ 89.05998, 22.040765 ], [ 89.059947, 22.040811 ], [ 89.059875, 22.040912 ], [ 89.059843, 22.040958 ], [ 89.05977, 22.04106 ], [ 89.059739, 22.041104 ], [ 89.059665, 22.041207 ], [ 89.059634, 22.041251 ], [ 89.059593, 22.041309 ], [ 89.05956, 22.041354 ], [ 89.05953, 22.041398 ], [ 89.059455, 22.041502 ], [ 89.059425, 22.041544 ], [ 89.059351, 22.041649 ], [ 89.059321, 22.041691 ], [ 89.059246, 22.041796 ], [ 89.059216, 22.041838 ], [ 89.059141, 22.041944 ], [ 89.059112, 22.041984 ], [ 89.059036, 22.042091 ], [ 89.059008, 22.042131 ], [ 89.058931, 22.042239 ], [ 89.058903, 22.042278 ], [ 89.058844, 22.042361 ], [ 89.05881, 22.04243 ], [ 89.058774, 22.042503 ], [ 89.058731, 22.04259 ], [ 89.058694, 22.042664 ], [ 89.058652, 22.042749 ], [ 89.058614, 22.042825 ], [ 89.058573, 22.042909 ], [ 89.058534, 22.042986 ], [ 89.058494, 22.043069 ], [ 89.058454, 22.043147 ], [ 89.058415, 22.043228 ], [ 89.058375, 22.043308 ], [ 89.058336, 22.043388 ], [ 89.058295, 22.04347 ], [ 89.058257, 22.043547 ], [ 89.058215, 22.043631 ], [ 89.058178, 22.043707 ], [ 89.058135, 22.043792 ], [ 89.058099, 22.043867 ], [ 89.058056, 22.043953 ], [ 89.05802, 22.044026 ], [ 89.057976, 22.044114 ], [ 89.05794, 22.044186 ], [ 89.057896, 22.044275 ], [ 89.057861, 22.044346 ], [ 89.057816, 22.044436 ], [ 89.057782, 22.044505 ], [ 89.057769, 22.044532 ], [ 89.057736, 22.044597 ], [ 89.057703, 22.044665 ], [ 89.057657, 22.044758 ], [ 89.057624, 22.044824 ], [ 89.057577, 22.04492 ], [ 89.057545, 22.044984 ], [ 89.057497, 22.045081 ], [ 89.057466, 22.045144 ], [ 89.057417, 22.045242 ], [ 89.057387, 22.045303 ], [ 89.057338, 22.045403 ], [ 89.057308, 22.045463 ], [ 89.057258, 22.045564 ], [ 89.057229, 22.045622 ], [ 89.057178, 22.045725 ], [ 89.05715, 22.045782 ], [ 89.057098, 22.045886 ], [ 89.057071, 22.045942 ], [ 89.057018, 22.046047 ], [ 89.056992, 22.046101 ], [ 89.056939, 22.046208 ], [ 89.056913, 22.046261 ], [ 89.056859, 22.04637 ], [ 89.056834, 22.046421 ], [ 89.056779, 22.046531 ], [ 89.056755, 22.04658 ], [ 89.056699, 22.046692 ], [ 89.056676, 22.04674 ], [ 89.056619, 22.046853 ], [ 89.056597, 22.046899 ], [ 89.05654, 22.047014 ], [ 89.056518, 22.047059 ], [ 89.05646, 22.047175 ], [ 89.056439, 22.047219 ], [ 89.05638, 22.047336 ], [ 89.05636, 22.047378 ], [ 89.056332, 22.047433 ], [ 89.056278, 22.047487 ], [ 89.056143, 22.047621 ], [ 89.05601, 22.047757 ], [ 89.055878, 22.047893 ], [ 89.055747, 22.048029 ], [ 89.055617, 22.048166 ], [ 89.055489, 22.048304 ], [ 89.055362, 22.048443 ], [ 89.055236, 22.048582 ], [ 89.055112, 22.048721 ], [ 89.054988, 22.048862 ], [ 89.054866, 22.049002 ], [ 89.054746, 22.049144 ], [ 89.054626, 22.049286 ], [ 89.054508, 22.049429 ], [ 89.054391, 22.049572 ], [ 89.054275, 22.049716 ], [ 89.054161, 22.04986 ], [ 89.054048, 22.050005 ], [ 89.054021, 22.05004 ], [ 89.053935, 22.050151 ], [ 89.053909, 22.050184 ], [ 89.053822, 22.050296 ], [ 89.053798, 22.050327 ], [ 89.053709, 22.050441 ], [ 89.053687, 22.05047 ], [ 89.053596, 22.050586 ], [ 89.053576, 22.050613 ], [ 89.053484, 22.050732 ], [ 89.053464, 22.050757 ], [ 89.053371, 22.050877 ], [ 89.053353, 22.0509 ], [ 89.053258, 22.051022 ], [ 89.053242, 22.051043 ], [ 89.053188, 22.051113 ], [ 89.053145, 22.051167 ], [ 89.053131, 22.051186 ], [ 89.053032, 22.051313 ], [ 89.053019, 22.05133 ], [ 89.05292, 22.051458 ], [ 89.052908, 22.051473 ], [ 89.052807, 22.051603 ], [ 89.052797, 22.051616 ], [ 89.052694, 22.051748 ], [ 89.052685, 22.051759 ], [ 89.052581, 22.051894 ], [ 89.052574, 22.051903 ], [ 89.052468, 22.052039 ], [ 89.052463, 22.052046 ], [ 89.052355, 22.052184 ], [ 89.052352, 22.052189 ], [ 89.05224, 22.052332 ], [ 89.052128, 22.052474 ], [ 89.052015, 22.052615 ], [ 89.051901, 22.052755 ], [ 89.051786, 22.052894 ], [ 89.05167, 22.053032 ], [ 89.051553, 22.053168 ], [ 89.051435, 22.053304 ], [ 89.051317, 22.053438 ], [ 89.051197, 22.053572 ], [ 89.051076, 22.053704 ], [ 89.050955, 22.053835 ], [ 89.050833, 22.053965 ], [ 89.050709, 22.054094 ], [ 89.050585, 22.054222 ], [ 89.05046, 22.054348 ], [ 89.050334, 22.054474 ], [ 89.050207, 22.054598 ], [ 89.050079, 22.054722 ], [ 89.04995, 22.054844 ], [ 89.04982, 22.054965 ], [ 89.049759, 22.055021 ], [ 89.04969, 22.055086 ], [ 89.049651, 22.055121 ], [ 89.049635, 22.055155 ], [ 89.049593, 22.055246 ], [ 89.049554, 22.055326 ], [ 89.04951, 22.055423 ], [ 89.049474, 22.055498 ], [ 89.049426, 22.055599 ], [ 89.049393, 22.055669 ], [ 89.049343, 22.055776 ], [ 89.049313, 22.055841 ], [ 89.04926, 22.055953 ], [ 89.049232, 22.056012 ], [ 89.049177, 22.05613 ], [ 89.049152, 22.056184 ], [ 89.049094, 22.056307 ], [ 89.049071, 22.056355 ], [ 89.049011, 22.056484 ], [ 89.04899, 22.056527 ], [ 89.048928, 22.056661 ], [ 89.04891, 22.056698 ], [ 89.048845, 22.056837 ], [ 89.048829, 22.05687 ], [ 89.048762, 22.057014 ], [ 89.048749, 22.057041 ], [ 89.048678, 22.057191 ], [ 89.048668, 22.057213 ], [ 89.048595, 22.057368 ], [ 89.048588, 22.057384 ], [ 89.048512, 22.057545 ], [ 89.048428, 22.05772 ], [ 89.048342, 22.057894 ], [ 89.047551, 22.059467 ], [ 89.04747, 22.059633 ], [ 89.047391, 22.059798 ], [ 89.047314, 22.059965 ], [ 89.047238, 22.060131 ], [ 89.047164, 22.060298 ], [ 89.046875, 22.06097 ], [ 89.046806, 22.061136 ], [ 89.046789, 22.061178 ], [ 89.046737, 22.061302 ], [ 89.046725, 22.061332 ], [ 89.046668, 22.061468 ], [ 89.046601, 22.061635 ], [ 89.046535, 22.061802 ], [ 89.046472, 22.061969 ], [ 89.04641, 22.062137 ], [ 89.046349, 22.062306 ], [ 89.046291, 22.062475 ], [ 89.046234, 22.062644 ], [ 89.04618, 22.062815 ], [ 89.046126, 22.062985 ], [ 89.046075, 22.063156 ], [ 89.046026, 22.063328 ], [ 89.045992, 22.063451 ], [ 89.045977, 22.0635 ], [ 89.045943, 22.063624 ], [ 89.045929, 22.063672 ], [ 89.045895, 22.063796 ], [ 89.045881, 22.063844 ], [ 89.045846, 22.063969 ], [ 89.045833, 22.064016 ], [ 89.045798, 22.064141 ], [ 89.045785, 22.064188 ], [ 89.04575, 22.064314 ], [ 89.045736, 22.06436 ], [ 89.045701, 22.064486 ], [ 89.045688, 22.064532 ], [ 89.045653, 22.064659 ], [ 89.04564, 22.064704 ], [ 89.045605, 22.064831 ], [ 89.045592, 22.064876 ], [ 89.045556, 22.065004 ], [ 89.045544, 22.065048 ], [ 89.045508, 22.065176 ], [ 89.045495, 22.06522 ], [ 89.04546, 22.065349 ], [ 89.045447, 22.065392 ], [ 89.045411, 22.065521 ], [ 89.045399, 22.065564 ], [ 89.045363, 22.065694 ], [ 89.045351, 22.065736 ], [ 89.045315, 22.065866 ], [ 89.045302, 22.065908 ], [ 89.045266, 22.066039 ], [ 89.045254, 22.06608 ], [ 89.045218, 22.066211 ], [ 89.045206, 22.066252 ], [ 89.045169, 22.066384 ], [ 89.045158, 22.066424 ], [ 89.045121, 22.066556 ], [ 89.04511, 22.066596 ], [ 89.045073, 22.066729 ], [ 89.045061, 22.066768 ], [ 89.045024, 22.066901 ], [ 89.045013, 22.06694 ], [ 89.044976, 22.067074 ], [ 89.044965, 22.067112 ], [ 89.044928, 22.067246 ], [ 89.044917, 22.067284 ], [ 89.044879, 22.067419 ], [ 89.044869, 22.067456 ], [ 89.044831, 22.067591 ], [ 89.04482, 22.067628 ], [ 89.044783, 22.067764 ], [ 89.044772, 22.0678 ], [ 89.044734, 22.067936 ], [ 89.044724, 22.067972 ], [ 89.044686, 22.068109 ], [ 89.044676, 22.068144 ], [ 89.044638, 22.068281 ], [ 89.044627, 22.068316 ], [ 89.044589, 22.068454 ], [ 89.044579, 22.068488 ], [ 89.044541, 22.068626 ], [ 89.044531, 22.06866 ], [ 89.044483, 22.068832 ], [ 89.044437, 22.069005 ], [ 89.044393, 22.069178 ], [ 89.04435, 22.069351 ], [ 89.044309, 22.069526 ], [ 89.04427, 22.0697 ], [ 89.044233, 22.069875 ], [ 89.044198, 22.070051 ], [ 89.044164, 22.070227 ], [ 89.044132, 22.070404 ], [ 89.044102, 22.070581 ], [ 89.044074, 22.070759 ], [ 89.044047, 22.070937 ], [ 89.044022, 22.071116 ], [ 89.043999, 22.071295 ], [ 89.043978, 22.071475 ], [ 89.043959, 22.071655 ], [ 89.043941, 22.071836 ], [ 89.043927, 22.071994 ], [ 89.043925, 22.072017 ], [ 89.043911, 22.072175 ], [ 89.043909, 22.072198 ], [ 89.043895, 22.072357 ], [ 89.043893, 22.07238 ], [ 89.043879, 22.072539 ], [ 89.043877, 22.072561 ], [ 89.043863, 22.072721 ], [ 89.04386, 22.072742 ], [ 89.043846, 22.072903 ], [ 89.043844, 22.072923 ], [ 89.04383, 22.073085 ], [ 89.043828, 22.073104 ], [ 89.043814, 22.073266 ], [ 89.043812, 22.073286 ], [ 89.043798, 22.073448 ], [ 89.043796, 22.073467 ], [ 89.043782, 22.07363 ], [ 89.04378, 22.073648 ], [ 89.043765, 22.073812 ], [ 89.043764, 22.073829 ], [ 89.043749, 22.073994 ], [ 89.043748, 22.07401 ], [ 89.043733, 22.074176 ], [ 89.043731, 22.074192 ], [ 89.043717, 22.074357 ], [ 89.043715, 22.074373 ], [ 89.043701, 22.074539 ], [ 89.043699, 22.074554 ], [ 89.043697, 22.074582 ], [ 89.043686, 22.07462 ], [ 89.043655, 22.074727 ], [ 89.043636, 22.074792 ], [ 89.043605, 22.074899 ], [ 89.043587, 22.074964 ], [ 89.043556, 22.07507 ], [ 89.043537, 22.075136 ], [ 89.043506, 22.075242 ], [ 89.043487, 22.075308 ], [ 89.043457, 22.075414 ], [ 89.043438, 22.07548 ], [ 89.043407, 22.075585 ], [ 89.043388, 22.075652 ], [ 89.043358, 22.075757 ], [ 89.043339, 22.075825 ], [ 89.043308, 22.075929 ], [ 89.043289, 22.075997 ], [ 89.043259, 22.0761 ], [ 89.043239, 22.076169 ], [ 89.043209, 22.076272 ], [ 89.04319, 22.076341 ], [ 89.04316, 22.076444 ], [ 89.04314, 22.076513 ], [ 89.04311, 22.076615 ], [ 89.04309, 22.076685 ], [ 89.043061, 22.076787 ], [ 89.043041, 22.076857 ], [ 89.043011, 22.076958 ], [ 89.042991, 22.077029 ], [ 89.042962, 22.07713 ], [ 89.042953, 22.07716 ], [ 89.042942, 22.077201 ], [ 89.042912, 22.077302 ], [ 89.042892, 22.077373 ], [ 89.042863, 22.077473 ], [ 89.042842, 22.077545 ], [ 89.042813, 22.077645 ], [ 89.042793, 22.077717 ], [ 89.042764, 22.077817 ], [ 89.042743, 22.077889 ], [ 89.042714, 22.077988 ], [ 89.042694, 22.078061 ], [ 89.042665, 22.07816 ], [ 89.042644, 22.078233 ], [ 89.042615, 22.078332 ], [ 89.042594, 22.078405 ], [ 89.042566, 22.078503 ], [ 89.042545, 22.078577 ], [ 89.042516, 22.078675 ], [ 89.042495, 22.078749 ], [ 89.042467, 22.078846 ], [ 89.042445, 22.078921 ], [ 89.042417, 22.079018 ], [ 89.042396, 22.079093 ], [ 89.042368, 22.07919 ], [ 89.042346, 22.079265 ], [ 89.042318, 22.079361 ], [ 89.042297, 22.079437 ], [ 89.042269, 22.079533 ], [ 89.042247, 22.079609 ], [ 89.042219, 22.079705 ], [ 89.042197, 22.079782 ], [ 89.04217, 22.079876 ], [ 89.042148, 22.079954 ], [ 89.04212, 22.080048 ], [ 89.042098, 22.080126 ], [ 89.042071, 22.080219 ], [ 89.042049, 22.080298 ], [ 89.042021, 22.080391 ], [ 89.041999, 22.08047 ], [ 89.041972, 22.080563 ], [ 89.041949, 22.080642 ], [ 89.041922, 22.080734 ], [ 89.041908, 22.080786 ], [ 89.041902, 22.080814 ], [ 89.041897, 22.080839 ], [ 89.041866, 22.08099 ], [ 89.041861, 22.081015 ], [ 89.04183, 22.081166 ], [ 89.041825, 22.081191 ], [ 89.041794, 22.081342 ], [ 89.041789, 22.081367 ], [ 89.041758, 22.081518 ], [ 89.041753, 22.081543 ], [ 89.041722, 22.081694 ], [ 89.041717, 22.081719 ], [ 89.041686, 22.08187 ], [ 89.041681, 22.081895 ], [ 89.04165, 22.082046 ], [ 89.041645, 22.082071 ], [ 89.041614, 22.082222 ], [ 89.041609, 22.082247 ], [ 89.041578, 22.082398 ], [ 89.041573, 22.082422 ], [ 89.041542, 22.082574 ], [ 89.041537, 22.082598 ], [ 89.041506, 22.08275 ], [ 89.041501, 22.082774 ], [ 89.04147, 22.082926 ], [ 89.041465, 22.08295 ], [ 89.041434, 22.083102 ], [ 89.041429, 22.083126 ], [ 89.041398, 22.083278 ], [ 89.041393, 22.083302 ], [ 89.041362, 22.083454 ], [ 89.041357, 22.083478 ], [ 89.041326, 22.08363 ], [ 89.041321, 22.083654 ], [ 89.04129, 22.083806 ], [ 89.041285, 22.08383 ], [ 89.041254, 22.083982 ], [ 89.041249, 22.084005 ], [ 89.041218, 22.084158 ], [ 89.041214, 22.084181 ], [ 89.041182, 22.084334 ], [ 89.041178, 22.084357 ], [ 89.041146, 22.08451 ], [ 89.041142, 22.084533 ], [ 89.041111, 22.084686 ], [ 89.041106, 22.084709 ], [ 89.041075, 22.084862 ], [ 89.04107, 22.084885 ], [ 89.041039, 22.085038 ], [ 89.041034, 22.085061 ], [ 89.041003, 22.085214 ], [ 89.040998, 22.085237 ], [ 89.040967, 22.08539 ], [ 89.040962, 22.085413 ], [ 89.040931, 22.085566 ], [ 89.040926, 22.085588 ], [ 89.040895, 22.085742 ], [ 89.04089, 22.085764 ], [ 89.040859, 22.085918 ], [ 89.040854, 22.08594 ], [ 89.040823, 22.086094 ], [ 89.040818, 22.086116 ], [ 89.040787, 22.08627 ], [ 89.040782, 22.086292 ], [ 89.040751, 22.086446 ], [ 89.040746, 22.086468 ], [ 89.040715, 22.086622 ], [ 89.04071, 22.086644 ], [ 89.040679, 22.086798 ], [ 89.040674, 22.08682 ], [ 89.040643, 22.086974 ], [ 89.040638, 22.086996 ], [ 89.040607, 22.08715 ], [ 89.040602, 22.087171 ], [ 89.040593, 22.08722 ], [ 89.040584, 22.087267 ], [ 89.040574, 22.087327 ], [ 89.040552, 22.087443 ], [ 89.040542, 22.087504 ], [ 89.040521, 22.087619 ], [ 89.04051, 22.087681 ], [ 89.040489, 22.087796 ], [ 89.040479, 22.087859 ], [ 89.040458, 22.087972 ], [ 89.040447, 22.088036 ], [ 89.040426, 22.088148 ], [ 89.040415, 22.088213 ], [ 89.040395, 22.088324 ], [ 89.040383, 22.08839 ], [ 89.040363, 22.088501 ], [ 89.040352, 22.088568 ], [ 89.040332, 22.088677 ], [ 89.04032, 22.088745 ], [ 89.0403, 22.088853 ], [ 89.040288, 22.088922 ], [ 89.040269, 22.089029 ], [ 89.040257, 22.089099 ], [ 89.040237, 22.089205 ], [ 89.040225, 22.089277 ], [ 89.040206, 22.089382 ], [ 89.040193, 22.089454 ], [ 89.040174, 22.089558 ], [ 89.040161, 22.089631 ], [ 89.040143, 22.089734 ], [ 89.04013, 22.089808 ], [ 89.040111, 22.08991 ], [ 89.040098, 22.089985 ], [ 89.040079, 22.090086 ], [ 89.040066, 22.090163 ], [ 89.040048, 22.090263 ], [ 89.040035, 22.09034 ], [ 89.040016, 22.090439 ], [ 89.040003, 22.090517 ], [ 89.039985, 22.090615 ], [ 89.039971, 22.090694 ], [ 89.039953, 22.090791 ], [ 89.039939, 22.090872 ], [ 89.039922, 22.090968 ], [ 89.039908, 22.091049 ], [ 89.03989, 22.091144 ], [ 89.039876, 22.091226 ], [ 89.039859, 22.09132 ], [ 89.039844, 22.091403 ], [ 89.039827, 22.091496 ], [ 89.039813, 22.09158 ], [ 89.039796, 22.091672 ], [ 89.039781, 22.091758 ], [ 89.039764, 22.091849 ], [ 89.039749, 22.091935 ], [ 89.039733, 22.092025 ], [ 89.039717, 22.092112 ], [ 89.039701, 22.092201 ], [ 89.039686, 22.092289 ], [ 89.039671, 22.09237 ], [ 89.039674, 22.092472 ], [ 89.039675, 22.092546 ], [ 89.039677, 22.092609 ], [ 89.039678, 22.09266 ], [ 89.039679, 22.092732 ], [ 89.039682, 22.092848 ], [ 89.039683, 22.092918 ], [ 89.039687, 22.093035 ], [ 89.039688, 22.093105 ], [ 89.039691, 22.093223 ], [ 89.039692, 22.093291 ], [ 89.039695, 22.093411 ], [ 89.039696, 22.093477 ], [ 89.039699, 22.093598 ], [ 89.039701, 22.093664 ], [ 89.039704, 22.093786 ], [ 89.039705, 22.09385 ], [ 89.039708, 22.093974 ], [ 89.039709, 22.094036 ], [ 89.039712, 22.094161 ], [ 89.039713, 22.094223 ], [ 89.039717, 22.094349 ], [ 89.039718, 22.094409 ], [ 89.039721, 22.094536 ], [ 89.039722, 22.094595 ], [ 89.039727, 22.094781 ], [ 89.039734, 22.094967 ], [ 89.039743, 22.095151 ], [ 89.039754, 22.095335 ], [ 89.039768, 22.095519 ], [ 89.039783, 22.095701 ], [ 89.039801, 22.095883 ], [ 89.039821, 22.096064 ], [ 89.039843, 22.096244 ], [ 89.039867, 22.096424 ], [ 89.039893, 22.096603 ], [ 89.039922, 22.096781 ], [ 89.039931, 22.096834 ], [ 89.039951, 22.096959 ], [ 89.039956, 22.09699 ], [ 89.03998, 22.097137 ], [ 89.039982, 22.097145 ], [ 89.040007, 22.097301 ], [ 89.040009, 22.097314 ], [ 89.040033, 22.097456 ], [ 89.040038, 22.097492 ], [ 89.040058, 22.097612 ], [ 89.040068, 22.09767 ], [ 89.040098, 22.097848 ], [ 89.04013, 22.098025 ], [ 89.040164, 22.098201 ], [ 89.040201, 22.098376 ], [ 89.040239, 22.098551 ], [ 89.04028, 22.098725 ], [ 89.040323, 22.098898 ], [ 89.040369, 22.09907 ], [ 89.040416, 22.099242 ], [ 89.040466, 22.099413 ], [ 89.040518, 22.099583 ], [ 89.040572, 22.099752 ], [ 89.040628, 22.099921 ], [ 89.040686, 22.100089 ], [ 89.040747, 22.100256 ], [ 89.04081, 22.100423 ], [ 89.040874, 22.100588 ], [ 89.040942, 22.100753 ], [ 89.041011, 22.100918 ], [ 89.041082, 22.101081 ], [ 89.041156, 22.101244 ], [ 89.041207, 22.101353 ], [ 89.041231, 22.101406 ], [ 89.041282, 22.101515 ], [ 89.041306, 22.101568 ], [ 89.041332, 22.101623 ], [ 89.041357, 22.101677 ], [ 89.041381, 22.101731 ], [ 89.041432, 22.101839 ], [ 89.041456, 22.101893 ], [ 89.041507, 22.102 ], [ 89.04158, 22.102163 ], [ 89.041652, 22.102327 ], [ 89.041722, 22.102491 ], [ 89.041789, 22.102658 ], [ 89.041855, 22.102825 ], [ 89.041919, 22.102993 ], [ 89.041981, 22.103163 ], [ 89.042041, 22.103333 ], [ 89.042042, 22.103335 ], [ 89.042101, 22.103504 ], [ 89.042102, 22.103506 ], [ 89.042161, 22.103675 ], [ 89.042162, 22.103677 ], [ 89.042221, 22.103845 ], [ 89.042222, 22.103848 ], [ 89.042281, 22.104016 ], [ 89.042282, 22.104019 ], [ 89.042341, 22.104187 ], [ 89.042342, 22.10419 ], [ 89.042401, 22.104358 ], [ 89.042402, 22.10436 ], [ 89.042461, 22.104528 ], [ 89.042462, 22.104531 ], [ 89.042521, 22.104699 ], [ 89.042522, 22.104702 ], [ 89.042581, 22.10487 ], [ 89.042582, 22.104873 ], [ 89.042641, 22.10504 ], [ 89.042642, 22.105044 ], [ 89.042701, 22.105211 ], [ 89.042702, 22.105215 ], [ 89.042761, 22.105382 ], [ 89.042762, 22.105386 ], [ 89.042821, 22.105552 ], [ 89.042822, 22.105557 ], [ 89.042881, 22.105723 ], [ 89.042882, 22.105728 ], [ 89.042941, 22.105894 ], [ 89.042942, 22.105898 ], [ 89.043001, 22.106065 ], [ 89.043002, 22.106069 ], [ 89.043061, 22.106235 ], [ 89.043063, 22.10624 ], [ 89.043121, 22.106406 ], [ 89.043123, 22.106411 ], [ 89.043181, 22.106577 ], [ 89.043183, 22.106582 ], [ 89.043241, 22.106747 ], [ 89.043243, 22.106753 ], [ 89.043301, 22.106918 ], [ 89.043303, 22.106924 ], [ 89.043361, 22.107089 ], [ 89.043363, 22.107095 ], [ 89.043421, 22.107259 ], [ 89.043423, 22.107266 ], [ 89.043457, 22.107364 ], [ 89.043497, 22.10742 ], [ 89.043497, 22.10742 ], [ 89.043599, 22.107566 ], [ 89.043601, 22.107567 ], [ 89.043702, 22.107711 ], [ 89.043704, 22.107714 ], [ 89.043783, 22.107827 ], [ 89.043804, 22.107856 ], [ 89.043807, 22.107861 ], [ 89.043906, 22.108002 ], [ 89.043911, 22.108008 ], [ 89.044009, 22.108147 ], [ 89.044014, 22.108156 ], [ 89.044111, 22.108293 ], [ 89.044118, 22.108303 ], [ 89.044213, 22.108438 ], [ 89.044221, 22.10845 ], [ 89.044315, 22.108583 ], [ 89.044324, 22.108597 ], [ 89.044418, 22.108729 ], [ 89.044428, 22.108744 ], [ 89.04452, 22.108874 ], [ 89.044531, 22.108891 ], [ 89.044622, 22.109019 ], [ 89.044635, 22.109038 ], [ 89.044724, 22.109165 ], [ 89.044738, 22.109185 ], [ 89.044827, 22.10931 ], [ 89.044842, 22.109332 ], [ 89.044929, 22.109456 ], [ 89.044945, 22.109479 ], [ 89.045031, 22.109601 ], [ 89.045048, 22.109626 ], [ 89.045152, 22.109773 ], [ 89.045257, 22.109918 ], [ 89.045364, 22.110062 ], [ 89.045473, 22.110205 ], [ 89.045583, 22.110347 ], [ 89.045694, 22.110487 ], [ 89.045807, 22.110626 ], [ 89.045922, 22.110764 ], [ 89.046039, 22.1109 ], [ 89.046099, 22.11097 ], [ 89.046156, 22.111036 ], [ 89.046215, 22.111104 ], [ 89.046273, 22.111172 ], [ 89.04633, 22.111237 ], [ 89.04639, 22.111308 ], [ 89.046446, 22.111371 ], [ 89.046507, 22.111443 ], [ 89.046561, 22.111505 ], [ 89.046624, 22.111579 ], [ 89.046677, 22.111639 ], [ 89.046742, 22.111715 ], [ 89.046793, 22.111773 ], [ 89.046859, 22.111851 ], [ 89.046908, 22.111907 ], [ 89.046976, 22.111986 ], [ 89.047024, 22.112041 ], [ 89.047093, 22.112122 ], [ 89.04714, 22.112175 ], [ 89.04721, 22.112258 ], [ 89.047255, 22.112309 ], [ 89.047327, 22.112394 ], [ 89.047371, 22.112443 ], [ 89.047445, 22.112529 ], [ 89.047486, 22.112577 ], [ 89.047562, 22.112665 ], [ 89.047602, 22.112711 ], [ 89.047679, 22.112801 ], [ 89.047718, 22.112845 ], [ 89.047796, 22.112937 ], [ 89.047833, 22.112979 ], [ 89.047913, 22.113072 ], [ 89.047949, 22.113113 ], [ 89.04803, 22.113208 ], [ 89.048064, 22.113247 ], [ 89.048148, 22.113344 ], [ 89.04818, 22.113381 ], [ 89.048265, 22.11348 ], [ 89.048296, 22.113515 ], [ 89.048382, 22.113615 ], [ 89.048411, 22.113649 ], [ 89.048499, 22.113751 ], [ 89.048527, 22.113783 ], [ 89.048616, 22.113887 ], [ 89.048642, 22.113916 ], [ 89.048734, 22.114023 ], [ 89.048758, 22.11405 ], [ 89.048851, 22.114158 ], [ 89.048874, 22.114184 ], [ 89.048968, 22.114294 ], [ 89.048989, 22.114318 ], [ 89.049085, 22.11443 ], [ 89.049105, 22.114452 ], [ 89.049202, 22.114565 ], [ 89.04922, 22.114586 ], [ 89.049319, 22.114701 ], [ 89.049336, 22.11472 ], [ 89.049437, 22.114837 ], [ 89.049452, 22.114854 ], [ 89.049554, 22.114973 ], [ 89.049567, 22.114988 ], [ 89.049671, 22.115108 ], [ 89.049683, 22.115122 ], [ 89.049788, 22.115244 ], [ 89.049799, 22.115256 ], [ 89.049905, 22.11538 ], [ 89.049914, 22.11539 ], [ 89.050023, 22.115516 ], [ 89.05003, 22.115524 ], [ 89.05014, 22.115651 ], [ 89.050145, 22.115658 ], [ 89.050257, 22.115787 ], [ 89.050261, 22.115792 ], [ 89.050374, 22.115923 ], [ 89.050377, 22.115926 ], [ 89.050491, 22.116059 ], [ 89.050492, 22.11606 ], [ 89.050608, 22.116194 ], [ 89.050608, 22.116194 ], [ 89.050723, 22.116328 ], [ 89.050726, 22.11633 ], [ 89.050839, 22.116462 ], [ 89.050843, 22.116466 ], [ 89.050955, 22.116595 ], [ 89.05096, 22.116602 ], [ 89.05107, 22.116729 ], [ 89.051077, 22.116737 ], [ 89.051186, 22.116863 ], [ 89.051194, 22.116873 ], [ 89.051301, 22.116997 ], [ 89.051311, 22.117009 ], [ 89.051417, 22.117131 ], [ 89.051429, 22.117145 ], [ 89.051533, 22.117265 ], [ 89.051546, 22.117281 ], [ 89.051648, 22.117399 ], [ 89.051663, 22.117416 ], [ 89.05178, 22.117552 ], [ 89.051899, 22.117686 ], [ 89.05202, 22.117819 ], [ 89.052142, 22.117951 ], [ 89.052265, 22.118082 ], [ 89.05239, 22.118211 ], [ 89.052418, 22.118239 ], [ 89.052516, 22.11834 ], [ 89.052542, 22.118367 ], [ 89.052641, 22.118469 ], [ 89.052667, 22.118495 ], [ 89.052766, 22.118598 ], [ 89.052791, 22.118622 ], [ 89.052892, 22.118727 ], [ 89.052915, 22.11875 ], [ 89.053017, 22.118856 ], [ 89.053039, 22.118878 ], [ 89.053143, 22.118985 ], [ 89.053163, 22.119005 ], [ 89.053268, 22.119114 ], [ 89.053287, 22.119133 ], [ 89.053394, 22.119243 ], [ 89.053411, 22.119261 ], [ 89.053519, 22.119372 ], [ 89.053535, 22.119388 ], [ 89.053644, 22.119501 ], [ 89.053659, 22.119516 ], [ 89.05377, 22.11963 ], [ 89.053784, 22.119644 ], [ 89.053895, 22.119759 ], [ 89.053908, 22.119771 ], [ 89.054021, 22.119888 ], [ 89.054032, 22.119899 ], [ 89.054146, 22.120017 ], [ 89.054156, 22.120027 ], [ 89.054271, 22.120146 ], [ 89.05428, 22.120154 ], [ 89.054397, 22.120275 ], [ 89.054404, 22.120282 ], [ 89.054522, 22.120404 ], [ 89.054528, 22.12041 ], [ 89.054648, 22.120533 ], [ 89.054652, 22.120537 ], [ 89.054773, 22.120662 ], [ 89.054776, 22.120665 ], [ 89.054899, 22.120791 ], [ 89.054901, 22.120793 ], [ 89.055025, 22.12092 ], [ 89.055148, 22.121049 ], [ 89.055269, 22.12118 ], [ 89.05539, 22.121312 ], [ 89.055509, 22.121445 ], [ 89.055627, 22.12158 ], [ 89.055744, 22.121716 ], [ 89.055859, 22.121854 ], [ 89.055934, 22.121945 ], [ 89.056015, 22.121945 ], [ 89.056247, 22.121948 ], [ 89.056477, 22.121953 ], [ 89.056705, 22.121961 ], [ 89.056931, 22.121972 ], [ 89.057155, 22.121984 ], [ 89.057377, 22.121999 ], [ 89.057597, 22.122017 ], [ 89.057815, 22.122037 ], [ 89.05803, 22.122059 ], [ 89.058244, 22.122083 ], [ 89.058455, 22.12211 ], [ 89.058665, 22.12214 ], [ 89.058872, 22.122172 ], [ 89.059077, 22.122206 ], [ 89.05928, 22.122242 ], [ 89.059408, 22.122267 ], [ 89.059482, 22.122281 ], [ 89.059587, 22.122301 ], [ 89.059684, 22.122319 ], [ 89.059766, 22.122335 ], [ 89.059885, 22.122357 ], [ 89.060086, 22.122397 ], [ 89.060284, 22.122439 ], [ 89.06048, 22.122484 ], [ 89.060674, 22.122532 ], [ 89.060865, 22.122581 ], [ 89.061055, 22.122634 ], [ 89.061242, 22.122689 ], [ 89.061427, 22.122746 ], [ 89.06161, 22.122806 ], [ 89.061791, 22.122868 ], [ 89.06197, 22.122933 ], [ 89.062146, 22.123 ], [ 89.06232, 22.12307 ], [ 89.062493, 22.123143 ], [ 89.062647, 22.12321 ], [ 89.062663, 22.123217 ], [ 89.062833, 22.123292 ], [ 89.063, 22.123369 ], [ 89.063166, 22.123449 ], [ 89.063329, 22.123532 ], [ 89.063478, 22.123611 ], [ 89.063626, 22.123695 ], [ 89.063783, 22.123789 ], [ 89.063937, 22.123886 ], [ 89.064089, 22.123984 ], [ 89.064239, 22.124086 ], [ 89.064387, 22.12419 ], [ 89.064532, 22.124296 ], [ 89.064672, 22.124403 ], [ 89.064675, 22.124405 ], [ 89.064815, 22.124512 ], [ 89.064818, 22.124514 ], [ 89.064959, 22.124621 ], [ 89.06496, 22.124622 ], [ 89.065102, 22.12473 ], [ 89.065103, 22.124731 ], [ 89.065246, 22.12484 ], [ 89.065246, 22.12484 ], [ 89.065389, 22.124949 ], [ 89.065389, 22.124949 ], [ 89.065532, 22.125057 ], [ 89.065533, 22.125058 ], [ 89.065675, 22.125166 ], [ 89.065676, 22.125168 ], [ 89.065817, 22.125275 ], [ 89.06582, 22.125277 ], [ 89.06596, 22.125384 ], [ 89.065963, 22.125386 ], [ 89.066103, 22.125492 ], [ 89.066107, 22.125495 ], [ 89.066246, 22.125601 ], [ 89.066251, 22.125605 ], [ 89.066389, 22.12571 ], [ 89.066394, 22.125714 ], [ 89.066532, 22.125818 ], [ 89.066538, 22.125823 ], [ 89.066674, 22.125927 ], [ 89.066681, 22.125933 ], [ 89.066817, 22.126036 ], [ 89.066825, 22.126042 ], [ 89.06696, 22.126145 ], [ 89.066968, 22.126151 ], [ 89.067103, 22.126253 ], [ 89.067112, 22.12626 ], [ 89.067246, 22.126362 ], [ 89.067255, 22.12637 ], [ 89.067389, 22.126471 ], [ 89.067399, 22.126479 ], [ 89.067531, 22.12658 ], [ 89.067542, 22.126588 ], [ 89.067674, 22.126688 ], [ 89.067686, 22.126698 ], [ 89.067817, 22.126797 ], [ 89.067829, 22.126807 ], [ 89.06796, 22.126906 ], [ 89.067973, 22.126916 ], [ 89.068103, 22.127015 ], [ 89.068116, 22.127026 ], [ 89.068246, 22.127123 ], [ 89.06826, 22.127135 ], [ 89.068388, 22.127232 ], [ 89.068404, 22.127244 ], [ 89.068531, 22.127341 ], [ 89.068547, 22.127353 ], [ 89.068674, 22.12745 ], [ 89.068691, 22.127463 ], [ 89.068817, 22.127558 ], [ 89.068834, 22.127572 ], [ 89.06896, 22.127667 ], [ 89.068978, 22.127681 ], [ 89.069103, 22.127776 ], [ 89.069121, 22.127791 ], [ 89.069245, 22.127885 ], [ 89.069265, 22.1279 ], [ 89.069388, 22.127993 ], [ 89.069408, 22.128009 ], [ 89.069531, 22.128102 ], [ 89.069552, 22.128119 ], [ 89.069674, 22.128211 ], [ 89.069695, 22.128228 ], [ 89.069817, 22.12832 ], [ 89.069839, 22.128337 ], [ 89.06996, 22.128428 ], [ 89.069982, 22.128446 ], [ 89.070102, 22.128537 ], [ 89.070126, 22.128556 ], [ 89.070245, 22.128646 ], [ 89.070269, 22.128665 ], [ 89.070388, 22.128755 ], [ 89.070413, 22.128774 ], [ 89.070531, 22.128863 ], [ 89.070557, 22.128884 ], [ 89.070674, 22.128972 ], [ 89.0707, 22.128993 ], [ 89.070817, 22.129081 ], [ 89.070844, 22.129102 ], [ 89.07096, 22.12919 ], [ 89.070987, 22.129211 ], [ 89.071102, 22.129298 ], [ 89.071131, 22.129321 ], [ 89.071245, 22.129407 ], [ 89.071274, 22.12943 ], [ 89.071388, 22.129516 ], [ 89.071418, 22.129539 ], [ 89.071531, 22.129625 ], [ 89.071561, 22.129649 ], [ 89.071674, 22.129733 ], [ 89.071705, 22.129758 ], [ 89.071817, 22.129842 ], [ 89.071848, 22.129867 ], [ 89.071959, 22.129951 ], [ 89.071992, 22.129977 ], [ 89.072102, 22.13006 ], [ 89.072135, 22.130086 ], [ 89.072245, 22.130168 ], [ 89.072279, 22.130195 ], [ 89.072388, 22.130277 ], [ 89.072422, 22.130304 ], [ 89.072531, 22.130386 ], [ 89.072566, 22.130414 ], [ 89.072674, 22.130495 ], [ 89.07271, 22.130523 ], [ 89.072816, 22.130603 ], [ 89.072853, 22.130632 ], [ 89.072959, 22.130712 ], [ 89.072997, 22.130742 ], [ 89.073102, 22.130821 ], [ 89.07314, 22.130851 ], [ 89.073245, 22.13093 ], [ 89.073284, 22.13096 ], [ 89.073388, 22.131038 ], [ 89.073427, 22.131069 ], [ 89.073531, 22.131147 ], [ 89.073571, 22.131179 ], [ 89.073673, 22.131256 ], [ 89.073714, 22.131288 ], [ 89.073816, 22.131365 ], [ 89.073858, 22.131397 ], [ 89.073959, 22.131473 ], [ 89.074001, 22.131507 ], [ 89.074102, 22.131582 ], [ 89.074145, 22.131616 ], [ 89.074245, 22.131691 ], [ 89.074288, 22.131725 ], [ 89.074388, 22.1318 ], [ 89.074432, 22.131835 ], [ 89.07453, 22.131908 ], [ 89.074575, 22.131944 ], [ 89.074673, 22.132017 ], [ 89.074719, 22.132053 ], [ 89.074816, 22.132126 ], [ 89.074863, 22.132162 ], [ 89.074959, 22.132234 ], [ 89.075006, 22.132272 ], [ 89.075102, 22.132343 ], [ 89.07515, 22.132381 ], [ 89.075245, 22.132452 ], [ 89.075293, 22.13249 ], [ 89.075387, 22.132561 ], [ 89.075437, 22.1326 ], [ 89.07553, 22.132669 ], [ 89.07558, 22.132709 ], [ 89.075673, 22.132778 ], [ 89.075724, 22.132818 ], [ 89.075816, 22.132887 ], [ 89.075867, 22.132927 ], [ 89.075959, 22.132996 ], [ 89.076011, 22.133037 ], [ 89.076102, 22.133104 ], [ 89.076154, 22.133146 ], [ 89.076245, 22.133213 ], [ 89.076298, 22.133255 ], [ 89.076387, 22.133322 ], [ 89.076441, 22.133365 ], [ 89.07653, 22.133431 ], [ 89.076585, 22.133474 ], [ 89.076673, 22.133539 ], [ 89.076728, 22.133583 ], [ 89.076816, 22.133648 ], [ 89.076872, 22.133693 ], [ 89.076959, 22.133757 ], [ 89.077016, 22.133802 ], [ 89.077102, 22.133866 ], [ 89.077159, 22.133911 ], [ 89.077244, 22.133974 ], [ 89.077303, 22.13402 ], [ 89.077387, 22.134083 ], [ 89.077446, 22.13413 ], [ 89.07753, 22.134192 ], [ 89.07759, 22.134239 ], [ 89.077673, 22.134301 ], [ 89.077733, 22.134348 ], [ 89.077816, 22.134409 ], [ 89.077877, 22.134458 ], [ 89.077959, 22.134518 ], [ 89.07802, 22.134567 ], [ 89.078101, 22.134627 ], [ 89.078164, 22.134676 ], [ 89.078244, 22.134736 ], [ 89.078307, 22.134785 ], [ 89.078387, 22.134844 ], [ 89.078451, 22.134895 ], [ 89.07853, 22.134953 ], [ 89.078594, 22.135004 ], [ 89.078673, 22.135062 ], [ 89.078738, 22.135113 ], [ 89.078883, 22.13522 ], [ 89.079031, 22.135323 ], [ 89.079182, 22.13542 ], [ 89.079335, 22.135512 ], [ 89.079444, 22.135573 ], [ 89.079491, 22.135601 ], [ 89.079599, 22.135662 ], [ 89.079647, 22.13569 ], [ 89.079755, 22.13575 ], [ 89.079803, 22.135779 ], [ 89.079911, 22.135839 ], [ 89.079959, 22.135868 ], [ 89.080066, 22.135928 ], [ 89.080115, 22.135957 ], [ 89.080222, 22.136017 ], [ 89.08027, 22.136046 ], [ 89.080378, 22.136106 ], [ 89.080426, 22.136135 ], [ 89.080533, 22.136195 ], [ 89.080582, 22.136224 ], [ 89.080689, 22.136284 ], [ 89.080738, 22.136313 ], [ 89.080844, 22.136373 ], [ 89.080894, 22.136402 ], [ 89.081, 22.136462 ], [ 89.08105, 22.136491 ], [ 89.081156, 22.136551 ], [ 89.081205, 22.13658 ], [ 89.081311, 22.13664 ], [ 89.081361, 22.136669 ], [ 89.081467, 22.136729 ], [ 89.081517, 22.136759 ], [ 89.081623, 22.136817 ], [ 89.081673, 22.136848 ], [ 89.081778, 22.136906 ], [ 89.081829, 22.136937 ], [ 89.081934, 22.136995 ], [ 89.081985, 22.137026 ], [ 89.08209, 22.137084 ], [ 89.08214, 22.137115 ], [ 89.082245, 22.137173 ], [ 89.082296, 22.137204 ], [ 89.082401, 22.137262 ], [ 89.082452, 22.137293 ], [ 89.082557, 22.137351 ], [ 89.082608, 22.137382 ], [ 89.082712, 22.13744 ], [ 89.082764, 22.137471 ], [ 89.082868, 22.137529 ], [ 89.08292, 22.13756 ], [ 89.083023, 22.137618 ], [ 89.083075, 22.137649 ], [ 89.083179, 22.137707 ], [ 89.083231, 22.137738 ], [ 89.083335, 22.137795 ], [ 89.083387, 22.137827 ], [ 89.08349, 22.137884 ], [ 89.083543, 22.137916 ], [ 89.083646, 22.137973 ], [ 89.083699, 22.138005 ], [ 89.083802, 22.138062 ], [ 89.083855, 22.138094 ], [ 89.083957, 22.138151 ], [ 89.084011, 22.138183 ], [ 89.084113, 22.13824 ], [ 89.084166, 22.138272 ], [ 89.084269, 22.138329 ], [ 89.084322, 22.138361 ], [ 89.084424, 22.138418 ], [ 89.084478, 22.13845 ], [ 89.08458, 22.138507 ], [ 89.084634, 22.138539 ], [ 89.084736, 22.138596 ], [ 89.08479, 22.138628 ], [ 89.084891, 22.138685 ], [ 89.084946, 22.138717 ], [ 89.085047, 22.138773 ], [ 89.085101, 22.138806 ], [ 89.085203, 22.138862 ], [ 89.085257, 22.138895 ], [ 89.085358, 22.138951 ], [ 89.085413, 22.138984 ], [ 89.085514, 22.13904 ], [ 89.085569, 22.139073 ], [ 89.085623, 22.139103 ], [ 89.085669, 22.139129 ], [ 89.085725, 22.139162 ], [ 89.085825, 22.139218 ], [ 89.085881, 22.139251 ], [ 89.085981, 22.139307 ], [ 89.086036, 22.13934 ], [ 89.086136, 22.139396 ], [ 89.086192, 22.139429 ], [ 89.086292, 22.139485 ], [ 89.086348, 22.139518 ], [ 89.086448, 22.139574 ], [ 89.086504, 22.139607 ], [ 89.086603, 22.139663 ], [ 89.08666, 22.139696 ], [ 89.086759, 22.139752 ], [ 89.086816, 22.139785 ], [ 89.086915, 22.13984 ], [ 89.086971, 22.139874 ], [ 89.08707, 22.139929 ], [ 89.087127, 22.139963 ], [ 89.087226, 22.140018 ], [ 89.087283, 22.140052 ], [ 89.087382, 22.140107 ], [ 89.087439, 22.140141 ], [ 89.087537, 22.140196 ], [ 89.087595, 22.14023 ], [ 89.087693, 22.140285 ], [ 89.087751, 22.140319 ], [ 89.087848, 22.140374 ], [ 89.087906, 22.140408 ], [ 89.088004, 22.140463 ], [ 89.088062, 22.140497 ], [ 89.08816, 22.140552 ], [ 89.088218, 22.140586 ], [ 89.088315, 22.140641 ], [ 89.088374, 22.140676 ], [ 89.088471, 22.14073 ], [ 89.08853, 22.140765 ], [ 89.088627, 22.140818 ], [ 89.088686, 22.140854 ], [ 89.088782, 22.140907 ], [ 89.088841, 22.140943 ], [ 89.088938, 22.140996 ], [ 89.088997, 22.141032 ], [ 89.089094, 22.141085 ], [ 89.089153, 22.141121 ], [ 89.089249, 22.141174 ], [ 89.089309, 22.14121 ], [ 89.089405, 22.141263 ], [ 89.089465, 22.141299 ], [ 89.089561, 22.141352 ], [ 89.089621, 22.141388 ], [ 89.089716, 22.141441 ], [ 89.089777, 22.141477 ], [ 89.089872, 22.14153 ], [ 89.089932, 22.141566 ], [ 89.090027, 22.141619 ], [ 89.090088, 22.141655 ], [ 89.090183, 22.141708 ], [ 89.090244, 22.141744 ], [ 89.090339, 22.141796 ], [ 89.0904, 22.141833 ], [ 89.090494, 22.141885 ], [ 89.090556, 22.141922 ], [ 89.09065, 22.141974 ], [ 89.090712, 22.142011 ], [ 89.090806, 22.142063 ], [ 89.090867, 22.1421 ], [ 89.090961, 22.142152 ], [ 89.091023, 22.142189 ], [ 89.091117, 22.142241 ], [ 89.091179, 22.142278 ], [ 89.091273, 22.14233 ], [ 89.091335, 22.142367 ], [ 89.091428, 22.142419 ], [ 89.091491, 22.142456 ], [ 89.091584, 22.142508 ], [ 89.091647, 22.142545 ], [ 89.09174, 22.142597 ], [ 89.091802, 22.142634 ], [ 89.091895, 22.142686 ], [ 89.092049, 22.142777 ], [ 89.092201, 22.142873 ], [ 89.092351, 22.142973 ], [ 89.092498, 22.143078 ], [ 89.092643, 22.143187 ], [ 89.092785, 22.143301 ], [ 89.092925, 22.143419 ], [ 89.092974, 22.143462 ], [ 89.093064, 22.143539 ], [ 89.093113, 22.143582 ], [ 89.093203, 22.143658 ], [ 89.093253, 22.143702 ], [ 89.093343, 22.143778 ], [ 89.093392, 22.143822 ], [ 89.093482, 22.143897 ], [ 89.093506, 22.143919 ], [ 89.093531, 22.143941 ], [ 89.093564, 22.143969 ], [ 89.093622, 22.144041 ], [ 89.093649, 22.144077 ], [ 89.093731, 22.14418 ], [ 89.09376, 22.144219 ], [ 89.093839, 22.144318 ], [ 89.093871, 22.14436 ], [ 89.093948, 22.144457 ], [ 89.093982, 22.144501 ], [ 89.094057, 22.144595 ], [ 89.094093, 22.144642 ], [ 89.094166, 22.144733 ], [ 89.094204, 22.144783 ], [ 89.094275, 22.144872 ], [ 89.094314, 22.144924 ], [ 89.094383, 22.14501 ], [ 89.094425, 22.145065 ], [ 89.094492, 22.145149 ], [ 89.094536, 22.145206 ], [ 89.094601, 22.145287 ], [ 89.094647, 22.145347 ], [ 89.09471, 22.145425 ], [ 89.094758, 22.145488 ], [ 89.094819, 22.145564 ], [ 89.094869, 22.14563 ], [ 89.094927, 22.145702 ], [ 89.09498, 22.145771 ], [ 89.095036, 22.145841 ], [ 89.095091, 22.145912 ], [ 89.095145, 22.145979 ], [ 89.095202, 22.146053 ], [ 89.095254, 22.146117 ], [ 89.095313, 22.146194 ], [ 89.095363, 22.146256 ], [ 89.095424, 22.146335 ], [ 89.095471, 22.146394 ], [ 89.095534, 22.146476 ], [ 89.09558, 22.146533 ], [ 89.095645, 22.146617 ], [ 89.095689, 22.146671 ], [ 89.095756, 22.146758 ], [ 89.095798, 22.146809 ], [ 89.095867, 22.146899 ], [ 89.095907, 22.146948 ], [ 89.095978, 22.14704 ], [ 89.096015, 22.147086 ], [ 89.096089, 22.147181 ], [ 89.096124, 22.147225 ], [ 89.0962, 22.147323 ], [ 89.096233, 22.147363 ], [ 89.096311, 22.147464 ], [ 89.096342, 22.147501 ], [ 89.096422, 22.147605 ], [ 89.09645, 22.14764 ], [ 89.096533, 22.147746 ], [ 89.096559, 22.147778 ], [ 89.096644, 22.147887 ], [ 89.096668, 22.147917 ], [ 89.096713, 22.147974 ], [ 89.096734, 22.148012 ], [ 89.096747, 22.148034 ], [ 89.096818, 22.148158 ], [ 89.096836, 22.148191 ], [ 89.096902, 22.148305 ], [ 89.096926, 22.148348 ], [ 89.096986, 22.148452 ], [ 89.097015, 22.148505 ], [ 89.09707, 22.148599 ], [ 89.097105, 22.148662 ], [ 89.097119, 22.148687 ], [ 89.097166, 22.148802 ], [ 89.097178, 22.148832 ], [ 89.097233, 22.148968 ], [ 89.097247, 22.149004 ], [ 89.097301, 22.149135 ], [ 89.097316, 22.149177 ], [ 89.097368, 22.149302 ], [ 89.097386, 22.149349 ], [ 89.097435, 22.149468 ], [ 89.097455, 22.149521 ], [ 89.097489, 22.149602 ], [ 89.097502, 22.149635 ], [ 89.097524, 22.149693 ], [ 89.097569, 22.149801 ], [ 89.097594, 22.149866 ], [ 89.097636, 22.149968 ], [ 89.097663, 22.150038 ], [ 89.097703, 22.150134 ], [ 89.097732, 22.15021 ], [ 89.09777, 22.150301 ], [ 89.097802, 22.150382 ], [ 89.097838, 22.150467 ], [ 89.097871, 22.150555 ], [ 89.097905, 22.150634 ], [ 89.097941, 22.150727 ], [ 89.097972, 22.150801 ], [ 89.09801, 22.150899 ], [ 89.098039, 22.150967 ], [ 89.09807, 22.151046 ], [ 89.098097, 22.151131 ], [ 89.098147, 22.151306 ], [ 89.098192, 22.151481 ], [ 89.098231, 22.151656 ], [ 89.098264, 22.151831 ], [ 89.098291, 22.152007 ], [ 89.098313, 22.152182 ], [ 89.098328, 22.152357 ], [ 89.098337, 22.152518 ], [ 89.098338, 22.152532 ], [ 89.098347, 22.152689 ], [ 89.098348, 22.152707 ], [ 89.098357, 22.152859 ], [ 89.098359, 22.152882 ], [ 89.098366, 22.15303 ], [ 89.098369, 22.153057 ], [ 89.098376, 22.1532 ], [ 89.098379, 22.153232 ], [ 89.098386, 22.153371 ], [ 89.098389, 22.153408 ], [ 89.098396, 22.153541 ], [ 89.098399, 22.153583 ], [ 89.098406, 22.153712 ], [ 89.09841, 22.153758 ], [ 89.098416, 22.153882 ], [ 89.09842, 22.153933 ], [ 89.098425, 22.154052 ], [ 89.09843, 22.154108 ], [ 89.098435, 22.154223 ], [ 89.09844, 22.154283 ], [ 89.098445, 22.154393 ], [ 89.09845, 22.154458 ], [ 89.098455, 22.154564 ], [ 89.09846, 22.154633 ], [ 89.098465, 22.154734 ], [ 89.09847, 22.154809 ], [ 89.098475, 22.154905 ], [ 89.098481, 22.154984 ], [ 89.098484, 22.155075 ], [ 89.098491, 22.155159 ], [ 89.098494, 22.155246 ], [ 89.098501, 22.155334 ], [ 89.098508, 22.155509 ], [ 89.098508, 22.15557 ], [ 89.098497, 22.155623 ], [ 89.098455, 22.155794 ], [ 89.098408, 22.155962 ], [ 89.098355, 22.156128 ], [ 89.098296, 22.156291 ], [ 89.098231, 22.156451 ], [ 89.09816, 22.156609 ], [ 89.098084, 22.156764 ], [ 89.098002, 22.156916 ], [ 89.097914, 22.157066 ], [ 89.09782, 22.157212 ], [ 89.097721, 22.157356 ], [ 89.097667, 22.157429 ], [ 89.097618, 22.157499 ], [ 89.097593, 22.157533 ], [ 89.097556, 22.157562 ], [ 89.097548, 22.157568 ], [ 89.097418, 22.157667 ], [ 89.097408, 22.157676 ], [ 89.097281, 22.157773 ], [ 89.097268, 22.157784 ], [ 89.097144, 22.157879 ], [ 89.097128, 22.157892 ], [ 89.097007, 22.157985 ], [ 89.096988, 22.158 ], [ 89.09687, 22.15809 ], [ 89.096848, 22.158108 ], [ 89.096733, 22.158196 ], [ 89.096708, 22.158217 ], [ 89.096596, 22.158302 ], [ 89.096568, 22.158325 ], [ 89.096459, 22.158407 ], [ 89.096428, 22.158433 ], [ 89.096322, 22.158513 ], [ 89.096288, 22.158541 ], [ 89.096185, 22.158619 ], [ 89.096148, 22.158649 ], [ 89.096048, 22.158725 ], [ 89.096008, 22.158757 ], [ 89.09591, 22.15883 ], [ 89.095868, 22.158865 ], [ 89.095773, 22.158936 ], [ 89.095728, 22.158973 ], [ 89.095636, 22.159042 ], [ 89.095588, 22.159081 ], [ 89.095499, 22.159148 ], [ 89.095448, 22.15919 ], [ 89.095362, 22.159253 ], [ 89.095307, 22.159298 ], [ 89.095225, 22.159359 ], [ 89.095167, 22.159406 ], [ 89.095088, 22.159465 ], [ 89.095027, 22.159514 ], [ 89.094886, 22.159619 ], [ 89.09474, 22.159718 ], [ 89.09459, 22.15981 ], [ 89.094437, 22.159897 ], [ 89.094279, 22.159976 ], [ 89.094118, 22.16005 ], [ 89.093953, 22.160117 ], [ 89.093784, 22.160178 ], [ 89.093611, 22.160232 ], [ 89.093435, 22.16028 ], [ 89.093294, 22.160313 ], [ 89.093158, 22.160304 ], [ 89.092982, 22.160285 ], [ 89.092807, 22.16026 ], [ 89.092635, 22.160228 ], [ 89.092631, 22.160228 ], [ 89.092456, 22.160196 ], [ 89.092456, 22.160196 ], [ 89.09228, 22.160164 ], [ 89.092277, 22.160164 ], [ 89.092105, 22.160133 ], [ 89.092098, 22.160131 ], [ 89.091929, 22.160101 ], [ 89.091919, 22.160099 ], [ 89.091754, 22.160069 ], [ 89.091741, 22.160066 ], [ 89.091579, 22.160038 ], [ 89.091562, 22.160034 ], [ 89.091403, 22.160006 ], [ 89.091383, 22.160002 ], [ 89.091228, 22.159974 ], [ 89.091204, 22.159969 ], [ 89.091052, 22.159943 ], [ 89.091025, 22.159937 ], [ 89.090877, 22.159911 ], [ 89.090846, 22.159905 ], [ 89.090701, 22.159879 ], [ 89.090526, 22.159843 ], [ 89.09035, 22.1598 ], [ 89.090175, 22.159752 ], [ 89.089999, 22.159699 ], [ 89.089824, 22.159639 ], [ 89.089648, 22.159574 ], [ 89.089584, 22.159548 ], [ 89.089533, 22.159512 ], [ 89.08939, 22.159406 ], [ 89.089249, 22.159296 ], [ 89.089247, 22.159294 ], [ 89.089108, 22.159185 ], [ 89.089103, 22.159181 ], [ 89.088967, 22.159075 ], [ 89.088959, 22.159069 ], [ 89.088826, 22.158965 ], [ 89.088815, 22.158956 ], [ 89.088685, 22.158855 ], [ 89.088671, 22.158843 ], [ 89.088544, 22.158744 ], [ 89.088527, 22.15873 ], [ 89.088404, 22.158634 ], [ 89.088383, 22.158618 ], [ 89.088263, 22.158524 ], [ 89.088239, 22.158505 ], [ 89.088122, 22.158414 ], [ 89.088096, 22.158392 ], [ 89.087981, 22.158303 ], [ 89.087952, 22.158279 ], [ 89.08784, 22.158193 ], [ 89.087808, 22.158167 ], [ 89.087699, 22.158083 ], [ 89.087664, 22.158054 ], [ 89.087558, 22.157972 ], [ 89.08752, 22.157941 ], [ 89.087418, 22.157862 ], [ 89.087376, 22.157828 ], [ 89.087277, 22.157752 ], [ 89.087232, 22.157716 ], [ 89.087136, 22.157641 ], [ 89.087088, 22.157603 ], [ 89.086995, 22.157531 ], [ 89.086944, 22.15749 ], [ 89.086854, 22.157421 ], [ 89.0868, 22.157377 ], [ 89.086718, 22.157314 ], [ 89.086711, 22.157307 ], [ 89.086669, 22.157254 ], [ 89.086596, 22.15717 ], [ 89.086553, 22.157117 ], [ 89.086481, 22.157034 ], [ 89.086438, 22.156981 ], [ 89.086366, 22.156898 ], [ 89.086322, 22.156844 ], [ 89.086251, 22.156761 ], [ 89.086206, 22.156707 ], [ 89.086136, 22.156625 ], [ 89.086091, 22.15657 ], [ 89.086021, 22.156489 ], [ 89.085975, 22.156433 ], [ 89.085906, 22.156352 ], [ 89.08586, 22.156297 ], [ 89.085791, 22.156216 ], [ 89.085744, 22.15616 ], [ 89.085676, 22.15608 ], [ 89.085629, 22.156023 ], [ 89.085561, 22.155944 ], [ 89.085513, 22.155886 ], [ 89.085445, 22.155807 ], [ 89.085398, 22.155749 ], [ 89.08533, 22.155671 ], [ 89.085282, 22.155612 ], [ 89.085215, 22.155535 ], [ 89.085167, 22.155476 ], [ 89.0851, 22.155398 ], [ 89.085051, 22.155339 ], [ 89.084985, 22.155262 ], [ 89.084936, 22.155202 ], [ 89.08487, 22.155126 ], [ 89.08482, 22.155065 ], [ 89.084755, 22.154989 ], [ 89.084705, 22.154928 ], [ 89.08464, 22.154853 ], [ 89.084589, 22.154791 ], [ 89.084525, 22.154717 ], [ 89.084474, 22.154655 ], [ 89.08441, 22.15458 ], [ 89.084358, 22.154518 ], [ 89.084295, 22.154444 ], [ 89.084263, 22.154406 ], [ 89.084243, 22.154381 ], [ 89.084179, 22.154308 ], [ 89.084127, 22.154244 ], [ 89.084064, 22.154172 ], [ 89.084012, 22.154107 ], [ 89.083949, 22.154035 ], [ 89.083896, 22.15397 ], [ 89.083834, 22.153899 ], [ 89.08378, 22.153834 ], [ 89.083719, 22.153763 ], [ 89.083665, 22.153697 ], [ 89.083604, 22.153626 ], [ 89.083549, 22.15356 ], [ 89.083489, 22.15349 ], [ 89.083434, 22.153423 ], [ 89.083374, 22.153354 ], [ 89.083318, 22.153286 ], [ 89.083259, 22.153217 ], [ 89.083203, 22.15315 ], [ 89.083144, 22.153081 ], [ 89.083087, 22.153013 ], [ 89.083029, 22.152945 ], [ 89.082972, 22.152876 ], [ 89.082913, 22.152808 ], [ 89.082856, 22.152739 ], [ 89.082798, 22.152672 ], [ 89.082741, 22.152602 ], [ 89.082683, 22.152536 ], [ 89.082625, 22.152465 ], [ 89.082568, 22.1524 ], [ 89.08251, 22.152329 ], [ 89.082453, 22.152263 ], [ 89.082394, 22.152192 ], [ 89.082338, 22.152127 ], [ 89.082279, 22.152055 ], [ 89.082223, 22.151991 ], [ 89.082163, 22.151918 ], [ 89.082108, 22.151854 ], [ 89.082048, 22.151781 ], [ 89.081993, 22.151718 ], [ 89.081932, 22.151644 ], [ 89.081878, 22.151582 ], [ 89.081817, 22.151508 ], [ 89.081763, 22.151445 ], [ 89.081723, 22.151398 ], [ 89.081632, 22.151322 ], [ 89.081614, 22.151306 ], [ 89.081493, 22.151206 ], [ 89.081475, 22.15119 ], [ 89.081354, 22.151089 ], [ 89.081337, 22.151074 ], [ 89.081215, 22.150973 ], [ 89.081198, 22.150958 ], [ 89.081076, 22.150857 ], [ 89.081059, 22.150842 ], [ 89.080938, 22.150741 ], [ 89.08092, 22.150725 ], [ 89.080799, 22.150624 ], [ 89.080781, 22.150609 ], [ 89.08066, 22.150508 ], [ 89.080643, 22.150493 ], [ 89.080521, 22.150392 ], [ 89.080504, 22.150377 ], [ 89.080382, 22.150275 ], [ 89.080365, 22.150261 ], [ 89.080243, 22.150159 ], [ 89.080234, 22.150151 ], [ 89.080226, 22.150144 ], [ 89.080104, 22.150043 ], [ 89.080088, 22.150028 ], [ 89.079965, 22.149926 ], [ 89.079949, 22.149912 ], [ 89.079826, 22.14981 ], [ 89.07981, 22.149796 ], [ 89.079687, 22.149694 ], [ 89.079671, 22.14968 ], [ 89.079548, 22.149578 ], [ 89.079532, 22.149564 ], [ 89.07941, 22.149461 ], [ 89.079394, 22.149447 ], [ 89.079271, 22.149345 ], [ 89.079255, 22.149331 ], [ 89.079132, 22.149229 ], [ 89.079116, 22.149215 ], [ 89.078993, 22.149112 ], [ 89.078977, 22.149099 ], [ 89.078854, 22.148996 ], [ 89.078838, 22.148983 ], [ 89.078715, 22.14888 ], [ 89.0787, 22.148866 ], [ 89.078576, 22.148764 ], [ 89.078561, 22.14875 ], [ 89.078437, 22.148647 ], [ 89.078422, 22.148634 ], [ 89.078298, 22.148531 ], [ 89.078283, 22.148518 ], [ 89.078144, 22.148402 ], [ 89.078002, 22.148291 ], [ 89.077858, 22.148185 ], [ 89.077711, 22.148083 ], [ 89.077666, 22.148054 ], [ 89.077606, 22.148034 ], [ 89.077428, 22.147978 ], [ 89.07725, 22.147929 ], [ 89.077071, 22.147885 ], [ 89.076892, 22.147848 ], [ 89.076713, 22.147816 ], [ 89.076534, 22.147791 ], [ 89.076355, 22.147771 ], [ 89.076176, 22.147758 ], [ 89.075997, 22.147751 ], [ 89.075817, 22.14775 ], [ 89.075638, 22.147755 ], [ 89.07552, 22.147762 ], [ 89.075458, 22.147764 ], [ 89.075344, 22.147771 ], [ 89.075278, 22.147773 ], [ 89.075169, 22.14778 ], [ 89.075099, 22.147782 ], [ 89.074993, 22.147789 ], [ 89.074919, 22.147791 ], [ 89.074818, 22.147798 ], [ 89.074739, 22.1478 ], [ 89.074642, 22.147806 ], [ 89.074559, 22.147809 ], [ 89.074467, 22.147815 ], [ 89.07438, 22.147818 ], [ 89.074292, 22.147824 ], [ 89.0742, 22.147827 ], [ 89.074116, 22.147833 ], [ 89.07402, 22.147836 ], [ 89.073941, 22.147842 ], [ 89.073841, 22.147845 ], [ 89.073765, 22.14785 ], [ 89.073661, 22.147854 ], [ 89.07359, 22.147859 ], [ 89.073481, 22.147863 ], [ 89.073414, 22.147868 ], [ 89.073302, 22.147872 ], [ 89.073239, 22.147877 ], [ 89.073122, 22.147881 ], [ 89.073113, 22.147882 ], [ 89.073111, 22.147883 ], [ 89.072942, 22.147955 ], [ 89.072777, 22.148032 ], [ 89.072615, 22.148114 ], [ 89.072457, 22.148201 ], [ 89.072303, 22.148292 ], [ 89.072152, 22.148388 ], [ 89.072004, 22.148489 ], [ 89.071861, 22.148595 ], [ 89.07172, 22.148705 ], [ 89.071584, 22.148821 ], [ 89.071451, 22.148941 ], [ 89.071419, 22.148971 ], [ 89.071319, 22.149062 ], [ 89.07129, 22.14909 ], [ 89.071187, 22.149183 ], [ 89.07116, 22.149209 ], [ 89.071055, 22.149305 ], [ 89.071031, 22.149328 ], [ 89.070923, 22.149426 ], [ 89.070901, 22.149447 ], [ 89.070791, 22.149547 ], [ 89.070772, 22.149566 ], [ 89.070658, 22.149669 ], [ 89.070642, 22.149685 ], [ 89.070526, 22.14979 ], [ 89.070513, 22.149803 ], [ 89.070444, 22.149866 ], [ 89.070394, 22.149911 ], [ 89.070383, 22.149922 ], [ 89.070262, 22.150033 ], [ 89.070254, 22.150041 ], [ 89.07013, 22.150154 ], [ 89.070124, 22.15016 ], [ 89.070029, 22.150247 ], [ 89.070005, 22.150288 ], [ 89.069954, 22.150371 ], [ 89.069913, 22.150441 ], [ 89.069859, 22.150527 ], [ 89.069848, 22.150547 ], [ 89.069821, 22.150593 ], [ 89.069765, 22.150684 ], [ 89.069729, 22.150745 ], [ 89.06967, 22.15084 ], [ 89.069637, 22.150897 ], [ 89.069576, 22.150997 ], [ 89.069545, 22.151049 ], [ 89.069481, 22.151153 ], [ 89.069453, 22.151202 ], [ 89.069386, 22.15131 ], [ 89.069361, 22.151354 ], [ 89.069292, 22.151466 ], [ 89.069269, 22.151506 ], [ 89.069197, 22.151623 ], [ 89.069107, 22.151781 ], [ 89.069024, 22.151941 ], [ 89.068946, 22.152104 ], [ 89.068874, 22.152269 ], [ 89.068808, 22.152436 ], [ 89.068801, 22.152454 ], [ 89.068742, 22.152604 ], [ 89.068736, 22.152621 ], [ 89.068677, 22.152771 ], [ 89.068671, 22.152788 ], [ 89.068612, 22.152939 ], [ 89.068606, 22.152954 ], [ 89.068546, 22.153106 ], [ 89.068541, 22.153121 ], [ 89.068481, 22.153274 ], [ 89.068476, 22.153287 ], [ 89.068416, 22.153441 ], [ 89.068411, 22.153454 ], [ 89.068351, 22.153609 ], [ 89.068346, 22.153621 ], [ 89.068285, 22.153776 ], [ 89.068281, 22.153787 ], [ 89.06822, 22.153943 ], [ 89.068216, 22.153954 ], [ 89.068155, 22.154111 ], [ 89.068151, 22.15412 ], [ 89.068089, 22.154278 ], [ 89.068086, 22.154287 ], [ 89.068024, 22.154446 ], [ 89.068021, 22.154454 ], [ 89.067959, 22.154613 ], [ 89.067956, 22.15462 ], [ 89.067894, 22.154781 ], [ 89.067891, 22.154787 ], [ 89.067828, 22.154948 ], [ 89.067826, 22.154953 ], [ 89.067763, 22.155116 ], [ 89.067762, 22.15512 ], [ 89.067698, 22.155283 ], [ 89.067697, 22.155287 ], [ 89.067632, 22.155451 ], [ 89.067632, 22.155453 ], [ 89.067567, 22.155618 ], [ 89.067567, 22.15562 ], [ 89.067502, 22.155786 ], [ 89.067502, 22.155786 ], [ 89.067437, 22.155953 ], [ 89.067437, 22.155953 ], [ 89.067372, 22.15612 ], [ 89.067371, 22.156121 ], [ 89.067307, 22.156286 ], [ 89.067306, 22.156288 ], [ 89.067242, 22.156453 ], [ 89.067241, 22.156455 ], [ 89.067177, 22.15662 ], [ 89.067175, 22.156623 ], [ 89.067112, 22.156786 ], [ 89.06711, 22.15679 ], [ 89.067047, 22.156953 ], [ 89.067045, 22.156958 ], [ 89.066982, 22.157119 ], [ 89.066979, 22.157125 ], [ 89.066917, 22.157286 ], [ 89.066914, 22.157293 ], [ 89.066852, 22.157453 ], [ 89.066849, 22.15746 ], [ 89.066787, 22.157619 ], [ 89.066783, 22.157628 ], [ 89.066722, 22.157786 ], [ 89.066718, 22.157795 ], [ 89.066657, 22.157952 ], [ 89.066653, 22.157963 ], [ 89.066592, 22.158119 ], [ 89.066587, 22.15813 ], [ 89.066527, 22.158286 ], [ 89.066522, 22.158298 ], [ 89.066462, 22.158452 ], [ 89.066457, 22.158465 ], [ 89.066397, 22.158619 ], [ 89.066391, 22.158632 ], [ 89.066332, 22.158786 ], [ 89.066326, 22.1588 ], [ 89.066267, 22.158952 ], [ 89.066261, 22.158967 ], [ 89.066202, 22.159119 ], [ 89.066196, 22.159135 ], [ 89.066137, 22.159285 ], [ 89.06613, 22.159302 ], [ 89.066072, 22.159452 ], [ 89.066065, 22.15947 ], [ 89.066008, 22.159619 ], [ 89.066, 22.159637 ], [ 89.065943, 22.159785 ], [ 89.065934, 22.159805 ], [ 89.065878, 22.159952 ], [ 89.065869, 22.159972 ], [ 89.065813, 22.160118 ], [ 89.065804, 22.16014 ], [ 89.065748, 22.160285 ], [ 89.065738, 22.160307 ], [ 89.065683, 22.160452 ], [ 89.065673, 22.160474 ], [ 89.065618, 22.160618 ], [ 89.065608, 22.160642 ], [ 89.065553, 22.160785 ], [ 89.065542, 22.160809 ], [ 89.065488, 22.160952 ], [ 89.065477, 22.160977 ], [ 89.065423, 22.161118 ], [ 89.065412, 22.161144 ], [ 89.065358, 22.161285 ], [ 89.065346, 22.161312 ], [ 89.065293, 22.161451 ], [ 89.065281, 22.161479 ], [ 89.065228, 22.161618 ], [ 89.065216, 22.161647 ], [ 89.065163, 22.161785 ], [ 89.06515, 22.161814 ], [ 89.065098, 22.161951 ], [ 89.065085, 22.161982 ], [ 89.065033, 22.162118 ], [ 89.06502, 22.162149 ], [ 89.064968, 22.162285 ], [ 89.064955, 22.162317 ], [ 89.064903, 22.162451 ], [ 89.064889, 22.162484 ], [ 89.064838, 22.162618 ], [ 89.064824, 22.162651 ], [ 89.064773, 22.162784 ], [ 89.064759, 22.162819 ], [ 89.064708, 22.162951 ], [ 89.064693, 22.162986 ], [ 89.064643, 22.163118 ], [ 89.064628, 22.163154 ], [ 89.064578, 22.163284 ], [ 89.064563, 22.163321 ], [ 89.064499, 22.163489 ], [ 89.064441, 22.16366 ], [ 89.06439, 22.163833 ], [ 89.064345, 22.164008 ], [ 89.064312, 22.164162 ], [ 89.064306, 22.164185 ], [ 89.064273, 22.164337 ], [ 89.064267, 22.164362 ], [ 89.064235, 22.164513 ], [ 89.064228, 22.16454 ], [ 89.064196, 22.164688 ], [ 89.064188, 22.164717 ], [ 89.064157, 22.164863 ], [ 89.064149, 22.164894 ], [ 89.064118, 22.165038 ], [ 89.06411, 22.165071 ], [ 89.06408, 22.165214 ], [ 89.064071, 22.165249 ], [ 89.064041, 22.165389 ], [ 89.064032, 22.165426 ], [ 89.064002, 22.165564 ], [ 89.063992, 22.165603 ], [ 89.063963, 22.16574 ], [ 89.063953, 22.16578 ], [ 89.063925, 22.165915 ], [ 89.063917, 22.165946 ], [ 89.063914, 22.165958 ], [ 89.063886, 22.16609 ], [ 89.063875, 22.166135 ], [ 89.063847, 22.166265 ], [ 89.063835, 22.166312 ], [ 89.063808, 22.166441 ], [ 89.063796, 22.16649 ], [ 89.06377, 22.166616 ], [ 89.063757, 22.166667 ], [ 89.063731, 22.166791 ], [ 89.063718, 22.166844 ], [ 89.063692, 22.166966 ], [ 89.063679, 22.167021 ], [ 89.06366, 22.167108 ], [ 89.063662, 22.167142 ], [ 89.063662, 22.167182 ], [ 89.063667, 22.167321 ], [ 89.063667, 22.167359 ], [ 89.063672, 22.167499 ], [ 89.063672, 22.167536 ], [ 89.063677, 22.167678 ], [ 89.063677, 22.167714 ], [ 89.063682, 22.167857 ], [ 89.063682, 22.167891 ], [ 89.063687, 22.168035 ], [ 89.063687, 22.168068 ], [ 89.063692, 22.168214 ], [ 89.063692, 22.168246 ], [ 89.063698, 22.168392 ], [ 89.063698, 22.168423 ], [ 89.063703, 22.168571 ], [ 89.063703, 22.168601 ], [ 89.063708, 22.16875 ], [ 89.063708, 22.168778 ], [ 89.063713, 22.168928 ], [ 89.063713, 22.168955 ], [ 89.063718, 22.169107 ], [ 89.063718, 22.169133 ], [ 89.063721, 22.169218 ], [ 89.063723, 22.169285 ], [ 89.063723, 22.16931 ], [ 89.063728, 22.169464 ], [ 89.063728, 22.169487 ], [ 89.063734, 22.169643 ], [ 89.063734, 22.169665 ], [ 89.063739, 22.169821 ], [ 89.063739, 22.169842 ], [ 89.063744, 22.17 ], [ 89.063744, 22.170019 ], [ 89.063749, 22.170178 ], [ 89.063749, 22.170197 ], [ 89.063754, 22.170357 ], [ 89.063754, 22.170374 ], [ 89.063759, 22.170536 ], [ 89.063759, 22.170552 ], [ 89.063764, 22.170714 ], [ 89.063764, 22.170729 ], [ 89.06377, 22.170893 ], [ 89.063769, 22.170906 ], [ 89.063775, 22.171071 ], [ 89.063775, 22.171084 ], [ 89.06378, 22.17125 ], [ 89.06378, 22.171261 ], [ 89.063785, 22.171429 ], [ 89.063785, 22.171438 ], [ 89.06379, 22.171607 ], [ 89.06379, 22.171616 ], [ 89.063795, 22.171786 ], [ 89.063795, 22.171793 ], [ 89.0638, 22.171964 ], [ 89.0638, 22.17197 ], [ 89.063806, 22.172148 ], [ 89.063818, 22.172324 ], [ 89.063836, 22.1725 ], [ 89.063861, 22.172674 ], [ 89.063893, 22.172848 ], [ 89.063932, 22.173021 ], [ 89.063977, 22.173193 ], [ 89.063986, 22.173223 ], [ 89.064023, 22.173365 ], [ 89.064033, 22.173396 ], [ 89.06407, 22.173537 ], [ 89.064079, 22.173569 ], [ 89.064116, 22.173709 ], [ 89.064126, 22.173742 ], [ 89.064162, 22.17388 ], [ 89.064173, 22.173915 ], [ 89.064209, 22.174052 ], [ 89.064219, 22.174088 ], [ 89.064255, 22.174224 ], [ 89.064266, 22.174262 ], [ 89.064301, 22.174396 ], [ 89.064306, 22.174411 ], [ 89.064313, 22.174435 ], [ 89.064348, 22.174568 ], [ 89.064359, 22.174608 ], [ 89.064394, 22.17474 ], [ 89.064406, 22.174781 ], [ 89.06444, 22.174912 ], [ 89.064453, 22.174954 ], [ 89.064486, 22.175083 ], [ 89.064499, 22.175127 ], [ 89.064526, 22.17523 ], [ 89.064558, 22.175295 ], [ 89.064593, 22.175373 ], [ 89.064633, 22.175456 ], [ 89.064668, 22.175534 ], [ 89.064709, 22.175617 ], [ 89.064744, 22.175696 ], [ 89.064763, 22.175735 ], [ 89.064784, 22.175778 ], [ 89.06482, 22.175858 ], [ 89.06486, 22.175939 ], [ 89.064896, 22.17602 ], [ 89.064935, 22.1761 ], [ 89.064972, 22.176182 ], [ 89.065011, 22.176261 ], [ 89.065047, 22.176343 ], [ 89.065086, 22.176423 ], [ 89.065123, 22.176505 ], [ 89.065162, 22.176584 ], [ 89.065199, 22.176667 ], [ 89.065278, 22.176827 ], [ 89.065362, 22.176984 ], [ 89.065451, 22.177139 ], [ 89.065546, 22.177291 ], [ 89.06558, 22.17734 ], [ 89.065643, 22.177441 ], [ 89.065676, 22.17749 ], [ 89.06574, 22.177592 ], [ 89.065773, 22.177641 ], [ 89.065837, 22.177743 ], [ 89.065869, 22.177791 ], [ 89.065934, 22.177893 ], [ 89.065966, 22.177941 ], [ 89.066031, 22.178044 ], [ 89.066063, 22.178091 ], [ 89.066128, 22.178195 ], [ 89.066159, 22.178242 ], [ 89.066225, 22.178345 ], [ 89.066256, 22.178392 ], [ 89.066321, 22.178496 ], [ 89.066353, 22.178542 ], [ 89.066418, 22.178647 ], [ 89.066449, 22.178693 ], [ 89.066515, 22.178797 ], [ 89.066546, 22.178843 ], [ 89.066612, 22.178948 ], [ 89.066643, 22.178993 ], [ 89.066709, 22.179099 ], [ 89.066739, 22.179144 ], [ 89.066806, 22.17925 ], [ 89.066836, 22.179294 ], [ 89.066903, 22.1794 ], [ 89.066933, 22.179444 ], [ 89.067, 22.179551 ], [ 89.067029, 22.179594 ], [ 89.067097, 22.179702 ], [ 89.067126, 22.179745 ], [ 89.067194, 22.179852 ], [ 89.067222, 22.179895 ], [ 89.06729, 22.180003 ], [ 89.067319, 22.180045 ], [ 89.067387, 22.180154 ], [ 89.067416, 22.180196 ], [ 89.067484, 22.180304 ], [ 89.067512, 22.180346 ], [ 89.067581, 22.180455 ], [ 89.067609, 22.180496 ], [ 89.067678, 22.180606 ], [ 89.067706, 22.180647 ], [ 89.067775, 22.180756 ], [ 89.067802, 22.180797 ], [ 89.067872, 22.180907 ], [ 89.067899, 22.180947 ], [ 89.067969, 22.181058 ], [ 89.067996, 22.181097 ], [ 89.068066, 22.181208 ], [ 89.068092, 22.181248 ], [ 89.068163, 22.181359 ], [ 89.068189, 22.181398 ], [ 89.068259, 22.18151 ], [ 89.068285, 22.181548 ], [ 89.068356, 22.18166 ], [ 89.068382, 22.181699 ], [ 89.068453, 22.181811 ], [ 89.068479, 22.181849 ], [ 89.06855, 22.181962 ], [ 89.068575, 22.181999 ], [ 89.068647, 22.182112 ], [ 89.068672, 22.18215 ], [ 89.068744, 22.182263 ], [ 89.068769, 22.1823 ], [ 89.068841, 22.182414 ], [ 89.068865, 22.18245 ], [ 89.068938, 22.182565 ], [ 89.068962, 22.1826 ], [ 89.069035, 22.182715 ], [ 89.069059, 22.182751 ], [ 89.069132, 22.182866 ], [ 89.069155, 22.182901 ], [ 89.069228, 22.183017 ], [ 89.069252, 22.183051 ], [ 89.069325, 22.183167 ], [ 89.069349, 22.183202 ], [ 89.069422, 22.183318 ], [ 89.069445, 22.183352 ], [ 89.069519, 22.183469 ], [ 89.069542, 22.183502 ], [ 89.069616, 22.183619 ], [ 89.069638, 22.183653 ], [ 89.069713, 22.18377 ], [ 89.069735, 22.183803 ], [ 89.06981, 22.183921 ], [ 89.069832, 22.183953 ], [ 89.069907, 22.184071 ], [ 89.069928, 22.184103 ], [ 89.070004, 22.184222 ], [ 89.070025, 22.184254 ], [ 89.070101, 22.184373 ], [ 89.070122, 22.184404 ], [ 89.070197, 22.184523 ], [ 89.070218, 22.184554 ], [ 89.070294, 22.184674 ], [ 89.070315, 22.184705 ], [ 89.070391, 22.184825 ], [ 89.070412, 22.184855 ], [ 89.070488, 22.184975 ], [ 89.070508, 22.185005 ], [ 89.070585, 22.185126 ], [ 89.070605, 22.185156 ], [ 89.070682, 22.185277 ], [ 89.070702, 22.185306 ], [ 89.070779, 22.185428 ], [ 89.070798, 22.185456 ], [ 89.070839, 22.185521 ], [ 89.070856, 22.185558 ], [ 89.070866, 22.185583 ], [ 89.070924, 22.185713 ], [ 89.070938, 22.185747 ], [ 89.070992, 22.185867 ], [ 89.07101, 22.185911 ], [ 89.07106, 22.186021 ], [ 89.071082, 22.186075 ], [ 89.071119, 22.186157 ], [ 89.07112, 22.186159 ], [ 89.071144, 22.186244 ], [ 89.071171, 22.186334 ], [ 89.071195, 22.186418 ], [ 89.071222, 22.186509 ], [ 89.071246, 22.186593 ], [ 89.071274, 22.186684 ], [ 89.071297, 22.186768 ], [ 89.071325, 22.186858 ], [ 89.071348, 22.186942 ], [ 89.071362, 22.186987 ], [ 89.071376, 22.187033 ], [ 89.071399, 22.187117 ], [ 89.071427, 22.187208 ], [ 89.071451, 22.187292 ], [ 89.071479, 22.187383 ], [ 89.071502, 22.187466 ], [ 89.07153, 22.187558 ], [ 89.071553, 22.187641 ], [ 89.071581, 22.187733 ], [ 89.071604, 22.187816 ], [ 89.071632, 22.187908 ], [ 89.071655, 22.18799 ], [ 89.071684, 22.188082 ], [ 89.071706, 22.188165 ], [ 89.071735, 22.188257 ], [ 89.071783, 22.188432 ], [ 89.071826, 22.188608 ], [ 89.071863, 22.188784 ], [ 89.071895, 22.188961 ], [ 89.071921, 22.189138 ], [ 89.071941, 22.189315 ], [ 89.071956, 22.189493 ], [ 89.071966, 22.189672 ], [ 89.07197, 22.189851 ], [ 89.071968, 22.19003 ], [ 89.071961, 22.19021 ], [ 89.071948, 22.190391 ], [ 89.071948, 22.190391 ], [ 89.071935, 22.190569 ], [ 89.071935, 22.190571 ], [ 89.071923, 22.190747 ], [ 89.071922, 22.190752 ], [ 89.07191, 22.190926 ], [ 89.07191, 22.190932 ], [ 89.071897, 22.191104 ], [ 89.071897, 22.191113 ], [ 89.071884, 22.191282 ], [ 89.071884, 22.191293 ], [ 89.071872, 22.191461 ], [ 89.071871, 22.191474 ], [ 89.071859, 22.191639 ], [ 89.071858, 22.191654 ], [ 89.071852, 22.191745 ], [ 89.071846, 22.191817 ], [ 89.071846, 22.191834 ], [ 89.071834, 22.191995 ], [ 89.071833, 22.192015 ], [ 89.071821, 22.192174 ], [ 89.07182, 22.192195 ], [ 89.071808, 22.192352 ], [ 89.071807, 22.192376 ], [ 89.071796, 22.19253 ], [ 89.071794, 22.192556 ], [ 89.071783, 22.192709 ], [ 89.071782, 22.192737 ], [ 89.07177, 22.192887 ], [ 89.071769, 22.192917 ], [ 89.071758, 22.193065 ], [ 89.071756, 22.193098 ], [ 89.071745, 22.193243 ], [ 89.071736, 22.193423 ], [ 89.071732, 22.193603 ], [ 89.071732, 22.193784 ], [ 89.071737, 22.193966 ], [ 89.071746, 22.19415 ], [ 89.07176, 22.194334 ], [ 89.071779, 22.19452 ], [ 89.071802, 22.194707 ], [ 89.07183, 22.194894 ], [ 89.071862, 22.195083 ], [ 89.071899, 22.195273 ], [ 89.07194, 22.195464 ], [ 89.071944, 22.195479 ], [ 89.071982, 22.195655 ], [ 89.071985, 22.195667 ], [ 89.071853, 22.195806 ], [ 89.071716, 22.195955 ], [ 89.071585, 22.196106 ], [ 89.071459, 22.196258 ], [ 89.071337, 22.196411 ], [ 89.071221, 22.196565 ], [ 89.071109, 22.19672 ], [ 89.071002, 22.196876 ], [ 89.0709, 22.197034 ], [ 89.070804, 22.197192 ], [ 89.070742, 22.1973 ], [ 89.07071, 22.197352 ], [ 89.070647, 22.197462 ], [ 89.070617, 22.197511 ], [ 89.070552, 22.197623 ], [ 89.070523, 22.197671 ], [ 89.070457, 22.197785 ], [ 89.070429, 22.19783 ], [ 89.070362, 22.197947 ], [ 89.070336, 22.19799 ], [ 89.070305, 22.198043 ], [ 89.070268, 22.198108 ], [ 89.070242, 22.198149 ], [ 89.070173, 22.19827 ], [ 89.070149, 22.198309 ], [ 89.070078, 22.198431 ], [ 89.070055, 22.198468 ], [ 89.069983, 22.198593 ], [ 89.069962, 22.198627 ], [ 89.069888, 22.198754 ], [ 89.069868, 22.198787 ], [ 89.069794, 22.198916 ], [ 89.069696, 22.199074 ], [ 89.069593, 22.199227 ], [ 89.069487, 22.199375 ], [ 89.069376, 22.199519 ], [ 89.069261, 22.199659 ], [ 89.069142, 22.199793 ], [ 89.069018, 22.199924 ], [ 89.06889, 22.200049 ], [ 89.068759, 22.20017 ], [ 89.068732, 22.200193 ], [ 89.068626, 22.20029 ], [ 89.068599, 22.200313 ], [ 89.068493, 22.20041 ], [ 89.068466, 22.200433 ], [ 89.068361, 22.20053 ], [ 89.068333, 22.200553 ], [ 89.068228, 22.200649 ], [ 89.0682, 22.200673 ], [ 89.068095, 22.200769 ], [ 89.068067, 22.200793 ], [ 89.067962, 22.200889 ], [ 89.067934, 22.200913 ], [ 89.06783, 22.201009 ], [ 89.067801, 22.201033 ], [ 89.067697, 22.201129 ], [ 89.067669, 22.201153 ], [ 89.067564, 22.201249 ], [ 89.067536, 22.201274 ], [ 89.067432, 22.201369 ], [ 89.067403, 22.201394 ], [ 89.067299, 22.201489 ], [ 89.06727, 22.201514 ], [ 89.067166, 22.201609 ], [ 89.067137, 22.201634 ], [ 89.067034, 22.201729 ], [ 89.067004, 22.201754 ], [ 89.066901, 22.201848 ], [ 89.066871, 22.201874 ], [ 89.066768, 22.201968 ], [ 89.066738, 22.201994 ], [ 89.066636, 22.202088 ], [ 89.066605, 22.202114 ], [ 89.066503, 22.202208 ], [ 89.066473, 22.202234 ], [ 89.06637, 22.202328 ], [ 89.06634, 22.202354 ], [ 89.066237, 22.202448 ], [ 89.066207, 22.202474 ], [ 89.066105, 22.202568 ], [ 89.066074, 22.202594 ], [ 89.065972, 22.202688 ], [ 89.065941, 22.202714 ], [ 89.065839, 22.202808 ], [ 89.065808, 22.202834 ], [ 89.065707, 22.202928 ], [ 89.065675, 22.202955 ], [ 89.065574, 22.203048 ], [ 89.065542, 22.203075 ], [ 89.065441, 22.203167 ], [ 89.06541, 22.203195 ], [ 89.065309, 22.203287 ], [ 89.065277, 22.203315 ], [ 89.065176, 22.203407 ], [ 89.065144, 22.203435 ], [ 89.065043, 22.203527 ], [ 89.065011, 22.203555 ], [ 89.064911, 22.203647 ], [ 89.064878, 22.203675 ], [ 89.064778, 22.203767 ], [ 89.064745, 22.203795 ], [ 89.064645, 22.203887 ], [ 89.064612, 22.203915 ], [ 89.064512, 22.204007 ], [ 89.064479, 22.204035 ], [ 89.06438, 22.204127 ], [ 89.064346, 22.204155 ], [ 89.064247, 22.204247 ], [ 89.064214, 22.204275 ], [ 89.064114, 22.204367 ], [ 89.064081, 22.204395 ], [ 89.063982, 22.204486 ], [ 89.063948, 22.204516 ], [ 89.063849, 22.204606 ], [ 89.063815, 22.204636 ], [ 89.063716, 22.204726 ], [ 89.063682, 22.204756 ], [ 89.063584, 22.204846 ], [ 89.063549, 22.204876 ], [ 89.063451, 22.204966 ], [ 89.063416, 22.204996 ], [ 89.063318, 22.205086 ], [ 89.063283, 22.205116 ], [ 89.063186, 22.205206 ], [ 89.063151, 22.205236 ], [ 89.063053, 22.205326 ], [ 89.063018, 22.205356 ], [ 89.06292, 22.205446 ], [ 89.062885, 22.205476 ], [ 89.062787, 22.205566 ], [ 89.062752, 22.205596 ], [ 89.062655, 22.205686 ], [ 89.062619, 22.205716 ], [ 89.062522, 22.205805 ], [ 89.062486, 22.205836 ], [ 89.062389, 22.205925 ], [ 89.062353, 22.205956 ], [ 89.062257, 22.206045 ], [ 89.06222, 22.206076 ], [ 89.062124, 22.206165 ], [ 89.062087, 22.206197 ], [ 89.061991, 22.206285 ], [ 89.061955, 22.206317 ], [ 89.061859, 22.206405 ], [ 89.061822, 22.206437 ], [ 89.061726, 22.206525 ], [ 89.061689, 22.206557 ], [ 89.061593, 22.206645 ], [ 89.061556, 22.206677 ], [ 89.061461, 22.206765 ], [ 89.061423, 22.206797 ], [ 89.061328, 22.206885 ], [ 89.06129, 22.206917 ], [ 89.061195, 22.207004 ], [ 89.061157, 22.207037 ], [ 89.061062, 22.207124 ], [ 89.061024, 22.207157 ], [ 89.06093, 22.207244 ], [ 89.060892, 22.207277 ], [ 89.06085, 22.207316 ], [ 89.060797, 22.207364 ], [ 89.060759, 22.207397 ], [ 89.060664, 22.207484 ], [ 89.060626, 22.207517 ], [ 89.060532, 22.207604 ], [ 89.060493, 22.207637 ], [ 89.060399, 22.207724 ], [ 89.06036, 22.207758 ], [ 89.060266, 22.207844 ], [ 89.060227, 22.207878 ], [ 89.060134, 22.207964 ], [ 89.060094, 22.207998 ], [ 89.060001, 22.208084 ], [ 89.059961, 22.208118 ], [ 89.059868, 22.208204 ], [ 89.059828, 22.208238 ], [ 89.059736, 22.208323 ], [ 89.059696, 22.208358 ], [ 89.059603, 22.208443 ], [ 89.059563, 22.208478 ], [ 89.05947, 22.208563 ], [ 89.05943, 22.208598 ], [ 89.059337, 22.208683 ], [ 89.059297, 22.208718 ], [ 89.059205, 22.208803 ], [ 89.059164, 22.208838 ], [ 89.059072, 22.208923 ], [ 89.059031, 22.208958 ], [ 89.058939, 22.209043 ], [ 89.058898, 22.209078 ], [ 89.058807, 22.209163 ], [ 89.058765, 22.209198 ], [ 89.058674, 22.209283 ], [ 89.058633, 22.209318 ], [ 89.058541, 22.209403 ], [ 89.0585, 22.209439 ], [ 89.058409, 22.209523 ], [ 89.058367, 22.209559 ], [ 89.058276, 22.209642 ], [ 89.058234, 22.209679 ], [ 89.058143, 22.209762 ], [ 89.058101, 22.209799 ], [ 89.058011, 22.209882 ], [ 89.057968, 22.209919 ], [ 89.057878, 22.210002 ], [ 89.057835, 22.210039 ], [ 89.057745, 22.210122 ], [ 89.057702, 22.210159 ], [ 89.057612, 22.210242 ], [ 89.057569, 22.210279 ], [ 89.05748, 22.210362 ], [ 89.057437, 22.210399 ], [ 89.057347, 22.210482 ], [ 89.057304, 22.210519 ], [ 89.057214, 22.210602 ], [ 89.057171, 22.210639 ], [ 89.057082, 22.210722 ], [ 89.057038, 22.210759 ], [ 89.056949, 22.210842 ], [ 89.056905, 22.210879 ], [ 89.056816, 22.210961 ], [ 89.056772, 22.211 ], [ 89.056684, 22.211081 ], [ 89.056639, 22.21112 ], [ 89.056551, 22.211201 ], [ 89.056506, 22.21124 ], [ 89.056418, 22.211321 ], [ 89.056374, 22.21136 ], [ 89.056286, 22.211441 ], [ 89.056241, 22.21148 ], [ 89.056153, 22.211561 ], [ 89.056108, 22.2116 ], [ 89.05602, 22.211681 ], [ 89.055975, 22.21172 ], [ 89.055888, 22.211801 ], [ 89.055842, 22.21184 ], [ 89.055755, 22.211921 ], [ 89.055709, 22.21196 ], [ 89.055622, 22.212041 ], [ 89.055576, 22.21208 ], [ 89.055489, 22.21216 ], [ 89.055443, 22.2122 ], [ 89.055357, 22.21228 ], [ 89.05531, 22.21232 ], [ 89.055224, 22.2124 ], [ 89.055178, 22.21244 ], [ 89.055091, 22.21252 ], [ 89.055045, 22.21256 ], [ 89.054959, 22.21264 ], [ 89.054912, 22.212681 ], [ 89.054826, 22.21276 ], [ 89.054779, 22.212801 ], [ 89.054693, 22.21288 ], [ 89.054646, 22.212921 ], [ 89.054561, 22.213 ], [ 89.054513, 22.213041 ], [ 89.054428, 22.21312 ], [ 89.05438, 22.213161 ], [ 89.054295, 22.21324 ], [ 89.054247, 22.213281 ], [ 89.054162, 22.21336 ], [ 89.054115, 22.213401 ], [ 89.05403, 22.213479 ], [ 89.053982, 22.213521 ], [ 89.053897, 22.213599 ], [ 89.053849, 22.213641 ], [ 89.053764, 22.213719 ], [ 89.053716, 22.213761 ], [ 89.053632, 22.213839 ], [ 89.053583, 22.213881 ], [ 89.053499, 22.213959 ], [ 89.05345, 22.214001 ], [ 89.053366, 22.214079 ], [ 89.053317, 22.214121 ], [ 89.053234, 22.214199 ], [ 89.053184, 22.214242 ], [ 89.053101, 22.214319 ], [ 89.053051, 22.214362 ], [ 89.052968, 22.214439 ], [ 89.052919, 22.214482 ], [ 89.052787, 22.214603 ], [ 89.05266, 22.21473 ], [ 89.052655, 22.214735 ], [ 89.052533, 22.214856 ], [ 89.052527, 22.214862 ], [ 89.052406, 22.214983 ], [ 89.0524, 22.214988 ], [ 89.052278, 22.215109 ], [ 89.052273, 22.215115 ], [ 89.052151, 22.215235 ], [ 89.052145, 22.215242 ], [ 89.052024, 22.215362 ], [ 89.052018, 22.215369 ], [ 89.051897, 22.215488 ], [ 89.05189, 22.215495 ], [ 89.05177, 22.215615 ], [ 89.051763, 22.215622 ], [ 89.051643, 22.215741 ], [ 89.051636, 22.215749 ], [ 89.051515, 22.215868 ], [ 89.051508, 22.215875 ], [ 89.051388, 22.215994 ], [ 89.051381, 22.216002 ], [ 89.051261, 22.216121 ], [ 89.051253, 22.216129 ], [ 89.051134, 22.216247 ], [ 89.051126, 22.216255 ], [ 89.051007, 22.216373 ], [ 89.050999, 22.216382 ], [ 89.05088, 22.2165 ], [ 89.050871, 22.216509 ], [ 89.050752, 22.216626 ], [ 89.050744, 22.216635 ], [ 89.050625, 22.216753 ], [ 89.050616, 22.216762 ], [ 89.050498, 22.216879 ], [ 89.050489, 22.216889 ], [ 89.050371, 22.217006 ], [ 89.050362, 22.217016 ], [ 89.050244, 22.217132 ], [ 89.050234, 22.217142 ], [ 89.050117, 22.217259 ], [ 89.050107, 22.217269 ], [ 89.049989, 22.217385 ], [ 89.049979, 22.217396 ], [ 89.049862, 22.217512 ], [ 89.049852, 22.217522 ], [ 89.049735, 22.217638 ], [ 89.049724, 22.217649 ], [ 89.049608, 22.217764 ], [ 89.049597, 22.217776 ], [ 89.049481, 22.217891 ], [ 89.04947, 22.217902 ], [ 89.049354, 22.218017 ], [ 89.049342, 22.218029 ], [ 89.049226, 22.218144 ], [ 89.049215, 22.218156 ], [ 89.049099, 22.21827 ], [ 89.049087, 22.218283 ], [ 89.048972, 22.218397 ], [ 89.04896, 22.218409 ], [ 89.048845, 22.218523 ], [ 89.048833, 22.218536 ], [ 89.048718, 22.21865 ], [ 89.048705, 22.218663 ], [ 89.048591, 22.218776 ], [ 89.048578, 22.218789 ], [ 89.048463, 22.218902 ], [ 89.04845, 22.218916 ], [ 89.048336, 22.219029 ], [ 89.048323, 22.219043 ], [ 89.048209, 22.219155 ], [ 89.048196, 22.219169 ], [ 89.048082, 22.219282 ], [ 89.048068, 22.219296 ], [ 89.047955, 22.219408 ], [ 89.047941, 22.219423 ], [ 89.047827, 22.219535 ], [ 89.047813, 22.219549 ], [ 89.0477, 22.219661 ], [ 89.047686, 22.219676 ], [ 89.047573, 22.219788 ], [ 89.047559, 22.219803 ], [ 89.047446, 22.219914 ], [ 89.047431, 22.21993 ], [ 89.047319, 22.22004 ], [ 89.047304, 22.220056 ], [ 89.047192, 22.220167 ], [ 89.047176, 22.220183 ], [ 89.047064, 22.220293 ], [ 89.047049, 22.22031 ], [ 89.046937, 22.22042 ], [ 89.046922, 22.220436 ], [ 89.04681, 22.220546 ], [ 89.046794, 22.220563 ], [ 89.046683, 22.220673 ], [ 89.046667, 22.22069 ], [ 89.046556, 22.220799 ], [ 89.046539, 22.220816 ], [ 89.046429, 22.220926 ], [ 89.046412, 22.220943 ], [ 89.046301, 22.221052 ], [ 89.046284, 22.22107 ], [ 89.046174, 22.221178 ], [ 89.046157, 22.221197 ], [ 89.046047, 22.221305 ], [ 89.04603, 22.221323 ], [ 89.04592, 22.221431 ], [ 89.045902, 22.22145 ], [ 89.045793, 22.221558 ], [ 89.045775, 22.221577 ], [ 89.045666, 22.221684 ], [ 89.045647, 22.221703 ], [ 89.045538, 22.221811 ], [ 89.04552, 22.22183 ], [ 89.045411, 22.221937 ], [ 89.045393, 22.221957 ], [ 89.045284, 22.222064 ], [ 89.045265, 22.222083 ], [ 89.045157, 22.22219 ], [ 89.045138, 22.22221 ], [ 89.04503, 22.222316 ], [ 89.04501, 22.222337 ], [ 89.044903, 22.222443 ], [ 89.044883, 22.222463 ], [ 89.044775, 22.222569 ], [ 89.044756, 22.22259 ], [ 89.044648, 22.222696 ], [ 89.044628, 22.222717 ], [ 89.044521, 22.222822 ], [ 89.044501, 22.222844 ], [ 89.044394, 22.222949 ], [ 89.044373, 22.22297 ], [ 89.044267, 22.223075 ], [ 89.044246, 22.223097 ], [ 89.04414, 22.223202 ], [ 89.044119, 22.223224 ], [ 89.044013, 22.223328 ], [ 89.043991, 22.22335 ], [ 89.043885, 22.223455 ], [ 89.043864, 22.223477 ], [ 89.043758, 22.223581 ], [ 89.043736, 22.223604 ], [ 89.043631, 22.223707 ], [ 89.043609, 22.22373 ], [ 89.043504, 22.223834 ], [ 89.043481, 22.223857 ], [ 89.043377, 22.22396 ], [ 89.043354, 22.223984 ], [ 89.04325, 22.224087 ], [ 89.043227, 22.224111 ], [ 89.043122, 22.224213 ], [ 89.043099, 22.224237 ], [ 89.042995, 22.22434 ], [ 89.042972, 22.224364 ], [ 89.042868, 22.224466 ], [ 89.042844, 22.224491 ], [ 89.042741, 22.224593 ], [ 89.042717, 22.224617 ], [ 89.042614, 22.224719 ], [ 89.04259, 22.224744 ], [ 89.042487, 22.224845 ], [ 89.042462, 22.224871 ], [ 89.042359, 22.224972 ], [ 89.042335, 22.224997 ], [ 89.042232, 22.225098 ], [ 89.042225, 22.225106 ], [ 89.04221, 22.225126 ], [ 89.042121, 22.22524 ], [ 89.042099, 22.225268 ], [ 89.042014, 22.225377 ], [ 89.04191, 22.225516 ], [ 89.04181, 22.225658 ], [ 89.041714, 22.225802 ], [ 89.041622, 22.225948 ], [ 89.041566, 22.226042 ], [ 89.041531, 22.226096 ], [ 89.041472, 22.226195 ], [ 89.041441, 22.226244 ], [ 89.041379, 22.226348 ], [ 89.041351, 22.226393 ], [ 89.041286, 22.226501 ], [ 89.041261, 22.226541 ], [ 89.041192, 22.226654 ], [ 89.04117, 22.226689 ], [ 89.041099, 22.226808 ], [ 89.04108, 22.226837 ], [ 89.041005, 22.226961 ], [ 89.04099, 22.226985 ], [ 89.040912, 22.227114 ], [ 89.0409, 22.227133 ], [ 89.040827, 22.227253 ], [ 89.040818, 22.227267 ], [ 89.040809, 22.227281 ], [ 89.040725, 22.22742 ], [ 89.040719, 22.227429 ], [ 89.040632, 22.227573 ], [ 89.040629, 22.227577 ], [ 89.040539, 22.227725 ], [ 89.040538, 22.227726 ], [ 89.040448, 22.227874 ], [ 89.040445, 22.227879 ], [ 89.040358, 22.228022 ], [ 89.040352, 22.228032 ], [ 89.040268, 22.22817 ], [ 89.040258, 22.228186 ], [ 89.040237, 22.22822 ], [ 89.040207, 22.228283 ], [ 89.040178, 22.228346 ], [ 89.040131, 22.228444 ], [ 89.040102, 22.228509 ], [ 89.040055, 22.228605 ], [ 89.040025, 22.228671 ], [ 89.039979, 22.228766 ], [ 89.039949, 22.228834 ], [ 89.039904, 22.228927 ], [ 89.039872, 22.228997 ], [ 89.039828, 22.229089 ], [ 89.039796, 22.229159 ], [ 89.039752, 22.22925 ], [ 89.039719, 22.229322 ], [ 89.039676, 22.229411 ], [ 89.039643, 22.229484 ], [ 89.0396, 22.229572 ], [ 89.039566, 22.229647 ], [ 89.039524, 22.229733 ], [ 89.03949, 22.229809 ], [ 89.039448, 22.229895 ], [ 89.039413, 22.229972 ], [ 89.039373, 22.230056 ], [ 89.039337, 22.230135 ], [ 89.039297, 22.230217 ], [ 89.03926, 22.230297 ], [ 89.039221, 22.230378 ], [ 89.039184, 22.23046 ], [ 89.039145, 22.230539 ], [ 89.039107, 22.230622 ], [ 89.039069, 22.2307 ], [ 89.039031, 22.230785 ], [ 89.038993, 22.230862 ], [ 89.038954, 22.230948 ], [ 89.038918, 22.231023 ], [ 89.038878, 22.23111 ], [ 89.038842, 22.231184 ], [ 89.038801, 22.231273 ], [ 89.038766, 22.231345 ], [ 89.038725, 22.231435 ], [ 89.03869, 22.231506 ], [ 89.038648, 22.231598 ], [ 89.038614, 22.231668 ], [ 89.038572, 22.23176 ], [ 89.038538, 22.231829 ], [ 89.038495, 22.231923 ], [ 89.038462, 22.23199 ], [ 89.038419, 22.232086 ], [ 89.038387, 22.232151 ], [ 89.038342, 22.232248 ], [ 89.038311, 22.232312 ], [ 89.038266, 22.232411 ], [ 89.038235, 22.232474 ], [ 89.038189, 22.232573 ], [ 89.038159, 22.232635 ], [ 89.038113, 22.232736 ], [ 89.038083, 22.232796 ], [ 89.038036, 22.232898 ], [ 89.038007, 22.232957 ], [ 89.03796, 22.233061 ], [ 89.037932, 22.233118 ], [ 89.037883, 22.233224 ], [ 89.037856, 22.233279 ], [ 89.037807, 22.233386 ], [ 89.03778, 22.233441 ], [ 89.03773, 22.233549 ], [ 89.037704, 22.233602 ], [ 89.037654, 22.233711 ], [ 89.037628, 22.233763 ], [ 89.037577, 22.233874 ], [ 89.037552, 22.233924 ], [ 89.037511, 22.234015 ], [ 89.037505, 22.234039 ], [ 89.037482, 22.234116 ], [ 89.037456, 22.234217 ], [ 89.037433, 22.234293 ], [ 89.037407, 22.234395 ], [ 89.037385, 22.23447 ], [ 89.037358, 22.234573 ], [ 89.037336, 22.234648 ], [ 89.037309, 22.234751 ], [ 89.037287, 22.234825 ], [ 89.03726, 22.234929 ], [ 89.037248, 22.234969 ], [ 89.037239, 22.235002 ], [ 89.037211, 22.235107 ], [ 89.03719, 22.235179 ], [ 89.037162, 22.235285 ], [ 89.037141, 22.235356 ], [ 89.037114, 22.235463 ], [ 89.037093, 22.235534 ], [ 89.037065, 22.235641 ], [ 89.037044, 22.235711 ], [ 89.037016, 22.235819 ], [ 89.036995, 22.235888 ], [ 89.036967, 22.235997 ], [ 89.036947, 22.236065 ], [ 89.036918, 22.236175 ], [ 89.036898, 22.236242 ], [ 89.036869, 22.236354 ], [ 89.036849, 22.23642 ], [ 89.036803, 22.236597 ], [ 89.036764, 22.236774 ], [ 89.036732, 22.236952 ], [ 89.036707, 22.23713 ], [ 89.036689, 22.237308 ], [ 89.03668, 22.237469 ], [ 89.036678, 22.237486 ], [ 89.036668, 22.237648 ], [ 89.036666, 22.237664 ], [ 89.036656, 22.237827 ], [ 89.036655, 22.237842 ], [ 89.036645, 22.238005 ], [ 89.036643, 22.23802 ], [ 89.036633, 22.238184 ], [ 89.036632, 22.238199 ], [ 89.036622, 22.238363 ], [ 89.03662, 22.238377 ], [ 89.03661, 22.238541 ], [ 89.036609, 22.238555 ], [ 89.036598, 22.23872 ], [ 89.036597, 22.238733 ], [ 89.036587, 22.238899 ], [ 89.036585, 22.238911 ], [ 89.036575, 22.239077 ], [ 89.036574, 22.239089 ], [ 89.036563, 22.239256 ], [ 89.036562, 22.239267 ], [ 89.036552, 22.239435 ], [ 89.036551, 22.239446 ], [ 89.03654, 22.239613 ], [ 89.036539, 22.239624 ], [ 89.036529, 22.239792 ], [ 89.036528, 22.239802 ], [ 89.036517, 22.239971 ], [ 89.036516, 22.23998 ], [ 89.036505, 22.240149 ], [ 89.036504, 22.240158 ], [ 89.036494, 22.240328 ], [ 89.036493, 22.240336 ], [ 89.036482, 22.240507 ], [ 89.036481, 22.240514 ], [ 89.036471, 22.240685 ], [ 89.03647, 22.240692 ], [ 89.036459, 22.240864 ], [ 89.036458, 22.240871 ], [ 89.036447, 22.241042 ], [ 89.036447, 22.241049 ], [ 89.036436, 22.241221 ], [ 89.036435, 22.241227 ], [ 89.036424, 22.2414 ], [ 89.036423, 22.241405 ], [ 89.036412, 22.241578 ], [ 89.036412, 22.241583 ], [ 89.036401, 22.241757 ], [ 89.0364, 22.241761 ], [ 89.036389, 22.241936 ], [ 89.036389, 22.241939 ], [ 89.036378, 22.242109 ], [ 89.036378, 22.242114 ], [ 89.036377, 22.242118 ], [ 89.036366, 22.242293 ], [ 89.036366, 22.242296 ], [ 89.036354, 22.242472 ], [ 89.036354, 22.242474 ], [ 89.036343, 22.24265 ], [ 89.036343, 22.242652 ], [ 89.036331, 22.242829 ], [ 89.036331, 22.24283 ], [ 89.036319, 22.243008 ], [ 89.036319, 22.243008 ], [ 89.036308, 22.243186 ], [ 89.036308, 22.243186 ], [ 89.036296, 22.243365 ], [ 89.036296, 22.243365 ], [ 89.036285, 22.243543 ], [ 89.036285, 22.243544 ], [ 89.036273, 22.243721 ], [ 89.036273, 22.243722 ], [ 89.036262, 22.243899 ], [ 89.036261, 22.243901 ], [ 89.03625, 22.244077 ], [ 89.03625, 22.24408 ], [ 89.036238, 22.244255 ], [ 89.036238, 22.244258 ], [ 89.036227, 22.244433 ], [ 89.036227, 22.244437 ], [ 89.036215, 22.244612 ], [ 89.036215, 22.244616 ], [ 89.036204, 22.24479 ], [ 89.036204, 22.244794 ], [ 89.036192, 22.244968 ], [ 89.036192, 22.244973 ], [ 89.03618, 22.245146 ], [ 89.03618, 22.245152 ], [ 89.036169, 22.245324 ], [ 89.036169, 22.24533 ], [ 89.036157, 22.245502 ], [ 89.036157, 22.245509 ], [ 89.036146, 22.24568 ], [ 89.036146, 22.245688 ], [ 89.036134, 22.245859 ], [ 89.036134, 22.245866 ], [ 89.036123, 22.246037 ], [ 89.036122, 22.246045 ], [ 89.036111, 22.246215 ], [ 89.036111, 22.246224 ], [ 89.036099, 22.246393 ], [ 89.036099, 22.246402 ], [ 89.036088, 22.246571 ], [ 89.036088, 22.246581 ], [ 89.036076, 22.246749 ], [ 89.036076, 22.24676 ], [ 89.036064, 22.246938 ], [ 89.036043, 22.247116 ], [ 89.036034, 22.247173 ], [ 89.03602, 22.247293 ], [ 89.036011, 22.247351 ], [ 89.035997, 22.247471 ], [ 89.035987, 22.247529 ], [ 89.035974, 22.247648 ], [ 89.035964, 22.247707 ], [ 89.03595, 22.247826 ], [ 89.035941, 22.247884 ], [ 89.035927, 22.248003 ], [ 89.035917, 22.248062 ], [ 89.035904, 22.24818 ], [ 89.035894, 22.24824 ], [ 89.03588, 22.248358 ], [ 89.035871, 22.248418 ], [ 89.035857, 22.248535 ], [ 89.035847, 22.248596 ], [ 89.035834, 22.248713 ], [ 89.035824, 22.248774 ], [ 89.035811, 22.24889 ], [ 89.035801, 22.248951 ], [ 89.035787, 22.249068 ], [ 89.035777, 22.249129 ], [ 89.035764, 22.249245 ], [ 89.035754, 22.249307 ], [ 89.035741, 22.249422 ], [ 89.035731, 22.249485 ], [ 89.035718, 22.2496 ], [ 89.035707, 22.249663 ], [ 89.035694, 22.249777 ], [ 89.035684, 22.249841 ], [ 89.035671, 22.249955 ], [ 89.035661, 22.250018 ], [ 89.035648, 22.250132 ], [ 89.035637, 22.250196 ], [ 89.035624, 22.25031 ], [ 89.035614, 22.250374 ], [ 89.035601, 22.250487 ], [ 89.035591, 22.250552 ], [ 89.035578, 22.250664 ], [ 89.035573, 22.250693 ], [ 89.035567, 22.25073 ], [ 89.035555, 22.250842 ], [ 89.035544, 22.250908 ], [ 89.035531, 22.251019 ], [ 89.035521, 22.251085 ], [ 89.035508, 22.251197 ], [ 89.035498, 22.251263 ], [ 89.035485, 22.251374 ], [ 89.035474, 22.251441 ], [ 89.035462, 22.251552 ], [ 89.035451, 22.251619 ], [ 89.035438, 22.251729 ], [ 89.035428, 22.251797 ], [ 89.035415, 22.251906 ], [ 89.035404, 22.251975 ], [ 89.035392, 22.252084 ], [ 89.035381, 22.252152 ], [ 89.035369, 22.252261 ], [ 89.035358, 22.25233 ], [ 89.035345, 22.252439 ], [ 89.035334, 22.252508 ], [ 89.035322, 22.252616 ], [ 89.035311, 22.252686 ], [ 89.035299, 22.252794 ], [ 89.035288, 22.252864 ], [ 89.035275, 22.252971 ], [ 89.035264, 22.253042 ], [ 89.035252, 22.253148 ], [ 89.035241, 22.253219 ], [ 89.035229, 22.253326 ], [ 89.035218, 22.253397 ], [ 89.035206, 22.253503 ], [ 89.035194, 22.253575 ], [ 89.035182, 22.253681 ], [ 89.035171, 22.253753 ], [ 89.035159, 22.253858 ], [ 89.035148, 22.253931 ], [ 89.035137, 22.254027 ], [ 89.035114, 22.254107 ], [ 89.035095, 22.254182 ], [ 89.035067, 22.254281 ], [ 89.03505, 22.254352 ], [ 89.03502, 22.254455 ], [ 89.035004, 22.254521 ], [ 89.034973, 22.254629 ], [ 89.034958, 22.25469 ], [ 89.034926, 22.254803 ], [ 89.034913, 22.254859 ], [ 89.034879, 22.254977 ], [ 89.034867, 22.255028 ], [ 89.034832, 22.255152 ], [ 89.034821, 22.255197 ], [ 89.034785, 22.255326 ], [ 89.034776, 22.255366 ], [ 89.034751, 22.255456 ], [ 89.034738, 22.2555 ], [ 89.03473, 22.255535 ], [ 89.034691, 22.255674 ], [ 89.034685, 22.255704 ], [ 89.034645, 22.255848 ], [ 89.034639, 22.255873 ], [ 89.034598, 22.256022 ], [ 89.034593, 22.256042 ], [ 89.034551, 22.256196 ], [ 89.034548, 22.256212 ], [ 89.034504, 22.25637 ], [ 89.034502, 22.256381 ], [ 89.034457, 22.256545 ], [ 89.034456, 22.25655 ], [ 89.03441, 22.256719 ], [ 89.034365, 22.256888 ], [ 89.034363, 22.256893 ], [ 89.03432, 22.257057 ], [ 89.034316, 22.257067 ], [ 89.034274, 22.257226 ], [ 89.034221, 22.257392 ], [ 89.034159, 22.257555 ], [ 89.034089, 22.257715 ], [ 89.034011, 22.257871 ], [ 89.033925, 22.258024 ], [ 89.033866, 22.258116 ], [ 89.033764, 22.25819 ], [ 89.033613, 22.258288 ], [ 89.033459, 22.258377 ], [ 89.0333, 22.258458 ], [ 89.033137, 22.258531 ], [ 89.03297, 22.258595 ], [ 89.032798, 22.258651 ], [ 89.03275, 22.258665 ], [ 89.032626, 22.258705 ], [ 89.032584, 22.258716 ], [ 89.032453, 22.258759 ], [ 89.032418, 22.258768 ], [ 89.032281, 22.258812 ], [ 89.032253, 22.25882 ], [ 89.032108, 22.258866 ], [ 89.032087, 22.258872 ], [ 89.031935, 22.25892 ], [ 89.031921, 22.258923 ], [ 89.031909, 22.258927 ], [ 89.031763, 22.258973 ], [ 89.031755, 22.258975 ], [ 89.03159, 22.259027 ], [ 89.031589, 22.259027 ], [ 89.031433, 22.259076 ], [ 89.031423, 22.259076 ], [ 89.031298, 22.259087 ], [ 89.031252, 22.259089 ], [ 89.031128, 22.2591 ], [ 89.031081, 22.259102 ], [ 89.030958, 22.259113 ], [ 89.03091, 22.259116 ], [ 89.030788, 22.259127 ], [ 89.03076, 22.259128 ], [ 89.030739, 22.259129 ], [ 89.030619, 22.25914 ], [ 89.030568, 22.259142 ], [ 89.030449, 22.259153 ], [ 89.030397, 22.259155 ], [ 89.030279, 22.259166 ], [ 89.030226, 22.259168 ], [ 89.03011, 22.259179 ], [ 89.030055, 22.259182 ], [ 89.02994, 22.259192 ], [ 89.029884, 22.259195 ], [ 89.02977, 22.259205 ], [ 89.029713, 22.259208 ], [ 89.029646, 22.259214 ], [ 89.02949, 22.259186 ], [ 89.029311, 22.259145 ], [ 89.029136, 22.259096 ], [ 89.028965, 22.259039 ], [ 89.028798, 22.258973 ], [ 89.028635, 22.258899 ], [ 89.028477, 22.258817 ], [ 89.028362, 22.25875 ], [ 89.028321, 22.258729 ], [ 89.028206, 22.258662 ], [ 89.028165, 22.258641 ], [ 89.028051, 22.258574 ], [ 89.02801, 22.258553 ], [ 89.027895, 22.258486 ], [ 89.027854, 22.258465 ], [ 89.027739, 22.258397 ], [ 89.027699, 22.258376 ], [ 89.027584, 22.258309 ], [ 89.027543, 22.258288 ], [ 89.027428, 22.258221 ], [ 89.027388, 22.2582 ], [ 89.027273, 22.258133 ], [ 89.027232, 22.258112 ], [ 89.027117, 22.258045 ], [ 89.027077, 22.258024 ], [ 89.026961, 22.257957 ], [ 89.026921, 22.257936 ], [ 89.026806, 22.257869 ], [ 89.026765, 22.257848 ], [ 89.02665, 22.25778 ], [ 89.02661, 22.257759 ], [ 89.026495, 22.257692 ], [ 89.026454, 22.257671 ], [ 89.026339, 22.257604 ], [ 89.026299, 22.257583 ], [ 89.026183, 22.257516 ], [ 89.026143, 22.257495 ], [ 89.026028, 22.257428 ], [ 89.025988, 22.257407 ], [ 89.025872, 22.25734 ], [ 89.025832, 22.257319 ], [ 89.025717, 22.257251 ], [ 89.025676, 22.257231 ], [ 89.025561, 22.257163 ], [ 89.025521, 22.257142 ], [ 89.025405, 22.257075 ], [ 89.025365, 22.257054 ], [ 89.02525, 22.256987 ], [ 89.02521, 22.256966 ], [ 89.025094, 22.256899 ], [ 89.025054, 22.256878 ], [ 89.024938, 22.256811 ], [ 89.024899, 22.25679 ], [ 89.024783, 22.256722 ], [ 89.024743, 22.256702 ], [ 89.024627, 22.256634 ], [ 89.024588, 22.256614 ], [ 89.024472, 22.256546 ], [ 89.024432, 22.256525 ], [ 89.024316, 22.256458 ], [ 89.024276, 22.256437 ], [ 89.024219, 22.256404 ], [ 89.02416, 22.25637 ], [ 89.024121, 22.256349 ], [ 89.024005, 22.256282 ], [ 89.023965, 22.256261 ], [ 89.023849, 22.256194 ], [ 89.02381, 22.256173 ], [ 89.023694, 22.256105 ], [ 89.023654, 22.256085 ], [ 89.023538, 22.256017 ], [ 89.023499, 22.255997 ], [ 89.023382, 22.255929 ], [ 89.023343, 22.255908 ], [ 89.023227, 22.255841 ], [ 89.023188, 22.25582 ], [ 89.023071, 22.255753 ], [ 89.023032, 22.255732 ], [ 89.022916, 22.255665 ], [ 89.022876, 22.255644 ], [ 89.02276, 22.255576 ], [ 89.022721, 22.255556 ], [ 89.022604, 22.255488 ], [ 89.022565, 22.255468 ], [ 89.022449, 22.2554 ], [ 89.02241, 22.25538 ], [ 89.022293, 22.255312 ], [ 89.022254, 22.255291 ], [ 89.022138, 22.255224 ], [ 89.022099, 22.255203 ], [ 89.021982, 22.255136 ], [ 89.021943, 22.255115 ], [ 89.021826, 22.255047 ], [ 89.021787, 22.255027 ], [ 89.021671, 22.254959 ], [ 89.021632, 22.254939 ], [ 89.021515, 22.254871 ], [ 89.021476, 22.254851 ], [ 89.02136, 22.254783 ], [ 89.021321, 22.254763 ], [ 89.021204, 22.254695 ], [ 89.021165, 22.254675 ], [ 89.021048, 22.254607 ], [ 89.02101, 22.254586 ], [ 89.020893, 22.254519 ], [ 89.020854, 22.254498 ], [ 89.020737, 22.25443 ], [ 89.020699, 22.25441 ], [ 89.020581, 22.254342 ], [ 89.020543, 22.254322 ], [ 89.020426, 22.254254 ], [ 89.020387, 22.254234 ], [ 89.020273, 22.254168 ], [ 89.020228, 22.254154 ], [ 89.020111, 22.254115 ], [ 89.020056, 22.254098 ], [ 89.019941, 22.254059 ], [ 89.01977, 22.254009 ], [ 89.019598, 22.253966 ], [ 89.019425, 22.253931 ], [ 89.019251, 22.253902 ], [ 89.019075, 22.253881 ], [ 89.019038, 22.253878 ], [ 89.018899, 22.253862 ], [ 89.018862, 22.253859 ], [ 89.018723, 22.253842 ], [ 89.018686, 22.253839 ], [ 89.018548, 22.253823 ], [ 89.01851, 22.25382 ], [ 89.018372, 22.253803 ], [ 89.018334, 22.2538 ], [ 89.018196, 22.253784 ], [ 89.018158, 22.253781 ], [ 89.01802, 22.253764 ], [ 89.017983, 22.253761 ], [ 89.017844, 22.253745 ], [ 89.017807, 22.253742 ], [ 89.017668, 22.253725 ], [ 89.017631, 22.253722 ], [ 89.017493, 22.253706 ], [ 89.017455, 22.253703 ], [ 89.017317, 22.253686 ], [ 89.017279, 22.253683 ], [ 89.017141, 22.253667 ], [ 89.017103, 22.253664 ], [ 89.016965, 22.253647 ], [ 89.016927, 22.253644 ], [ 89.016789, 22.253628 ], [ 89.016751, 22.253625 ], [ 89.016614, 22.253608 ], [ 89.016437, 22.253594 ], [ 89.016259, 22.253587 ], [ 89.01608, 22.253587 ], [ 89.015932, 22.253592 ], [ 89.015808, 22.253674 ], [ 89.01566, 22.253781 ], [ 89.015518, 22.253892 ], [ 89.015381, 22.254008 ], [ 89.015251, 22.254129 ], [ 89.015125, 22.254254 ], [ 89.015006, 22.254384 ], [ 89.014892, 22.254518 ], [ 89.014784, 22.254657 ], [ 89.014682, 22.254801 ], [ 89.014585, 22.254949 ], [ 89.014494, 22.255102 ], [ 89.014409, 22.25526 ], [ 89.01433, 22.255422 ], [ 89.014256, 22.255589 ], [ 89.014188, 22.255761 ], [ 89.014125, 22.255937 ], [ 89.014074, 22.2561 ], [ 89.01408, 22.25624 ], [ 89.014092, 22.256413 ], [ 89.014111, 22.256587 ], [ 89.014136, 22.25676 ], [ 89.014166, 22.256934 ], [ 89.014203, 22.257108 ], [ 89.014246, 22.257283 ], [ 89.014264, 22.257348 ], [ 89.014291, 22.257458 ], [ 89.01431, 22.257528 ], [ 89.014335, 22.257628 ], [ 89.014351, 22.257654 ], [ 89.014379, 22.257694 ], [ 89.014449, 22.257803 ], [ 89.014476, 22.257843 ], [ 89.014546, 22.257952 ], [ 89.014573, 22.257991 ], [ 89.014644, 22.258101 ], [ 89.014671, 22.25814 ], [ 89.014742, 22.25825 ], [ 89.014768, 22.258289 ], [ 89.014839, 22.2584 ], [ 89.014865, 22.258437 ], [ 89.014937, 22.258549 ], [ 89.014962, 22.258586 ], [ 89.015034, 22.258698 ], [ 89.015059, 22.258734 ], [ 89.015132, 22.258847 ], [ 89.015157, 22.258883 ], [ 89.015229, 22.258996 ], [ 89.015254, 22.259032 ], [ 89.015327, 22.259145 ], [ 89.015351, 22.25918 ], [ 89.015425, 22.259295 ], [ 89.015448, 22.259329 ], [ 89.015522, 22.259444 ], [ 89.015545, 22.259477 ], [ 89.01562, 22.259593 ], [ 89.015643, 22.259626 ], [ 89.015717, 22.259742 ], [ 89.01574, 22.259775 ], [ 89.015815, 22.259891 ], [ 89.015837, 22.259923 ], [ 89.015913, 22.260041 ], [ 89.015934, 22.260072 ], [ 89.01601, 22.26019 ], [ 89.016031, 22.26022 ], [ 89.016108, 22.260339 ], [ 89.016129, 22.260369 ], [ 89.016205, 22.260488 ], [ 89.016226, 22.260518 ], [ 89.016303, 22.260637 ], [ 89.016323, 22.260666 ], [ 89.0164, 22.260786 ], [ 89.01642, 22.260815 ], [ 89.016498, 22.260936 ], [ 89.016517, 22.260963 ], [ 89.016596, 22.261085 ], [ 89.016615, 22.261112 ], [ 89.016693, 22.261234 ], [ 89.016712, 22.261261 ], [ 89.016791, 22.261383 ], [ 89.016809, 22.261409 ], [ 89.016888, 22.261532 ], [ 89.016906, 22.261558 ], [ 89.016986, 22.261681 ], [ 89.017003, 22.261706 ], [ 89.017084, 22.261831 ], [ 89.017101, 22.261855 ], [ 89.017181, 22.26198 ], [ 89.017198, 22.262004 ], [ 89.017279, 22.262129 ], [ 89.017295, 22.262152 ], [ 89.017376, 22.262278 ], [ 89.017392, 22.262301 ], [ 89.017474, 22.262427 ], [ 89.017489, 22.262449 ], [ 89.017572, 22.262576 ], [ 89.017587, 22.262598 ], [ 89.017669, 22.262726 ], [ 89.017684, 22.262747 ], [ 89.017767, 22.262875 ], [ 89.017781, 22.262895 ], [ 89.017864, 22.263024 ], [ 89.017878, 22.263044 ], [ 89.017962, 22.263173 ], [ 89.017975, 22.263192 ], [ 89.018059, 22.263322 ], [ 89.018072, 22.263341 ], [ 89.018157, 22.263471 ], [ 89.01817, 22.26349 ], [ 89.018255, 22.263621 ], [ 89.018267, 22.263638 ], [ 89.018352, 22.26377 ], [ 89.018364, 22.263787 ], [ 89.01845, 22.263919 ], [ 89.018461, 22.263935 ], [ 89.018547, 22.264068 ], [ 89.018558, 22.264084 ], [ 89.018645, 22.264217 ], [ 89.018656, 22.264233 ], [ 89.018743, 22.264366 ], [ 89.018753, 22.264381 ], [ 89.01884, 22.264516 ], [ 89.01885, 22.26453 ], [ 89.018938, 22.264665 ], [ 89.018947, 22.264678 ], [ 89.019035, 22.264814 ], [ 89.019044, 22.264827 ], [ 89.019133, 22.264963 ], [ 89.019142, 22.264976 ], [ 89.019224, 22.265102 ], [ 89.019226, 22.265115 ], [ 89.019256, 22.26525 ], [ 89.019262, 22.265286 ], [ 89.019266, 22.265305 ], [ 89.019295, 22.265437 ], [ 89.019305, 22.265494 ], [ 89.019334, 22.265623 ], [ 89.019345, 22.265684 ], [ 89.019373, 22.26581 ], [ 89.019384, 22.265873 ], [ 89.019412, 22.265996 ], [ 89.019424, 22.266063 ], [ 89.019451, 22.266183 ], [ 89.019463, 22.266252 ], [ 89.01949, 22.26637 ], [ 89.019503, 22.266442 ], [ 89.019529, 22.266556 ], [ 89.019562, 22.266742 ], [ 89.019587, 22.266926 ], [ 89.019602, 22.267108 ], [ 89.019609, 22.267288 ], [ 89.019606, 22.267466 ], [ 89.019595, 22.267643 ], [ 89.019574, 22.267818 ], [ 89.019545, 22.267991 ], [ 89.019506, 22.268162 ], [ 89.019459, 22.268332 ], [ 89.019403, 22.2685 ], [ 89.019337, 22.268666 ], [ 89.019263, 22.26883 ], [ 89.01918, 22.268992 ], [ 89.019087, 22.269153 ], [ 89.018986, 22.269312 ], [ 89.018949, 22.269365 ], [ 89.018882, 22.26947 ], [ 89.018842, 22.269527 ], [ 89.018778, 22.269628 ], [ 89.018743, 22.269679 ], [ 89.018734, 22.269685 ], [ 89.018701, 22.269712 ], [ 89.018592, 22.269795 ], [ 89.018562, 22.269819 ], [ 89.01845, 22.269905 ], [ 89.018424, 22.269926 ], [ 89.018308, 22.270015 ], [ 89.018285, 22.270034 ], [ 89.018166, 22.270125 ], [ 89.018146, 22.270141 ], [ 89.018023, 22.270234 ], [ 89.018008, 22.270248 ], [ 89.017881, 22.270344 ], [ 89.017869, 22.270355 ], [ 89.017821, 22.270392 ], [ 89.017739, 22.270454 ], [ 89.01773, 22.270462 ], [ 89.017597, 22.270564 ], [ 89.017591, 22.270569 ], [ 89.017455, 22.270674 ], [ 89.017453, 22.270676 ], [ 89.017314, 22.270783 ], [ 89.017313, 22.270784 ], [ 89.017176, 22.27089 ], [ 89.017171, 22.270894 ], [ 89.017037, 22.270998 ], [ 89.017029, 22.271003 ], [ 89.016898, 22.271105 ], [ 89.016888, 22.271112 ], [ 89.016887, 22.271113 ], [ 89.016868, 22.271123 ], [ 89.016726, 22.271195 ], [ 89.016708, 22.271205 ], [ 89.016565, 22.271278 ], [ 89.016547, 22.271288 ], [ 89.016404, 22.27136 ], [ 89.016387, 22.27137 ], [ 89.016243, 22.271442 ], [ 89.016226, 22.271452 ], [ 89.016082, 22.271525 ], [ 89.016066, 22.271534 ], [ 89.015921, 22.271607 ], [ 89.015905, 22.271616 ], [ 89.01576, 22.27169 ], [ 89.015745, 22.271698 ], [ 89.0156, 22.271772 ], [ 89.015585, 22.27178 ], [ 89.015439, 22.271854 ], [ 89.015424, 22.271863 ], [ 89.015278, 22.271937 ], [ 89.015264, 22.271945 ], [ 89.015117, 22.272019 ], [ 89.015103, 22.272027 ], [ 89.014956, 22.272102 ], [ 89.014943, 22.272109 ], [ 89.014795, 22.272184 ], [ 89.014783, 22.272191 ], [ 89.014634, 22.272266 ], [ 89.014622, 22.272273 ], [ 89.014473, 22.272349 ], [ 89.014462, 22.272355 ], [ 89.014312, 22.272431 ], [ 89.014301, 22.272438 ], [ 89.014152, 22.272514 ], [ 89.014141, 22.27252 ], [ 89.013991, 22.272596 ], [ 89.013981, 22.272602 ], [ 89.01383, 22.272679 ], [ 89.01382, 22.272684 ], [ 89.013669, 22.272761 ], [ 89.01366, 22.272766 ], [ 89.013508, 22.272843 ], [ 89.013499, 22.272848 ], [ 89.013347, 22.272926 ], [ 89.013339, 22.27293 ], [ 89.013186, 22.273008 ], [ 89.013178, 22.273013 ], [ 89.013025, 22.273091 ], [ 89.013018, 22.273095 ], [ 89.012864, 22.273173 ], [ 89.012858, 22.273177 ], [ 89.012704, 22.273255 ], [ 89.012697, 22.273259 ], [ 89.012543, 22.273338 ], [ 89.012537, 22.273341 ], [ 89.012382, 22.27342 ], [ 89.012376, 22.273423 ], [ 89.012221, 22.273503 ], [ 89.012216, 22.273505 ], [ 89.01206, 22.273585 ], [ 89.012056, 22.273588 ], [ 89.011899, 22.273667 ], [ 89.011895, 22.27367 ], [ 89.011738, 22.27375 ], [ 89.011735, 22.273752 ], [ 89.011577, 22.273832 ], [ 89.011574, 22.273834 ], [ 89.011416, 22.273915 ], [ 89.011414, 22.273916 ], [ 89.011256, 22.273997 ], [ 89.011254, 22.273998 ], [ 89.011095, 22.274079 ], [ 89.011093, 22.27408 ], [ 89.010934, 22.274162 ], [ 89.010933, 22.274162 ], [ 89.010773, 22.274244 ], [ 89.010772, 22.274245 ], [ 89.010612, 22.274327 ], [ 89.010612, 22.274327 ], [ 89.010451, 22.274409 ], [ 89.010451, 22.274409 ], [ 89.01029, 22.274492 ], [ 89.010136, 22.274584 ], [ 89.01003, 22.274658 ], [ 89.009987, 22.274684 ], [ 89.009881, 22.274758 ], [ 89.009838, 22.274784 ], [ 89.009732, 22.274858 ], [ 89.009689, 22.274883 ], [ 89.009583, 22.274958 ], [ 89.00954, 22.274983 ], [ 89.009434, 22.275057 ], [ 89.009392, 22.275083 ], [ 89.009286, 22.275157 ], [ 89.009243, 22.275183 ], [ 89.009137, 22.275257 ], [ 89.009094, 22.275283 ], [ 89.008988, 22.275357 ], [ 89.008945, 22.275383 ], [ 89.008839, 22.275456 ], [ 89.008796, 22.275482 ], [ 89.00869, 22.275556 ], [ 89.008647, 22.275582 ], [ 89.008541, 22.275656 ], [ 89.008498, 22.275682 ], [ 89.008393, 22.275756 ], [ 89.008349, 22.275782 ], [ 89.008244, 22.275855 ], [ 89.0082, 22.275882 ], [ 89.008095, 22.275955 ], [ 89.008051, 22.275981 ], [ 89.007946, 22.276055 ], [ 89.007902, 22.276081 ], [ 89.007797, 22.276154 ], [ 89.007753, 22.276181 ], [ 89.007648, 22.276254 ], [ 89.007604, 22.276281 ], [ 89.0075, 22.276354 ], [ 89.007455, 22.276381 ], [ 89.007351, 22.276454 ], [ 89.007306, 22.27648 ], [ 89.007202, 22.276553 ], [ 89.007157, 22.27658 ], [ 89.007053, 22.276653 ], [ 89.007008, 22.27668 ], [ 89.006904, 22.276753 ], [ 89.006859, 22.27678 ], [ 89.006755, 22.276853 ], [ 89.00671, 22.27688 ], [ 89.006607, 22.276952 ], [ 89.006562, 22.27698 ], [ 89.006458, 22.277052 ], [ 89.006413, 22.277079 ], [ 89.006309, 22.277152 ], [ 89.006264, 22.277179 ], [ 89.00616, 22.277252 ], [ 89.006115, 22.277279 ], [ 89.006011, 22.277351 ], [ 89.005966, 22.277379 ], [ 89.005862, 22.277451 ], [ 89.005817, 22.277479 ], [ 89.005714, 22.277551 ], [ 89.005668, 22.277578 ], [ 89.005565, 22.277651 ], [ 89.005519, 22.277678 ], [ 89.005416, 22.27775 ], [ 89.00537, 22.277778 ], [ 89.005267, 22.27785 ], [ 89.005221, 22.277878 ], [ 89.005118, 22.27795 ], [ 89.005072, 22.277978 ], [ 89.004969, 22.27805 ], [ 89.004923, 22.278077 ], [ 89.004821, 22.278149 ], [ 89.004774, 22.278177 ], [ 89.004672, 22.278249 ], [ 89.004625, 22.278277 ], [ 89.004523, 22.278349 ], [ 89.004476, 22.278377 ], [ 89.004374, 22.278449 ], [ 89.004327, 22.278477 ], [ 89.004225, 22.278548 ], [ 89.004178, 22.278577 ], [ 89.004076, 22.278648 ], [ 89.004029, 22.278676 ], [ 89.003928, 22.278748 ], [ 89.00388, 22.278776 ], [ 89.003779, 22.278848 ], [ 89.003732, 22.278876 ], [ 89.00363, 22.278947 ], [ 89.003604, 22.278963 ], [ 89.003583, 22.278976 ], [ 89.003481, 22.279047 ], [ 89.003434, 22.279076 ], [ 89.003332, 22.279147 ], [ 89.003285, 22.279175 ], [ 89.003183, 22.279247 ], [ 89.003136, 22.279275 ], [ 89.003035, 22.279346 ], [ 89.002987, 22.279375 ], [ 89.002886, 22.279446 ], [ 89.002838, 22.279475 ], [ 89.002737, 22.279546 ], [ 89.002689, 22.279575 ], [ 89.002588, 22.279646 ], [ 89.00254, 22.279674 ], [ 89.002439, 22.279745 ], [ 89.002391, 22.279774 ], [ 89.00229, 22.279845 ], [ 89.002242, 22.279874 ], [ 89.002142, 22.279945 ], [ 89.002093, 22.279974 ], [ 89.001993, 22.280045 ], [ 89.001944, 22.280074 ], [ 89.001844, 22.280144 ], [ 89.001795, 22.280174 ], [ 89.001695, 22.280244 ], [ 89.001646, 22.280273 ], [ 89.001546, 22.280344 ], [ 89.001497, 22.280373 ], [ 89.001397, 22.280444 ], [ 89.001348, 22.280473 ], [ 89.001249, 22.280543 ], [ 89.001199, 22.280573 ], [ 89.0011, 22.280643 ], [ 89.00105, 22.280673 ], [ 89.000951, 22.280743 ], [ 89.000902, 22.280772 ], [ 89.000802, 22.280843 ], [ 89.000753, 22.280872 ], [ 89.000653, 22.280942 ], [ 89.000604, 22.280972 ], [ 89.000504, 22.281042 ], [ 89.000455, 22.281072 ], [ 89.000356, 22.281142 ], [ 89.000306, 22.281172 ], [ 89.000207, 22.281242 ], [ 89.000157, 22.281271 ], [ 89.000058, 22.281341 ], [ 89.000008, 22.281371 ], [ 88.999909, 22.281441 ], [ 88.999859, 22.281471 ], [ 88.99976, 22.281541 ], [ 88.99971, 22.281571 ], [ 88.999611, 22.281641 ], [ 88.999561, 22.281671 ], [ 88.999463, 22.28174 ], [ 88.999412, 22.28177 ], [ 88.999314, 22.28184 ], [ 88.999263, 22.28187 ], [ 88.999165, 22.28194 ], [ 88.999114, 22.28197 ], [ 88.999016, 22.28204 ], [ 88.998965, 22.28207 ], [ 88.998867, 22.282139 ], [ 88.998816, 22.28217 ], [ 88.998718, 22.282239 ], [ 88.998667, 22.28227 ], [ 88.99857, 22.282339 ], [ 88.998518, 22.282369 ], [ 88.998421, 22.282439 ], [ 88.998369, 22.282469 ], [ 88.998272, 22.282538 ], [ 88.99822, 22.282569 ], [ 88.998123, 22.282638 ], [ 88.998072, 22.282669 ], [ 88.997974, 22.282738 ], [ 88.997923, 22.282769 ], [ 88.997825, 22.282838 ], [ 88.997774, 22.282868 ], [ 88.997677, 22.282937 ], [ 88.997625, 22.282968 ], [ 88.997528, 22.283037 ], [ 88.997476, 22.283068 ], [ 88.997379, 22.283137 ], [ 88.997327, 22.283168 ], [ 88.997271, 22.283208 ], [ 88.997234, 22.283243 ], [ 88.997227, 22.283249 ], [ 88.997221, 22.283254 ], [ 88.997103, 22.283369 ], [ 88.99709, 22.28338 ], [ 88.99696, 22.283505 ], [ 88.996842, 22.28364 ], [ 88.996737, 22.283784 ], [ 88.9967, 22.283844 ], [ 88.996637, 22.283931 ], [ 88.9966, 22.283992 ], [ 88.996536, 22.284078 ], [ 88.996499, 22.284139 ], [ 88.996436, 22.284225 ], [ 88.996398, 22.284287 ], [ 88.996335, 22.284372 ], [ 88.996297, 22.284435 ], [ 88.996235, 22.284519 ], [ 88.996196, 22.284582 ], [ 88.996135, 22.284666 ], [ 88.996096, 22.28473 ], [ 88.996034, 22.284813 ], [ 88.995995, 22.284877 ], [ 88.995934, 22.28496 ], [ 88.995894, 22.285025 ], [ 88.995833, 22.285107 ], [ 88.995793, 22.285173 ], [ 88.995733, 22.285255 ], [ 88.995692, 22.28532 ], [ 88.995632, 22.285402 ], [ 88.995591, 22.285468 ], [ 88.995532, 22.285549 ], [ 88.995438, 22.2857 ], [ 88.995356, 22.285861 ], [ 88.995321, 22.285945 ], [ 88.995312, 22.286035 ], [ 88.995308, 22.286212 ], [ 88.995308, 22.286214 ], [ 88.995304, 22.286391 ], [ 88.995304, 22.286393 ], [ 88.9953, 22.28657 ], [ 88.9953, 22.286572 ], [ 88.995296, 22.286749 ], [ 88.995296, 22.286751 ], [ 88.995292, 22.286928 ], [ 88.995292, 22.28693 ], [ 88.995288, 22.287107 ], [ 88.995288, 22.287109 ], [ 88.995284, 22.287286 ], [ 88.995284, 22.287288 ], [ 88.99528, 22.287465 ], [ 88.99528, 22.287467 ], [ 88.995277, 22.287644 ], [ 88.995276, 22.287646 ], [ 88.995273, 22.287823 ], [ 88.995272, 22.287825 ], [ 88.995269, 22.288002 ], [ 88.995268, 22.288004 ], [ 88.995265, 22.288181 ], [ 88.995265, 22.288183 ], [ 88.995261, 22.28836 ], [ 88.995261, 22.288362 ], [ 88.995257, 22.288539 ], [ 88.995257, 22.28854 ], [ 88.995253, 22.288718 ], [ 88.995253, 22.288719 ], [ 88.995249, 22.288896 ], [ 88.995249, 22.288898 ], [ 88.995245, 22.289075 ], [ 88.995245, 22.289077 ], [ 88.995241, 22.289254 ], [ 88.995241, 22.289256 ], [ 88.995237, 22.289433 ], [ 88.995237, 22.289435 ], [ 88.995233, 22.289612 ], [ 88.995233, 22.289614 ], [ 88.995229, 22.289791 ], [ 88.995229, 22.289793 ], [ 88.995225, 22.28997 ], [ 88.995225, 22.289972 ], [ 88.995221, 22.290149 ], [ 88.995221, 22.290151 ], [ 88.995217, 22.290328 ], [ 88.995217, 22.29033 ], [ 88.995213, 22.290507 ], [ 88.995213, 22.290509 ], [ 88.99521, 22.290686 ], [ 88.995209, 22.290688 ], [ 88.995206, 22.290865 ], [ 88.995205, 22.290867 ], [ 88.995202, 22.291044 ], [ 88.995202, 22.291046 ], [ 88.995198, 22.291223 ], [ 88.995198, 22.291224 ], [ 88.995194, 22.291402 ], [ 88.995194, 22.291403 ], [ 88.99519, 22.291581 ], [ 88.99519, 22.291582 ], [ 88.995186, 22.29176 ], [ 88.995186, 22.291761 ], [ 88.995182, 22.291939 ], [ 88.995182, 22.29194 ], [ 88.995178, 22.292118 ], [ 88.995178, 22.292119 ], [ 88.995174, 22.292297 ], [ 88.995174, 22.292298 ], [ 88.99517, 22.292476 ], [ 88.99517, 22.292477 ], [ 88.99517, 22.292485 ], [ 88.995228, 22.292655 ], [ 88.995228, 22.292656 ], [ 88.995287, 22.292829 ], [ 88.995359, 22.292994 ], [ 88.995442, 22.29315 ], [ 88.995538, 22.293296 ], [ 88.995645, 22.293432 ], [ 88.995765, 22.293559 ], [ 88.995852, 22.293636 ], [ 88.995892, 22.293679 ], [ 88.99598, 22.293757 ], [ 88.99602, 22.293799 ], [ 88.996109, 22.293879 ], [ 88.996147, 22.29392 ], [ 88.996237, 22.294 ], [ 88.996275, 22.29404 ], [ 88.996365, 22.294121 ], [ 88.996402, 22.29416 ], [ 88.996494, 22.294243 ], [ 88.99653, 22.294281 ], [ 88.996622, 22.294364 ], [ 88.996637, 22.29438 ], [ 88.996658, 22.294401 ], [ 88.996751, 22.294485 ], [ 88.996785, 22.294521 ], [ 88.996879, 22.294606 ], [ 88.996913, 22.294641 ], [ 88.997008, 22.294728 ], [ 88.99704, 22.294762 ], [ 88.997136, 22.294849 ], [ 88.997168, 22.294882 ], [ 88.997264, 22.29497 ], [ 88.997291, 22.294998 ], [ 88.997409, 22.295069 ], [ 88.997434, 22.295086 ], [ 88.997558, 22.295161 ], [ 88.997581, 22.295177 ], [ 88.997707, 22.295253 ], [ 88.997729, 22.295268 ], [ 88.997856, 22.295345 ], [ 88.997876, 22.295359 ], [ 88.998005, 22.295437 ], [ 88.998024, 22.29545 ], [ 88.998154, 22.295529 ], [ 88.998171, 22.295541 ], [ 88.998304, 22.295621 ], [ 88.998319, 22.295632 ], [ 88.998453, 22.295713 ], [ 88.998466, 22.295723 ], [ 88.998602, 22.295805 ], [ 88.998614, 22.295814 ], [ 88.998751, 22.295897 ], [ 88.998761, 22.295905 ], [ 88.9989, 22.295989 ], [ 88.998909, 22.295996 ], [ 88.999049, 22.296081 ], [ 88.999056, 22.296087 ], [ 88.999198, 22.296173 ], [ 88.999204, 22.296177 ], [ 88.999351, 22.296268 ], [ 88.999505, 22.296347 ], [ 88.999665, 22.296414 ], [ 88.99969, 22.296423 ], [ 88.999826, 22.29648 ], [ 88.999855, 22.29649 ], [ 88.999987, 22.296546 ], [ 88.999998, 22.29655 ], [ 89.00002, 22.296557 ], [ 89.000148, 22.296612 ], [ 89.000184, 22.296624 ], [ 89.000189, 22.296626 ], [ 89.000237, 22.296639 ], [ 89.000357, 22.296662 ], [ 89.000411, 22.296676 ], [ 89.000531, 22.296699 ], [ 89.000585, 22.296713 ], [ 89.000704, 22.296736 ], [ 89.000758, 22.29675 ], [ 89.000878, 22.296773 ], [ 89.000932, 22.296787 ], [ 89.001051, 22.29681 ], [ 89.001106, 22.296824 ], [ 89.001224, 22.296847 ], [ 89.00128, 22.296861 ], [ 89.001398, 22.296884 ], [ 89.001453, 22.296899 ], [ 89.001511, 22.296909 ], [ 89.001571, 22.296921 ], [ 89.001627, 22.296936 ], [ 89.001745, 22.296958 ], [ 89.001801, 22.296973 ], [ 89.001918, 22.296995 ], [ 89.001975, 22.29701 ], [ 89.002091, 22.297032 ], [ 89.002149, 22.297047 ], [ 89.002265, 22.297069 ], [ 89.002322, 22.297084 ], [ 89.002438, 22.297106 ], [ 89.002496, 22.297121 ], [ 89.002612, 22.297143 ], [ 89.00267, 22.297159 ], [ 89.002785, 22.29718 ], [ 89.002844, 22.297196 ], [ 89.002958, 22.297217 ], [ 89.003018, 22.297233 ], [ 89.003192, 22.297264 ], [ 89.003369, 22.29728 ], [ 89.003459, 22.29728 ], [ 89.003547, 22.297288 ], [ 89.003639, 22.297288 ], [ 89.003724, 22.297296 ], [ 89.00382, 22.297296 ], [ 89.003902, 22.297304 ], [ 89.004, 22.297304 ], [ 89.00408, 22.297312 ], [ 89.00418, 22.297312 ], [ 89.004258, 22.29732 ], [ 89.00436, 22.297321 ], [ 89.004435, 22.297327 ], [ 89.00454, 22.297329 ], [ 89.004613, 22.297335 ], [ 89.00472, 22.297337 ], [ 89.004791, 22.297343 ], [ 89.004901, 22.297345 ], [ 89.004969, 22.297351 ], [ 89.005081, 22.297353 ], [ 89.005146, 22.297359 ], [ 89.005261, 22.297361 ], [ 89.005324, 22.297367 ], [ 89.005441, 22.297369 ], [ 89.005502, 22.297375 ], [ 89.005621, 22.297377 ], [ 89.00568, 22.297382 ], [ 89.005802, 22.297385 ], [ 89.005857, 22.29739 ], [ 89.005982, 22.297393 ], [ 89.006035, 22.297398 ], [ 89.006162, 22.297401 ], [ 89.006213, 22.297406 ], [ 89.006342, 22.297409 ], [ 89.006391, 22.297414 ], [ 89.006522, 22.297417 ], [ 89.006568, 22.297422 ], [ 89.006702, 22.297425 ], [ 89.006746, 22.297429 ], [ 89.006883, 22.297433 ], [ 89.006924, 22.297437 ], [ 89.007063, 22.297441 ], [ 89.007102, 22.297445 ], [ 89.007243, 22.297449 ], [ 89.007279, 22.297453 ], [ 89.007423, 22.297457 ], [ 89.007457, 22.297461 ], [ 89.007603, 22.297465 ], [ 89.007635, 22.297469 ], [ 89.007784, 22.297474 ], [ 89.007813, 22.297476 ], [ 89.007964, 22.297482 ], [ 89.00799, 22.297484 ], [ 89.008144, 22.29749 ], [ 89.008168, 22.297492 ], [ 89.008324, 22.297498 ], [ 89.008346, 22.2975 ], [ 89.008504, 22.297506 ], [ 89.008524, 22.297508 ], [ 89.008684, 22.297514 ], [ 89.008702, 22.297516 ], [ 89.008823, 22.29752 ], [ 89.008864, 22.297512 ], [ 89.008947, 22.297501 ], [ 89.009123, 22.297465 ], [ 89.009296, 22.29742 ], [ 89.009466, 22.297363 ], [ 89.009586, 22.297315 ], [ 89.009633, 22.297299 ], [ 89.009753, 22.297251 ], [ 89.009801, 22.297235 ], [ 89.009921, 22.297187 ], [ 89.009968, 22.297171 ], [ 89.010088, 22.297123 ], [ 89.010136, 22.297107 ], [ 89.010256, 22.297059 ], [ 89.010303, 22.297043 ], [ 89.010423, 22.296994 ], [ 89.010471, 22.296979 ], [ 89.01059, 22.29693 ], [ 89.010638, 22.296914 ], [ 89.010758, 22.296866 ], [ 89.010806, 22.29685 ], [ 89.010925, 22.296802 ], [ 89.010973, 22.296786 ], [ 89.011093, 22.296738 ], [ 89.01114, 22.296722 ], [ 89.01126, 22.296674 ], [ 89.011308, 22.296658 ], [ 89.011428, 22.29661 ], [ 89.011475, 22.296594 ], [ 89.011595, 22.296546 ], [ 89.011643, 22.29653 ], [ 89.011762, 22.296482 ], [ 89.01181, 22.296466 ], [ 89.01193, 22.296418 ], [ 89.011978, 22.296402 ], [ 89.012097, 22.296354 ], [ 89.012145, 22.296338 ], [ 89.012265, 22.29629 ], [ 89.012313, 22.296273 ], [ 89.012432, 22.296226 ], [ 89.01248, 22.296209 ], [ 89.0126, 22.296162 ], [ 89.012648, 22.296145 ], [ 89.012767, 22.296098 ], [ 89.012815, 22.296081 ], [ 89.012934, 22.296034 ], [ 89.012983, 22.296017 ], [ 89.013102, 22.29597 ], [ 89.01315, 22.295953 ], [ 89.013269, 22.295905 ], [ 89.013318, 22.295889 ], [ 89.013437, 22.295841 ], [ 89.013485, 22.295825 ], [ 89.013604, 22.295777 ], [ 89.013653, 22.295761 ], [ 89.013772, 22.295713 ], [ 89.01382, 22.295697 ], [ 89.013939, 22.295649 ], [ 89.013988, 22.295633 ], [ 89.014106, 22.295585 ], [ 89.014155, 22.295568 ], [ 89.014274, 22.295521 ], [ 89.014323, 22.295504 ], [ 89.014441, 22.295457 ], [ 89.01449, 22.29544 ], [ 89.014609, 22.295393 ], [ 89.014658, 22.295376 ], [ 89.014776, 22.295329 ], [ 89.014825, 22.295312 ], [ 89.014944, 22.295265 ], [ 89.014993, 22.295248 ], [ 89.015111, 22.295201 ], [ 89.01516, 22.295184 ], [ 89.015279, 22.295137 ], [ 89.015328, 22.29512 ], [ 89.015446, 22.295073 ], [ 89.015495, 22.295056 ], [ 89.015613, 22.295009 ], [ 89.015663, 22.294992 ], [ 89.015781, 22.294945 ], [ 89.01583, 22.294927 ], [ 89.015948, 22.294881 ], [ 89.015998, 22.294863 ], [ 89.016116, 22.294816 ], [ 89.016165, 22.294799 ], [ 89.016283, 22.294752 ], [ 89.016333, 22.294735 ], [ 89.016451, 22.294688 ], [ 89.0165, 22.294671 ], [ 89.016618, 22.294624 ], [ 89.016668, 22.294607 ], [ 89.016691, 22.294598 ], [ 89.016768, 22.294582 ], [ 89.016843, 22.29457 ], [ 89.016944, 22.294549 ], [ 89.01702, 22.294537 ], [ 89.017121, 22.294516 ], [ 89.017197, 22.294504 ], [ 89.017298, 22.294483 ], [ 89.017374, 22.294471 ], [ 89.017475, 22.29445 ], [ 89.017551, 22.294438 ], [ 89.017652, 22.294417 ], [ 89.017728, 22.294405 ], [ 89.017829, 22.294385 ], [ 89.017905, 22.294373 ], [ 89.018006, 22.294352 ], [ 89.018082, 22.29434 ], [ 89.018183, 22.294319 ], [ 89.018259, 22.294307 ], [ 89.018359, 22.294286 ], [ 89.018436, 22.294274 ], [ 89.018536, 22.294253 ], [ 89.018612, 22.294241 ], [ 89.018663, 22.29423 ], [ 89.018713, 22.29422 ], [ 89.018789, 22.294208 ], [ 89.01889, 22.294187 ], [ 89.018966, 22.294175 ], [ 89.019067, 22.294154 ], [ 89.019143, 22.294142 ], [ 89.019244, 22.294121 ], [ 89.01932, 22.294109 ], [ 89.019421, 22.294088 ], [ 89.019497, 22.294076 ], [ 89.019598, 22.294055 ], [ 89.019674, 22.294044 ], [ 89.019774, 22.294023 ], [ 89.019851, 22.294011 ], [ 89.019951, 22.29399 ], [ 89.020028, 22.293978 ], [ 89.020128, 22.293957 ], [ 89.020205, 22.293945 ], [ 89.020305, 22.293924 ], [ 89.020382, 22.293912 ], [ 89.020482, 22.293891 ], [ 89.020558, 22.293879 ], [ 89.020659, 22.293858 ], [ 89.020735, 22.293846 ], [ 89.020836, 22.293825 ], [ 89.020912, 22.293813 ], [ 89.021012, 22.293792 ], [ 89.02119, 22.293765 ], [ 89.021368, 22.293749 ], [ 89.021547, 22.293743 ], [ 89.021727, 22.293747 ], [ 89.021766, 22.293751 ], [ 89.021906, 22.293754 ], [ 89.021945, 22.293758 ], [ 89.022016, 22.293759 ], [ 89.022055, 22.29376 ], [ 89.022123, 22.293777 ], [ 89.022177, 22.293788 ], [ 89.022297, 22.293817 ], [ 89.022342, 22.293825 ], [ 89.022472, 22.293857 ], [ 89.022506, 22.293863 ], [ 89.022598, 22.293885 ], [ 89.022646, 22.293896 ], [ 89.02267, 22.293901 ], [ 89.02282, 22.293936 ], [ 89.022835, 22.293938 ], [ 89.022995, 22.293975 ], [ 89.022999, 22.293976 ], [ 89.023164, 22.294014 ], [ 89.023169, 22.294015 ], [ 89.023328, 22.294051 ], [ 89.023343, 22.294055 ], [ 89.023493, 22.294088 ], [ 89.023655, 22.294134 ], [ 89.023754, 22.294168 ], [ 89.023859, 22.294252 ], [ 89.023993, 22.294371 ], [ 89.024117, 22.294498 ], [ 89.024232, 22.294631 ], [ 89.024339, 22.294772 ], [ 89.024436, 22.294918 ], [ 89.024524, 22.295072 ], [ 89.024535, 22.295096 ], [ 89.024535, 22.295096 ], [ 89.02458, 22.295253 ], [ 89.024616, 22.295412 ], [ 89.024637, 22.295539 ], [ 89.024645, 22.295573 ], [ 89.024668, 22.295707 ], [ 89.024674, 22.295734 ], [ 89.024698, 22.295875 ], [ 89.024703, 22.295896 ], [ 89.024713, 22.295957 ], [ 89.024728, 22.296043 ], [ 89.024731, 22.296057 ], [ 89.024752, 22.296175 ], [ 89.02475, 22.296212 ], [ 89.024751, 22.296326 ], [ 89.02475, 22.296346 ], [ 89.024748, 22.296382 ], [ 89.024749, 22.296504 ], [ 89.024746, 22.296552 ], [ 89.024747, 22.296681 ], [ 89.024744, 22.296722 ], [ 89.024744, 22.296859 ], [ 89.024734, 22.297035 ], [ 89.024712, 22.297211 ], [ 89.024707, 22.297237 ], [ 89.024699, 22.297265 ], [ 89.024635, 22.297432 ], [ 89.024596, 22.297518 ], [ 89.024566, 22.297597 ], [ 89.02453, 22.297676 ], [ 89.024497, 22.297761 ], [ 89.024464, 22.297834 ], [ 89.024428, 22.297926 ], [ 89.024398, 22.297992 ], [ 89.024359, 22.29809 ], [ 89.024331, 22.298149 ], [ 89.02429, 22.298255 ], [ 89.024265, 22.298307 ], [ 89.024221, 22.29842 ], [ 89.024199, 22.298465 ], [ 89.024151, 22.298584 ], [ 89.024133, 22.298623 ], [ 89.024082, 22.298749 ], [ 89.024067, 22.298781 ], [ 89.024013, 22.298913 ], [ 89.024001, 22.298939 ], [ 89.023944, 22.299078 ], [ 89.023935, 22.299096 ], [ 89.023875, 22.299242 ], [ 89.023869, 22.299254 ], [ 89.023806, 22.299407 ], [ 89.023803, 22.299412 ], [ 89.023737, 22.29957 ], [ 89.023736, 22.299571 ], [ 89.023671, 22.299728 ], [ 89.023668, 22.299736 ], [ 89.023598, 22.2999 ], [ 89.023518, 22.30006 ], [ 89.023489, 22.300109 ], [ 89.023452, 22.300148 ], [ 89.02332, 22.300269 ], [ 89.023202, 22.300364 ], [ 89.023183, 22.300382 ], [ 89.023063, 22.300479 ], [ 89.023046, 22.300495 ], [ 89.022924, 22.300594 ], [ 89.022909, 22.300608 ], [ 89.022785, 22.300708 ], [ 89.022772, 22.300721 ], [ 89.022646, 22.300823 ], [ 89.022635, 22.300834 ], [ 89.022508, 22.300938 ], [ 89.022498, 22.300947 ], [ 89.022369, 22.301052 ], [ 89.022361, 22.301059 ], [ 89.02223, 22.301167 ], [ 89.022224, 22.301172 ], [ 89.022091, 22.301282 ], [ 89.022087, 22.301285 ], [ 89.021952, 22.301396 ], [ 89.02195, 22.301398 ], [ 89.021813, 22.301511 ], [ 89.021813, 22.301511 ], [ 89.021676, 22.301624 ], [ 89.021674, 22.301625 ], [ 89.021539, 22.301737 ], [ 89.021535, 22.30174 ], [ 89.021402, 22.30185 ], [ 89.021396, 22.301854 ], [ 89.021265, 22.301963 ], [ 89.021257, 22.301969 ], [ 89.021128, 22.302076 ], [ 89.021118, 22.302083 ], [ 89.020991, 22.302189 ], [ 89.020979, 22.302198 ], [ 89.020854, 22.302303 ], [ 89.02084, 22.302313 ], [ 89.020717, 22.302416 ], [ 89.020701, 22.302427 ], [ 89.02058, 22.302529 ], [ 89.020562, 22.302542 ], [ 89.020443, 22.302642 ], [ 89.020423, 22.302656 ], [ 89.020306, 22.302755 ], [ 89.020284, 22.302771 ], [ 89.020179, 22.302859 ], [ 89.020169, 22.302868 ], [ 89.020145, 22.302885 ], [ 89.020032, 22.302981 ], [ 89.020006, 22.303 ], [ 89.019895, 22.303094 ], [ 89.019867, 22.303114 ], [ 89.019758, 22.303207 ], [ 89.019728, 22.303229 ], [ 89.019621, 22.30332 ], [ 89.019589, 22.303343 ], [ 89.019484, 22.303433 ], [ 89.01945, 22.303458 ], [ 89.019347, 22.303546 ], [ 89.019311, 22.303572 ], [ 89.01921, 22.303659 ], [ 89.019172, 22.303687 ], [ 89.019073, 22.303772 ], [ 89.019033, 22.303802 ], [ 89.018936, 22.303885 ], [ 89.018894, 22.303916 ], [ 89.018799, 22.303998 ], [ 89.018755, 22.304031 ], [ 89.018662, 22.304111 ], [ 89.018616, 22.304145 ], [ 89.018525, 22.304224 ], [ 89.018477, 22.30426 ], [ 89.018388, 22.304337 ], [ 89.018338, 22.304374 ], [ 89.018251, 22.30445 ], [ 89.018199, 22.304489 ], [ 89.018114, 22.304563 ], [ 89.01806, 22.304603 ], [ 89.017977, 22.304676 ], [ 89.017921, 22.304718 ], [ 89.01784, 22.304789 ], [ 89.017782, 22.304832 ], [ 89.017703, 22.304902 ], [ 89.017643, 22.304947 ], [ 89.017566, 22.305015 ], [ 89.017504, 22.305062 ], [ 89.017429, 22.305128 ], [ 89.017365, 22.305176 ], [ 89.017292, 22.305241 ], [ 89.017226, 22.305291 ], [ 89.017155, 22.305354 ], [ 89.017087, 22.305405 ], [ 89.016953, 22.305526 ], [ 89.016831, 22.305658 ], [ 89.016799, 22.3057 ], [ 89.016712, 22.305794 ], [ 89.016681, 22.305834 ], [ 89.016593, 22.305931 ], [ 89.016564, 22.305969 ], [ 89.016474, 22.306067 ], [ 89.016446, 22.306103 ], [ 89.016355, 22.306203 ], [ 89.016328, 22.306238 ], [ 89.016235, 22.306339 ], [ 89.01621, 22.306372 ], [ 89.016159, 22.306428 ], [ 89.016116, 22.306475 ], [ 89.016093, 22.306506 ], [ 89.015997, 22.306612 ], [ 89.015975, 22.306641 ], [ 89.015878, 22.306748 ], [ 89.015857, 22.306775 ], [ 89.015759, 22.306884 ], [ 89.015739, 22.30691 ], [ 89.01564, 22.30702 ], [ 89.015622, 22.307044 ], [ 89.015582, 22.307088 ], [ 89.015535, 22.307159 ], [ 89.015519, 22.307189 ], [ 89.015439, 22.307309 ], [ 89.015423, 22.307339 ], [ 89.015344, 22.307458 ], [ 89.015327, 22.307488 ], [ 89.015248, 22.307607 ], [ 89.015231, 22.307638 ], [ 89.015153, 22.307756 ], [ 89.015135, 22.307788 ], [ 89.015057, 22.307906 ], [ 89.015039, 22.307937 ], [ 89.014961, 22.308055 ], [ 89.014943, 22.308087 ], [ 89.014866, 22.308204 ], [ 89.014847, 22.308237 ], [ 89.01477, 22.308353 ], [ 89.014752, 22.308387 ], [ 89.014674, 22.308503 ], [ 89.014656, 22.308536 ], [ 89.014579, 22.308652 ], [ 89.01456, 22.308686 ], [ 89.014483, 22.308801 ], [ 89.014464, 22.308836 ], [ 89.014388, 22.308951 ], [ 89.014368, 22.308985 ], [ 89.014292, 22.3091 ], [ 89.014272, 22.309135 ], [ 89.014196, 22.309249 ], [ 89.014176, 22.309285 ], [ 89.014101, 22.309398 ], [ 89.014081, 22.309435 ], [ 89.014005, 22.309548 ], [ 89.013985, 22.309584 ], [ 89.013909, 22.309697 ], [ 89.013889, 22.309734 ], [ 89.013814, 22.309846 ], [ 89.013793, 22.309884 ], [ 89.013718, 22.309995 ], [ 89.013697, 22.310034 ], [ 89.013623, 22.310145 ], [ 89.013601, 22.310183 ], [ 89.013527, 22.310294 ], [ 89.013505, 22.310333 ], [ 89.013431, 22.310443 ], [ 89.013409, 22.310483 ], [ 89.013336, 22.310593 ], [ 89.013314, 22.310632 ], [ 89.01324, 22.310742 ], [ 89.013218, 22.310782 ], [ 89.013144, 22.310891 ], [ 89.013122, 22.310932 ], [ 89.013049, 22.31104 ], [ 89.013026, 22.311082 ], [ 89.012953, 22.31119 ], [ 89.01293, 22.311231 ], [ 89.012858, 22.311339 ], [ 89.012834, 22.311381 ], [ 89.012762, 22.311488 ], [ 89.012738, 22.311531 ], [ 89.012666, 22.311637 ], [ 89.012643, 22.311681 ], [ 89.012571, 22.311787 ], [ 89.012547, 22.31183 ], [ 89.012475, 22.311936 ], [ 89.012451, 22.31198 ], [ 89.012379, 22.312085 ], [ 89.012355, 22.31213 ], [ 89.012284, 22.312234 ], [ 89.012259, 22.312279 ], [ 89.012188, 22.312384 ], [ 89.012163, 22.312429 ], [ 89.012093, 22.312533 ], [ 89.012067, 22.312579 ], [ 89.011997, 22.312682 ], [ 89.011971, 22.312729 ], [ 89.011901, 22.312832 ], [ 89.011876, 22.312878 ], [ 89.011806, 22.312981 ], [ 89.01178, 22.313028 ], [ 89.01171, 22.31313 ], [ 89.011684, 22.313178 ], [ 89.011614, 22.313279 ], [ 89.011588, 22.313328 ], [ 89.011519, 22.313429 ], [ 89.011492, 22.313477 ], [ 89.011423, 22.313578 ], [ 89.011396, 22.313627 ], [ 89.011328, 22.313727 ], [ 89.0113, 22.313777 ], [ 89.011232, 22.313876 ], [ 89.011205, 22.313927 ], [ 89.011136, 22.314026 ], [ 89.011109, 22.314076 ], [ 89.011008, 22.314223 ], [ 89.010892, 22.314358 ], [ 89.010868, 22.314381 ], [ 89.010774, 22.314492 ], [ 89.010748, 22.314517 ], [ 89.010703, 22.31457 ], [ 89.010655, 22.314626 ], [ 89.010629, 22.314652 ], [ 89.01055, 22.314745 ], [ 89.010504, 22.314782 ], [ 89.010432, 22.314853 ], [ 89.01037, 22.314902 ], [ 89.010298, 22.314972 ], [ 89.010236, 22.315023 ], [ 89.010164, 22.315092 ], [ 89.010102, 22.315143 ], [ 89.010031, 22.315212 ], [ 89.009968, 22.315263 ], [ 89.009897, 22.315332 ], [ 89.009834, 22.315383 ], [ 89.009763, 22.315452 ], [ 89.0097, 22.315503 ], [ 89.00963, 22.315572 ], [ 89.009566, 22.315623 ], [ 89.009496, 22.315692 ], [ 89.009432, 22.315743 ], [ 89.009362, 22.315811 ], [ 89.009298, 22.315863 ], [ 89.009229, 22.315931 ], [ 89.009164, 22.315983 ], [ 89.009095, 22.316051 ], [ 89.009031, 22.316103 ], [ 89.008961, 22.316171 ], [ 89.008897, 22.316223 ], [ 89.008828, 22.316291 ], [ 89.008763, 22.316343 ], [ 89.008694, 22.316411 ], [ 89.008629, 22.316464 ], [ 89.00856, 22.316531 ], [ 89.008495, 22.316584 ], [ 89.008427, 22.31665 ], [ 89.008361, 22.316704 ], [ 89.008293, 22.31677 ], [ 89.008227, 22.316824 ], [ 89.00816, 22.31689 ], [ 89.008093, 22.316944 ], [ 89.008026, 22.31701 ], [ 89.007959, 22.317064 ], [ 89.007892, 22.31713 ], [ 89.007825, 22.317184 ], [ 89.007759, 22.31725 ], [ 89.007691, 22.317304 ], [ 89.007625, 22.31737 ], [ 89.007558, 22.317424 ], [ 89.007491, 22.317489 ], [ 89.007424, 22.317544 ], [ 89.007358, 22.317609 ], [ 89.00729, 22.317664 ], [ 89.007224, 22.317729 ], [ 89.007156, 22.317784 ], [ 89.00709, 22.317849 ], [ 89.007022, 22.317904 ], [ 89.006957, 22.317969 ], [ 89.006888, 22.318025 ], [ 89.006823, 22.318089 ], [ 89.006754, 22.318145 ], [ 89.006689, 22.318209 ], [ 89.00662, 22.318265 ], [ 89.006556, 22.318328 ], [ 89.006486, 22.318385 ], [ 89.006422, 22.318448 ], [ 89.006352, 22.318505 ], [ 89.006288, 22.318568 ], [ 89.006218, 22.318625 ], [ 89.006155, 22.318688 ], [ 89.006085, 22.318745 ], [ 89.006021, 22.318808 ], [ 89.005951, 22.318865 ], [ 89.005887, 22.318928 ], [ 89.005817, 22.318985 ], [ 89.005754, 22.319048 ], [ 89.005683, 22.319105 ], [ 89.00562, 22.319167 ], [ 89.005549, 22.319225 ], [ 89.005486, 22.319287 ], [ 89.005415, 22.319345 ], [ 89.005353, 22.319407 ], [ 89.005281, 22.319466 ], [ 89.005219, 22.319527 ], [ 89.005147, 22.319586 ], [ 89.005085, 22.319647 ], [ 89.005013, 22.319706 ], [ 89.004952, 22.319767 ], [ 89.004879, 22.319826 ], [ 89.004818, 22.319887 ], [ 89.004745, 22.319946 ], [ 89.004684, 22.320006 ], [ 89.004612, 22.320066 ], [ 89.004551, 22.320126 ], [ 89.004478, 22.320186 ], [ 89.004417, 22.320246 ], [ 89.004344, 22.320306 ], [ 89.004283, 22.320366 ], [ 89.00421, 22.320426 ], [ 89.00415, 22.320486 ], [ 89.004076, 22.320546 ], [ 89.004016, 22.320606 ], [ 89.003942, 22.320666 ], [ 89.003883, 22.320726 ], [ 89.003808, 22.320786 ], [ 89.003749, 22.320845 ], [ 89.003674, 22.320907 ], [ 89.003615, 22.320965 ], [ 89.00354, 22.321027 ], [ 89.003482, 22.321085 ], [ 89.003406, 22.321147 ], [ 89.003348, 22.321205 ], [ 89.003272, 22.321267 ], [ 89.003214, 22.321325 ], [ 89.003139, 22.321387 ], [ 89.003081, 22.321445 ], [ 89.003005, 22.321507 ], [ 89.002947, 22.321565 ], [ 89.002871, 22.321627 ], [ 89.002813, 22.321684 ], [ 89.002737, 22.321747 ], [ 89.00268, 22.321804 ], [ 89.002603, 22.321867 ], [ 89.002546, 22.321924 ], [ 89.002469, 22.321987 ], [ 89.002412, 22.322044 ], [ 89.002335, 22.322107 ], [ 89.002279, 22.322164 ], [ 89.002201, 22.322227 ], [ 89.002145, 22.322284 ], [ 89.002067, 22.322348 ], [ 89.002011, 22.322404 ], [ 89.001933, 22.322468 ], [ 89.001878, 22.322523 ], [ 89.001799, 22.322588 ], [ 89.001744, 22.322643 ], [ 89.001666, 22.322708 ], [ 89.00161, 22.322763 ], [ 89.001532, 22.322828 ], [ 89.001477, 22.322883 ], [ 89.001398, 22.322948 ], [ 89.001343, 22.323003 ], [ 89.001264, 22.323068 ], [ 89.001209, 22.323123 ], [ 89.00113, 22.323188 ], [ 89.001076, 22.323243 ], [ 89.000996, 22.323308 ], [ 89.000948, 22.323356 ], [ 89.000898, 22.323378 ], [ 89.000839, 22.323403 ], [ 89.000792, 22.323429 ], [ 89.000668, 22.323482 ], [ 89.000624, 22.323507 ], [ 89.000455, 22.323579 ], [ 89.000284, 22.32363 ], [ 89.000109, 22.323659 ], [ 88.999932, 22.323667 ], [ 88.999839, 22.32366 ], [ 88.999753, 22.323664 ], [ 88.999658, 22.323657 ], [ 88.999574, 22.323661 ], [ 88.999476, 22.323654 ], [ 88.999395, 22.323658 ], [ 88.999295, 22.323651 ], [ 88.999216, 22.323655 ], [ 88.999114, 22.323648 ], [ 88.999037, 22.323652 ], [ 88.998932, 22.323645 ], [ 88.998858, 22.323648 ], [ 88.998751, 22.323642 ], [ 88.998679, 22.323645 ], [ 88.998569, 22.323639 ], [ 88.9985, 22.323642 ], [ 88.998388, 22.323636 ], [ 88.998321, 22.323639 ], [ 88.998207, 22.323633 ], [ 88.998142, 22.323636 ], [ 88.998025, 22.32363 ], [ 88.997964, 22.323633 ], [ 88.997844, 22.323627 ], [ 88.997785, 22.32363 ], [ 88.997662, 22.323624 ], [ 88.997606, 22.323627 ], [ 88.997481, 22.323621 ], [ 88.99747, 22.323622 ], [ 88.997427, 22.323624 ], [ 88.9973, 22.323618 ], [ 88.997248, 22.32362 ], [ 88.997118, 22.323615 ], [ 88.997069, 22.323617 ], [ 88.996937, 22.323612 ], [ 88.99689, 22.323614 ], [ 88.996755, 22.323609 ], [ 88.996711, 22.323611 ], [ 88.996574, 22.323606 ], [ 88.996532, 22.323608 ], [ 88.996393, 22.323603 ], [ 88.996353, 22.323605 ], [ 88.996211, 22.3236 ], [ 88.996174, 22.323602 ], [ 88.99603, 22.323597 ], [ 88.995995, 22.323599 ], [ 88.995848, 22.323594 ], [ 88.995816, 22.323596 ], [ 88.995667, 22.323591 ], [ 88.995638, 22.323592 ], [ 88.995486, 22.323588 ], [ 88.995459, 22.323589 ], [ 88.995304, 22.323585 ], [ 88.995301, 22.323585 ], [ 88.995149, 22.323554 ], [ 88.995129, 22.323548 ], [ 88.994976, 22.323516 ], [ 88.994953, 22.32351 ], [ 88.994803, 22.323479 ], [ 88.994778, 22.323472 ], [ 88.99463, 22.323442 ], [ 88.994602, 22.323434 ], [ 88.994457, 22.323404 ], [ 88.994427, 22.323396 ], [ 88.994284, 22.323367 ], [ 88.994252, 22.323358 ], [ 88.994111, 22.32333 ], [ 88.994076, 22.32332 ], [ 88.993938, 22.323292 ], [ 88.993901, 22.323282 ], [ 88.993765, 22.323255 ], [ 88.993725, 22.323244 ], [ 88.993592, 22.323218 ], [ 88.99355, 22.323206 ], [ 88.993419, 22.32318 ], [ 88.993375, 22.323168 ], [ 88.993246, 22.323143 ], [ 88.993199, 22.32313 ], [ 88.993073, 22.323106 ], [ 88.993024, 22.323092 ], [ 88.9929, 22.323068 ], [ 88.992848, 22.323055 ], [ 88.992727, 22.323031 ], [ 88.992673, 22.323017 ], [ 88.992592, 22.323001 ], [ 88.992554, 22.322994 ], [ 88.992498, 22.322979 ], [ 88.992381, 22.322956 ], [ 88.992322, 22.322941 ], [ 88.992208, 22.322919 ], [ 88.992147, 22.322903 ], [ 88.992035, 22.322881 ], [ 88.991971, 22.322865 ], [ 88.991862, 22.322844 ], [ 88.991796, 22.322827 ], [ 88.991689, 22.322807 ], [ 88.99162, 22.322789 ], [ 88.991516, 22.322769 ], [ 88.991445, 22.322751 ], [ 88.991343, 22.322732 ], [ 88.99127, 22.322713 ], [ 88.99117, 22.322695 ], [ 88.991094, 22.322675 ], [ 88.990997, 22.322657 ], [ 88.990919, 22.322637 ], [ 88.990824, 22.32262 ], [ 88.990743, 22.322599 ], [ 88.990651, 22.322583 ], [ 88.990568, 22.322561 ], [ 88.990478, 22.322545 ], [ 88.990393, 22.322523 ], [ 88.990305, 22.322508 ], [ 88.990217, 22.322485 ], [ 88.990132, 22.32247 ], [ 88.990042, 22.322448 ], [ 88.989959, 22.322433 ], [ 88.989899, 22.322418 ], [ 88.989779, 22.322423 ], [ 88.989763, 22.322422 ], [ 88.989595, 22.322429 ], [ 88.989582, 22.322428 ], [ 88.989411, 22.322435 ], [ 88.989402, 22.322434 ], [ 88.989222, 22.322441 ], [ 88.989047, 22.322462 ], [ 88.988876, 22.322498 ], [ 88.988711, 22.322549 ], [ 88.988551, 22.322615 ], [ 88.988395, 22.322696 ], [ 88.98838, 22.322705 ], [ 88.98824, 22.322777 ], [ 88.988221, 22.32279 ], [ 88.988085, 22.322859 ], [ 88.988062, 22.322874 ], [ 88.98793, 22.322941 ], [ 88.987903, 22.322958 ], [ 88.987775, 22.323023 ], [ 88.987769, 22.323027 ], [ 88.987744, 22.323042 ], [ 88.98762, 22.323105 ], [ 88.987586, 22.323126 ], [ 88.987465, 22.323187 ], [ 88.987427, 22.32321 ], [ 88.987339, 22.323254 ], [ 88.98728, 22.323311 ], [ 88.987225, 22.323355 ], [ 88.987147, 22.323429 ], [ 88.987091, 22.323474 ], [ 88.987014, 22.323547 ], [ 88.986958, 22.323593 ], [ 88.986881, 22.323666 ], [ 88.986824, 22.323712 ], [ 88.986749, 22.323784 ], [ 88.986691, 22.323831 ], [ 88.986655, 22.323865 ], [ 88.986616, 22.323902 ], [ 88.986557, 22.32395 ], [ 88.986483, 22.324021 ], [ 88.986424, 22.324069 ], [ 88.98635, 22.324139 ], [ 88.986291, 22.324187 ], [ 88.986217, 22.324257 ], [ 88.986157, 22.324306 ], [ 88.986085, 22.324376 ], [ 88.986024, 22.324425 ], [ 88.985952, 22.324494 ], [ 88.98589, 22.324544 ], [ 88.985819, 22.324612 ], [ 88.985757, 22.324663 ], [ 88.985628, 22.324787 ], [ 88.985511, 22.324921 ], [ 88.985405, 22.325067 ], [ 88.98531, 22.325223 ], [ 88.985226, 22.325389 ], [ 88.985154, 22.325567 ], [ 88.985149, 22.32558 ], [ 88.985082, 22.325745 ], [ 88.985078, 22.325758 ], [ 88.98501, 22.325924 ], [ 88.985006, 22.325937 ], [ 88.984989, 22.325978 ], [ 88.984988, 22.326031 ], [ 88.984991, 22.326115 ], [ 88.984989, 22.326209 ], [ 88.984992, 22.326293 ], [ 88.98499, 22.326387 ], [ 88.984994, 22.326471 ], [ 88.984991, 22.326565 ], [ 88.984995, 22.32665 ], [ 88.984993, 22.326743 ], [ 88.984996, 22.326828 ], [ 88.984994, 22.326922 ], [ 88.984997, 22.327006 ], [ 88.984995, 22.3271 ], [ 88.984998, 22.327184 ], [ 88.984996, 22.327278 ], [ 88.985, 22.327362 ], [ 88.984997, 22.327456 ], [ 88.985001, 22.327541 ], [ 88.984999, 22.327634 ], [ 88.985002, 22.327719 ], [ 88.985, 22.327812 ], [ 88.985003, 22.327897 ], [ 88.985001, 22.32799 ], [ 88.985005, 22.328075 ], [ 88.985002, 22.328168 ], [ 88.985006, 22.328254 ], [ 88.985004, 22.328346 ], [ 88.985007, 22.328432 ], [ 88.985005, 22.328524 ], [ 88.985008, 22.32861 ], [ 88.985006, 22.328702 ], [ 88.98501, 22.328788 ], [ 88.985007, 22.32888 ], [ 88.985011, 22.328966 ], [ 88.985009, 22.329058 ], [ 88.985012, 22.329145 ], [ 88.98501, 22.329236 ], [ 88.985013, 22.329323 ], [ 88.985011, 22.329414 ], [ 88.985014, 22.329501 ], [ 88.985012, 22.329592 ], [ 88.985016, 22.329679 ], [ 88.985013, 22.329771 ], [ 88.985017, 22.329857 ], [ 88.985015, 22.329949 ], [ 88.985018, 22.330036 ], [ 88.985016, 22.330127 ], [ 88.985019, 22.330214 ], [ 88.985017, 22.330305 ], [ 88.985021, 22.330392 ], [ 88.985018, 22.330483 ], [ 88.985022, 22.33057 ], [ 88.98502, 22.330661 ], [ 88.985023, 22.330749 ], [ 88.985021, 22.330839 ], [ 88.985024, 22.330927 ], [ 88.985022, 22.331017 ], [ 88.985026, 22.331105 ], [ 88.985023, 22.331195 ], [ 88.985027, 22.331283 ], [ 88.985025, 22.331373 ], [ 88.985028, 22.331461 ], [ 88.985026, 22.331551 ], [ 88.985029, 22.33164 ], [ 88.985027, 22.331729 ], [ 88.98503, 22.331818 ], [ 88.985028, 22.331907 ], [ 88.985032, 22.331996 ], [ 88.985029, 22.332085 ], [ 88.985033, 22.332174 ], [ 88.985031, 22.332263 ], [ 88.985034, 22.332353 ], [ 88.985032, 22.332441 ], [ 88.985035, 22.332531 ], [ 88.985033, 22.33262 ], [ 88.985037, 22.332709 ], [ 88.985034, 22.332798 ], [ 88.985038, 22.332887 ], [ 88.985036, 22.332976 ], [ 88.985039, 22.333065 ], [ 88.985037, 22.333154 ], [ 88.98504, 22.333244 ], [ 88.985038, 22.333332 ], [ 88.985042, 22.333422 ], [ 88.985039, 22.33351 ], [ 88.985043, 22.3336 ], [ 88.98504, 22.333688 ], [ 88.985048, 22.333866 ], [ 88.985057, 22.33396 ], [ 88.98508, 22.334053 ], [ 88.9851, 22.334119 ], [ 88.985126, 22.334226 ], [ 88.985146, 22.334291 ], [ 88.985172, 22.3344 ], [ 88.985192, 22.334462 ], [ 88.985219, 22.334573 ], [ 88.985238, 22.334634 ], [ 88.985265, 22.334746 ], [ 88.985284, 22.334805 ], [ 88.985311, 22.334919 ], [ 88.985329, 22.334976 ], [ 88.985358, 22.335092 ], [ 88.985375, 22.335148 ], [ 88.985404, 22.335265 ], [ 88.985421, 22.335319 ], [ 88.98545, 22.335438 ], [ 88.985467, 22.33549 ], [ 88.985497, 22.335611 ], [ 88.985513, 22.335662 ], [ 88.985543, 22.335784 ], [ 88.985558, 22.335833 ], [ 88.985589, 22.335957 ], [ 88.985604, 22.336004 ], [ 88.985636, 22.33613 ], [ 88.98565, 22.336176 ], [ 88.985682, 22.336303 ], [ 88.985696, 22.336347 ], [ 88.985728, 22.336477 ], [ 88.985742, 22.336518 ], [ 88.985775, 22.33665 ], [ 88.985787, 22.33669 ], [ 88.985821, 22.336823 ], [ 88.985833, 22.336861 ], [ 88.985867, 22.336996 ], [ 88.985879, 22.337032 ], [ 88.985914, 22.337169 ], [ 88.985925, 22.337204 ], [ 88.98596, 22.337342 ], [ 88.985971, 22.337375 ], [ 88.986006, 22.337515 ], [ 88.986016, 22.337546 ], [ 88.986052, 22.337688 ], [ 88.986062, 22.337718 ], [ 88.986099, 22.337861 ], [ 88.986108, 22.337889 ], [ 88.986145, 22.338034 ], [ 88.986154, 22.33806 ], [ 88.986191, 22.338207 ], [ 88.9862, 22.338232 ], [ 88.986238, 22.33838 ], [ 88.986245, 22.338403 ], [ 88.986284, 22.338553 ], [ 88.986291, 22.338575 ], [ 88.98633, 22.338727 ], [ 88.986337, 22.338746 ], [ 88.986377, 22.3389 ], [ 88.986383, 22.338917 ], [ 88.986423, 22.339073 ], [ 88.986428, 22.339089 ], [ 88.98647, 22.339246 ], [ 88.986474, 22.33926 ], [ 88.986516, 22.339419 ], [ 88.98652, 22.339431 ], [ 88.986562, 22.339592 ], [ 88.986566, 22.339603 ], [ 88.986609, 22.339765 ], [ 88.986612, 22.339774 ], [ 88.986655, 22.339938 ], [ 88.986657, 22.339945 ], [ 88.986701, 22.340111 ], [ 88.986703, 22.340117 ], [ 88.986748, 22.340284 ], [ 88.986749, 22.340288 ], [ 88.986794, 22.340457 ], [ 88.986795, 22.340459 ], [ 88.98684, 22.34063 ], [ 88.98684, 22.340631 ], [ 88.986886, 22.340802 ], [ 88.986887, 22.340803 ], [ 88.986932, 22.340973 ], [ 88.986933, 22.340977 ], [ 88.986978, 22.341145 ], [ 88.986979, 22.34115 ], [ 88.987024, 22.341316 ], [ 88.987025, 22.341323 ], [ 88.98707, 22.341487 ], [ 88.987071, 22.341496 ], [ 88.987116, 22.341659 ], [ 88.987118, 22.341669 ], [ 88.987162, 22.34183 ], [ 88.987164, 22.341842 ], [ 88.987207, 22.342001 ], [ 88.98721, 22.342015 ], [ 88.987253, 22.342173 ], [ 88.987256, 22.342188 ], [ 88.987299, 22.342344 ], [ 88.987303, 22.342361 ], [ 88.987345, 22.342515 ], [ 88.987349, 22.342535 ], [ 88.987391, 22.342687 ], [ 88.987395, 22.342708 ], [ 88.987437, 22.342858 ], [ 88.987441, 22.342881 ], [ 88.987483, 22.343029 ], [ 88.987488, 22.343054 ], [ 88.987529, 22.343201 ], [ 88.987534, 22.343227 ], [ 88.987574, 22.343372 ], [ 88.98758, 22.3434 ], [ 88.98762, 22.343543 ], [ 88.987626, 22.343573 ], [ 88.987666, 22.343715 ], [ 88.987673, 22.343746 ], [ 88.987712, 22.343886 ], [ 88.987719, 22.343919 ], [ 88.987758, 22.344057 ], [ 88.987765, 22.344092 ], [ 88.987804, 22.344229 ], [ 88.987811, 22.344266 ], [ 88.98785, 22.3444 ], [ 88.987858, 22.344439 ], [ 88.987895, 22.344571 ], [ 88.987904, 22.344612 ], [ 88.98792, 22.344668 ], [ 88.987935, 22.344769 ], [ 88.987936, 22.344789 ], [ 88.987959, 22.344947 ], [ 88.987961, 22.344968 ], [ 88.987984, 22.345125 ], [ 88.987985, 22.345147 ], [ 88.988008, 22.345303 ], [ 88.98801, 22.345326 ], [ 88.988033, 22.345481 ], [ 88.988034, 22.345505 ], [ 88.988057, 22.345659 ], [ 88.988059, 22.345684 ], [ 88.988082, 22.345837 ], [ 88.988083, 22.345862 ], [ 88.988106, 22.346015 ], [ 88.988108, 22.346041 ], [ 88.988131, 22.346193 ], [ 88.988133, 22.34622 ], [ 88.988155, 22.346371 ], [ 88.988157, 22.346399 ], [ 88.988169, 22.34648 ], [ 88.98818, 22.346549 ], [ 88.988182, 22.346578 ], [ 88.988204, 22.346727 ], [ 88.988206, 22.346757 ], [ 88.988229, 22.346906 ], [ 88.988231, 22.346936 ], [ 88.988253, 22.347084 ], [ 88.988255, 22.347115 ], [ 88.988278, 22.347262 ], [ 88.98828, 22.347294 ], [ 88.988302, 22.34744 ], [ 88.988304, 22.347473 ], [ 88.988327, 22.347618 ], [ 88.988329, 22.347652 ], [ 88.988351, 22.347796 ], [ 88.988353, 22.347831 ], [ 88.988376, 22.347974 ], [ 88.988378, 22.34801 ], [ 88.9884, 22.348152 ], [ 88.988402, 22.348189 ], [ 88.988425, 22.34833 ], [ 88.988427, 22.348368 ], [ 88.988449, 22.348508 ], [ 88.988459, 22.348686 ], [ 88.988449, 22.348865 ], [ 88.988424, 22.349018 ], [ 88.988422, 22.349043 ], [ 88.988397, 22.349197 ], [ 88.988396, 22.349222 ], [ 88.988371, 22.349375 ], [ 88.988369, 22.3494 ], [ 88.988344, 22.349554 ], [ 88.988343, 22.349579 ], [ 88.988318, 22.349733 ], [ 88.988316, 22.349757 ], [ 88.988291, 22.349912 ], [ 88.98829, 22.349936 ], [ 88.988277, 22.350012 ], [ 88.988265, 22.35009 ], [ 88.988263, 22.350114 ], [ 88.988238, 22.350269 ], [ 88.988237, 22.350293 ], [ 88.988212, 22.350448 ], [ 88.98821, 22.350471 ], [ 88.988185, 22.350627 ], [ 88.988183, 22.35065 ], [ 88.988159, 22.350805 ], [ 88.988157, 22.350828 ], [ 88.988145, 22.350905 ], [ 88.988122, 22.350976 ], [ 88.98812, 22.35098 ], [ 88.988068, 22.351145 ], [ 88.988066, 22.35115 ], [ 88.988013, 22.351314 ], [ 88.988011, 22.35132 ], [ 88.987959, 22.351483 ], [ 88.987956, 22.35149 ], [ 88.987905, 22.351652 ], [ 88.987902, 22.35166 ], [ 88.987851, 22.351821 ], [ 88.987847, 22.35183 ], [ 88.987797, 22.351989 ], [ 88.987792, 22.352 ], [ 88.987742, 22.352158 ], [ 88.987738, 22.35217 ], [ 88.987688, 22.352327 ], [ 88.987683, 22.35234 ], [ 88.987634, 22.352496 ], [ 88.987628, 22.352509 ], [ 88.98758, 22.352665 ], [ 88.987574, 22.352679 ], [ 88.987525, 22.352834 ], [ 88.987519, 22.352849 ], [ 88.987471, 22.353002 ], [ 88.987464, 22.353019 ], [ 88.987417, 22.353171 ], [ 88.98741, 22.353189 ], [ 88.987363, 22.35334 ], [ 88.987355, 22.353359 ], [ 88.987308, 22.353509 ], [ 88.9873, 22.353529 ], [ 88.987254, 22.353678 ], [ 88.987246, 22.353699 ], [ 88.9872, 22.353847 ], [ 88.987191, 22.353869 ], [ 88.987146, 22.354015 ], [ 88.987137, 22.354039 ], [ 88.987092, 22.354184 ], [ 88.987082, 22.354209 ], [ 88.987037, 22.354353 ], [ 88.987027, 22.354378 ], [ 88.986983, 22.354522 ], [ 88.986973, 22.354548 ], [ 88.986929, 22.354691 ], [ 88.986918, 22.354718 ], [ 88.986875, 22.35486 ], [ 88.986863, 22.354888 ], [ 88.98682, 22.355028 ], [ 88.986809, 22.355058 ], [ 88.986766, 22.355197 ], [ 88.986754, 22.355228 ], [ 88.986712, 22.355366 ], [ 88.986699, 22.355398 ], [ 88.986658, 22.355535 ], [ 88.986645, 22.355568 ], [ 88.986603, 22.355704 ], [ 88.98659, 22.355738 ], [ 88.986549, 22.355873 ], [ 88.986535, 22.355908 ], [ 88.986495, 22.356041 ], [ 88.986481, 22.356078 ], [ 88.986441, 22.35621 ], [ 88.986426, 22.356248 ], [ 88.986386, 22.356379 ], [ 88.986371, 22.356417 ], [ 88.986368, 22.356428 ], [ 88.986368, 22.356443 ], [ 88.98638, 22.356564 ], [ 88.98638, 22.356636 ], [ 88.986392, 22.356754 ], [ 88.986392, 22.356829 ], [ 88.986411, 22.357019 ], [ 88.986448, 22.3572 ], [ 88.986502, 22.357373 ], [ 88.986574, 22.357537 ], [ 88.986663, 22.357693 ], [ 88.986705, 22.357751 ], [ 88.98676, 22.357846 ], [ 88.986801, 22.357903 ], [ 88.986856, 22.357999 ], [ 88.986897, 22.358055 ], [ 88.986953, 22.358151 ], [ 88.986993, 22.358208 ], [ 88.987049, 22.358304 ], [ 88.98709, 22.35836 ], [ 88.987146, 22.358457 ], [ 88.987186, 22.358512 ], [ 88.987243, 22.358609 ], [ 88.987282, 22.358665 ], [ 88.987339, 22.358762 ], [ 88.987378, 22.358817 ], [ 88.987436, 22.358915 ], [ 88.987474, 22.358969 ], [ 88.987532, 22.359068 ], [ 88.98757, 22.359122 ], [ 88.987629, 22.35922 ], [ 88.987667, 22.359274 ], [ 88.987725, 22.359373 ], [ 88.987763, 22.359426 ], [ 88.987822, 22.359526 ], [ 88.987859, 22.359578 ], [ 88.987918, 22.359678 ], [ 88.987955, 22.359731 ], [ 88.988015, 22.359831 ], [ 88.988051, 22.359883 ], [ 88.988111, 22.359984 ], [ 88.988148, 22.360035 ], [ 88.988208, 22.360137 ], [ 88.988244, 22.360188 ], [ 88.988304, 22.360289 ], [ 88.98834, 22.36034 ], [ 88.988401, 22.360442 ], [ 88.988436, 22.360492 ], [ 88.988497, 22.360595 ], [ 88.988532, 22.360645 ], [ 88.988594, 22.360748 ], [ 88.988629, 22.360797 ], [ 88.988691, 22.3609 ], [ 88.988725, 22.360949 ], [ 88.988787, 22.361053 ], [ 88.988821, 22.361102 ], [ 88.988884, 22.361206 ], [ 88.988917, 22.361254 ], [ 88.98898, 22.361358 ], [ 88.989013, 22.361406 ], [ 88.989077, 22.361511 ], [ 88.989109, 22.361558 ], [ 88.989173, 22.361664 ], [ 88.989206, 22.361711 ], [ 88.98927, 22.361817 ], [ 88.989302, 22.361863 ], [ 88.989366, 22.361969 ], [ 88.989398, 22.362015 ], [ 88.989444, 22.362091 ], [ 88.989455, 22.362126 ], [ 88.989469, 22.362163 ], [ 88.989512, 22.362297 ], [ 88.989525, 22.362329 ], [ 88.98957, 22.362468 ], [ 88.98958, 22.362495 ], [ 88.989627, 22.36264 ], [ 88.989636, 22.362661 ], [ 88.989684, 22.362811 ], [ 88.989691, 22.362828 ], [ 88.989742, 22.362982 ], [ 88.989747, 22.362994 ], [ 88.989799, 22.363154 ], [ 88.989802, 22.36316 ], [ 88.989857, 22.363325 ], [ 88.989857, 22.363327 ], [ 88.989913, 22.363493 ], [ 88.989914, 22.363496 ], [ 88.989969, 22.363659 ], [ 88.990013, 22.363828 ], [ 88.990045, 22.363999 ], [ 88.990057, 22.364102 ], [ 88.990042, 22.364203 ], [ 88.990004, 22.364373 ], [ 88.989955, 22.364539 ], [ 88.989894, 22.364702 ], [ 88.989821, 22.36486 ], [ 88.989737, 22.365015 ], [ 88.989727, 22.36503 ], [ 88.989651, 22.36517 ], [ 88.98964, 22.365188 ], [ 88.989566, 22.365325 ], [ 88.989553, 22.365346 ], [ 88.989481, 22.365479 ], [ 88.989466, 22.365504 ], [ 88.989396, 22.365634 ], [ 88.989378, 22.365662 ], [ 88.989311, 22.365788 ], [ 88.989291, 22.36582 ], [ 88.989225, 22.365943 ], [ 88.989204, 22.365978 ], [ 88.98914, 22.366098 ], [ 88.989117, 22.366137 ], [ 88.989055, 22.366252 ], [ 88.989029, 22.366295 ], [ 88.98897, 22.366407 ], [ 88.988966, 22.366413 ], [ 88.988942, 22.366453 ], [ 88.988884, 22.366562 ], [ 88.988855, 22.366611 ], [ 88.988799, 22.366716 ], [ 88.988767, 22.366769 ], [ 88.988714, 22.366871 ], [ 88.98868, 22.366928 ], [ 88.988629, 22.367026 ], [ 88.988593, 22.367086 ], [ 88.988543, 22.36718 ], [ 88.988506, 22.367244 ], [ 88.988458, 22.367335 ], [ 88.988419, 22.367402 ], [ 88.98841, 22.367418 ], [ 88.988332, 22.3675 ], [ 88.988298, 22.367532 ], [ 88.988206, 22.367627 ], [ 88.988173, 22.367659 ], [ 88.988081, 22.367755 ], [ 88.988048, 22.367786 ], [ 88.987955, 22.367883 ], [ 88.987923, 22.367912 ], [ 88.987829, 22.36801 ], [ 88.987798, 22.368039 ], [ 88.987703, 22.368138 ], [ 88.987674, 22.368166 ], [ 88.987578, 22.368265 ], [ 88.987549, 22.368292 ], [ 88.987452, 22.368393 ], [ 88.987424, 22.368419 ], [ 88.987326, 22.368521 ], [ 88.987299, 22.368546 ], [ 88.987201, 22.368648 ], [ 88.987174, 22.368672 ], [ 88.987075, 22.368776 ], [ 88.98705, 22.368799 ], [ 88.986949, 22.368903 ], [ 88.986925, 22.368926 ], [ 88.986823, 22.369031 ], [ 88.9868, 22.369052 ], [ 88.986698, 22.369159 ], [ 88.986675, 22.369179 ], [ 88.986572, 22.369286 ], [ 88.986551, 22.369306 ], [ 88.986446, 22.369414 ], [ 88.986426, 22.369433 ], [ 88.98632, 22.369541 ], [ 88.986301, 22.369559 ], [ 88.986195, 22.369669 ], [ 88.986176, 22.369686 ], [ 88.986069, 22.369796 ], [ 88.986051, 22.369813 ], [ 88.985943, 22.369924 ], [ 88.985927, 22.369939 ], [ 88.985818, 22.370052 ], [ 88.985802, 22.370066 ], [ 88.985692, 22.370179 ], [ 88.985677, 22.370193 ], [ 88.985566, 22.370307 ], [ 88.985552, 22.37032 ], [ 88.98544, 22.370434 ], [ 88.985427, 22.370446 ], [ 88.985315, 22.370562 ], [ 88.985303, 22.370573 ], [ 88.985189, 22.37069 ], [ 88.985178, 22.3707 ], [ 88.985063, 22.370817 ], [ 88.985053, 22.370826 ], [ 88.984937, 22.370945 ], [ 88.984928, 22.370953 ], [ 88.984837, 22.371047 ], [ 88.984818, 22.371079 ], [ 88.984764, 22.371159 ], [ 88.984718, 22.371237 ], [ 88.984689, 22.37128 ], [ 88.984667, 22.371314 ], [ 88.984619, 22.371396 ], [ 88.984569, 22.371469 ], [ 88.98452, 22.371554 ], [ 88.984472, 22.371624 ], [ 88.984421, 22.371712 ], [ 88.984374, 22.37178 ], [ 88.984283, 22.371937 ], [ 88.984205, 22.372097 ], [ 88.984142, 22.372262 ], [ 88.984092, 22.37243 ], [ 88.984057, 22.372602 ], [ 88.984039, 22.372752 ], [ 88.984034, 22.372778 ], [ 88.984016, 22.372925 ], [ 88.98401, 22.372953 ], [ 88.983993, 22.373097 ], [ 88.983987, 22.373129 ], [ 88.98397, 22.373269 ], [ 88.983964, 22.373304 ], [ 88.983948, 22.373441 ], [ 88.98394, 22.373479 ], [ 88.983925, 22.373614 ], [ 88.983917, 22.373655 ], [ 88.983908, 22.373731 ], [ 88.983902, 22.373786 ], [ 88.983894, 22.37383 ], [ 88.983879, 22.373958 ], [ 88.983871, 22.374005 ], [ 88.983856, 22.37413 ], [ 88.983847, 22.374181 ], [ 88.983834, 22.374302 ], [ 88.983824, 22.374356 ], [ 88.983818, 22.374414 ], [ 88.983827, 22.374475 ], [ 88.983828, 22.374482 ], [ 88.983853, 22.374647 ], [ 88.983855, 22.374662 ], [ 88.98388, 22.374819 ], [ 88.983882, 22.374841 ], [ 88.983905, 22.374985 ], [ 88.983906, 22.374991 ], [ 88.983909, 22.375021 ], [ 88.983933, 22.375164 ], [ 88.983936, 22.375201 ], [ 88.983959, 22.375336 ], [ 88.983963, 22.37538 ], [ 88.983985, 22.375508 ], [ 88.98399, 22.37556 ], [ 88.984012, 22.37568 ], [ 88.984018, 22.375739 ], [ 88.984038, 22.375853 ], [ 88.984045, 22.375919 ], [ 88.984078, 22.376097 ], [ 88.984125, 22.37627 ], [ 88.984188, 22.376438 ], [ 88.984264, 22.376603 ], [ 88.984356, 22.376762 ], [ 88.984462, 22.376917 ], [ 88.984472, 22.37693 ], [ 88.984569, 22.377072 ], [ 88.984579, 22.377083 ], [ 88.984677, 22.377226 ], [ 88.984685, 22.377237 ], [ 88.984784, 22.377381 ], [ 88.984792, 22.377391 ], [ 88.984891, 22.377535 ], [ 88.984898, 22.377544 ], [ 88.984999, 22.37769 ], [ 88.985005, 22.377698 ], [ 88.985106, 22.377844 ], [ 88.985111, 22.377851 ], [ 88.985213, 22.377999 ], [ 88.985218, 22.378005 ], [ 88.985321, 22.378154 ], [ 88.985324, 22.378158 ], [ 88.985428, 22.378308 ], [ 88.985431, 22.378312 ], [ 88.985485, 22.37839 ], [ 88.985535, 22.378463 ], [ 88.985537, 22.378465 ], [ 88.985643, 22.378617 ], [ 88.985644, 22.378619 ], [ 88.98575, 22.378772 ], [ 88.98575, 22.378772 ], [ 88.985822, 22.378876 ], [ 88.985901, 22.378868 ], [ 88.986135, 22.378858 ], [ 88.986359, 22.37886 ], [ 88.986574, 22.378873 ], [ 88.986779, 22.3789 ], [ 88.986975, 22.378938 ], [ 88.987161, 22.378989 ], [ 88.987338, 22.379052 ], [ 88.987423, 22.37909 ], [ 88.987509, 22.379121 ], [ 88.987592, 22.379158 ], [ 88.987681, 22.37919 ], [ 88.98776, 22.379226 ], [ 88.987853, 22.379259 ], [ 88.987929, 22.379294 ], [ 88.988025, 22.379328 ], [ 88.988191, 22.379405 ], [ 88.988344, 22.379498 ], [ 88.988462, 22.379586 ], [ 88.988489, 22.379603 ], [ 88.988607, 22.379692 ], [ 88.988633, 22.379707 ], [ 88.988753, 22.379797 ], [ 88.988777, 22.379812 ], [ 88.988899, 22.379903 ], [ 88.988922, 22.379917 ], [ 88.989044, 22.380008 ], [ 88.989066, 22.380021 ], [ 88.98919, 22.380114 ], [ 88.98921, 22.380126 ], [ 88.989335, 22.380219 ], [ 88.989355, 22.380231 ], [ 88.989481, 22.380325 ], [ 88.989499, 22.380336 ], [ 88.989627, 22.38043 ], [ 88.989643, 22.38044 ], [ 88.989772, 22.380536 ], [ 88.989788, 22.380545 ], [ 88.989918, 22.380641 ], [ 88.989932, 22.38065 ], [ 88.990063, 22.380747 ], [ 88.990076, 22.380754 ], [ 88.990209, 22.380852 ], [ 88.990221, 22.380859 ], [ 88.990355, 22.380958 ], [ 88.990365, 22.380964 ], [ 88.9905, 22.381063 ], [ 88.990509, 22.381069 ], [ 88.990646, 22.381169 ], [ 88.990654, 22.381173 ], [ 88.990791, 22.381274 ], [ 88.990798, 22.381278 ], [ 88.990937, 22.38138 ], [ 88.990942, 22.381383 ], [ 88.991083, 22.381485 ], [ 88.991087, 22.381488 ], [ 88.991228, 22.381591 ], [ 88.991231, 22.381592 ], [ 88.991374, 22.381696 ], [ 88.991375, 22.381697 ], [ 88.991519, 22.381802 ], [ 88.99152, 22.381802 ], [ 88.991664, 22.381906 ], [ 88.991665, 22.381907 ], [ 88.991723, 22.381949 ], [ 88.991808, 22.382011 ], [ 88.99181, 22.382013 ], [ 88.991953, 22.382116 ], [ 88.991956, 22.382119 ], [ 88.992097, 22.38222 ], [ 88.992101, 22.382224 ], [ 88.992242, 22.382325 ], [ 88.992247, 22.38233 ], [ 88.992386, 22.382429 ], [ 88.992393, 22.382435 ], [ 88.992531, 22.382534 ], [ 88.992538, 22.382541 ], [ 88.992675, 22.382639 ], [ 88.992684, 22.382647 ], [ 88.992819, 22.382743 ], [ 88.992829, 22.382752 ], [ 88.992964, 22.382848 ], [ 88.992975, 22.382858 ], [ 88.993108, 22.382952 ], [ 88.99312, 22.382963 ], [ 88.993253, 22.383057 ], [ 88.993266, 22.383069 ], [ 88.993397, 22.383162 ], [ 88.993411, 22.383175 ], [ 88.993541, 22.383266 ], [ 88.993557, 22.38328 ], [ 88.993686, 22.383371 ], [ 88.993702, 22.383386 ], [ 88.99383, 22.383475 ], [ 88.993848, 22.383492 ], [ 88.993975, 22.38358 ], [ 88.993993, 22.383597 ], [ 88.994119, 22.383685 ], [ 88.994139, 22.383703 ], [ 88.994264, 22.383789 ], [ 88.994284, 22.383808 ], [ 88.994408, 22.383894 ], [ 88.99443, 22.383914 ], [ 88.994552, 22.383998 ], [ 88.994575, 22.38402 ], [ 88.994697, 22.384103 ], [ 88.994721, 22.384125 ], [ 88.994841, 22.384208 ], [ 88.994866, 22.384231 ], [ 88.994975, 22.384305 ], [ 88.995006, 22.384345 ], [ 88.995092, 22.384423 ], [ 88.995134, 22.384477 ], [ 88.995218, 22.384552 ], [ 88.995262, 22.384609 ], [ 88.995343, 22.384682 ], [ 88.995389, 22.384741 ], [ 88.995469, 22.384811 ], [ 88.995497, 22.384847 ], [ 88.995517, 22.384873 ], [ 88.995595, 22.38494 ], [ 88.995644, 22.385005 ], [ 88.995721, 22.385069 ], [ 88.995772, 22.385137 ], [ 88.995847, 22.385198 ], [ 88.995899, 22.38527 ], [ 88.995973, 22.385327 ], [ 88.996026, 22.385402 ], [ 88.996099, 22.385455 ], [ 88.996199, 22.385601 ], [ 88.99624, 22.385763 ], [ 88.996249, 22.385778 ], [ 88.996289, 22.385934 ], [ 88.9963, 22.385955 ], [ 88.996337, 22.386105 ], [ 88.99635, 22.386132 ], [ 88.996385, 22.386277 ], [ 88.9964, 22.386309 ], [ 88.996434, 22.386448 ], [ 88.99645, 22.386486 ], [ 88.99647, 22.38657 ], [ 88.996482, 22.386619 ], [ 88.9965, 22.386663 ], [ 88.996531, 22.38679 ], [ 88.99655, 22.38684 ], [ 88.996579, 22.386961 ], [ 88.9966, 22.387017 ], [ 88.996618, 22.387092 ], [ 88.996608, 22.387132 ], [ 88.996605, 22.387166 ], [ 88.996571, 22.387302 ], [ 88.996567, 22.387342 ], [ 88.996533, 22.387472 ], [ 88.996528, 22.387518 ], [ 88.996516, 22.387567 ], [ 88.996496, 22.387643 ], [ 88.99649, 22.387694 ], [ 88.996458, 22.387813 ], [ 88.996452, 22.38787 ], [ 88.996421, 22.387983 ], [ 88.996414, 22.388046 ], [ 88.996383, 22.388153 ], [ 88.996376, 22.388222 ], [ 88.996345, 22.388323 ], [ 88.996338, 22.388398 ], [ 88.996284, 22.388567 ], [ 88.996268, 22.388594 ], [ 88.996221, 22.388731 ], [ 88.996215, 22.388741 ], [ 88.99616, 22.388888 ], [ 88.996159, 22.388896 ], [ 88.996103, 22.389034 ], [ 88.996098, 22.389062 ], [ 88.996047, 22.389179 ], [ 88.996037, 22.389228 ], [ 88.995991, 22.389326 ], [ 88.995975, 22.389394 ], [ 88.995895, 22.389551 ], [ 88.995848, 22.389605 ], [ 88.995798, 22.389701 ], [ 88.99575, 22.389757 ], [ 88.995701, 22.38985 ], [ 88.995653, 22.389908 ], [ 88.995604, 22.39 ], [ 88.995555, 22.39006 ], [ 88.995507, 22.39015 ], [ 88.995485, 22.390178 ], [ 88.995458, 22.390212 ], [ 88.99541, 22.3903 ], [ 88.99536, 22.390364 ], [ 88.995314, 22.39045 ], [ 88.995262, 22.390516 ], [ 88.995217, 22.3906 ], [ 88.995165, 22.390667 ], [ 88.995135, 22.390722 ], [ 88.99505, 22.390804 ], [ 88.995041, 22.390815 ], [ 88.995032, 22.390828 ], [ 88.994924, 22.390931 ], [ 88.994905, 22.390955 ], [ 88.994776, 22.391079 ], [ 88.994643, 22.39117 ], [ 88.994628, 22.391184 ], [ 88.994508, 22.391264 ], [ 88.99448, 22.391288 ], [ 88.994372, 22.391358 ], [ 88.994333, 22.391392 ], [ 88.994237, 22.391453 ], [ 88.994185, 22.391496 ], [ 88.994102, 22.391547 ], [ 88.994037, 22.3916 ], [ 88.99388, 22.391694 ], [ 88.993707, 22.391771 ], [ 88.993517, 22.391829 ], [ 88.993311, 22.391869 ], [ 88.993088, 22.39189 ], [ 88.992849, 22.391893 ], [ 88.992593, 22.391878 ], [ 88.992521, 22.39187 ], [ 88.992332, 22.391858 ], [ 88.992264, 22.39185 ], [ 88.992071, 22.391838 ], [ 88.992008, 22.39183 ], [ 88.99181, 22.391817 ], [ 88.991752, 22.391811 ], [ 88.99155, 22.391797 ], [ 88.991495, 22.391791 ], [ 88.991289, 22.391777 ], [ 88.991239, 22.391771 ], [ 88.991217, 22.39177 ], [ 88.991149, 22.39189 ], [ 88.991051, 22.392049 ], [ 88.990948, 22.392202 ], [ 88.990923, 22.392237 ], [ 88.990844, 22.392355 ], [ 88.990824, 22.392383 ], [ 88.990779, 22.392449 ], [ 88.99074, 22.392507 ], [ 88.990724, 22.392529 ], [ 88.990697, 22.392569 ], [ 88.990649, 22.392629 ], [ 88.990613, 22.39267 ], [ 88.990529, 22.392775 ], [ 88.990519, 22.392786 ], [ 88.990498, 22.39281 ], [ 88.990409, 22.392921 ], [ 88.990383, 22.39295 ], [ 88.990289, 22.393066 ], [ 88.990267, 22.39309 ], [ 88.990169, 22.393212 ], [ 88.990045, 22.393352 ], [ 88.989916, 22.393483 ], [ 88.989782, 22.393607 ], [ 88.989643, 22.393723 ], [ 88.989499, 22.393831 ], [ 88.989351, 22.393931 ], [ 88.989265, 22.393983 ], [ 88.9892, 22.394027 ], [ 88.989115, 22.394078 ], [ 88.989048, 22.394123 ], [ 88.988965, 22.394174 ], [ 88.988897, 22.394219 ], [ 88.988814, 22.394269 ], [ 88.988746, 22.394315 ], [ 88.988664, 22.394365 ], [ 88.988595, 22.394411 ], [ 88.988513, 22.39446 ], [ 88.988444, 22.394507 ], [ 88.988363, 22.394556 ], [ 88.988292, 22.394603 ], [ 88.988212, 22.394652 ], [ 88.988141, 22.394699 ], [ 88.988062, 22.394747 ], [ 88.98799, 22.394796 ], [ 88.987912, 22.394843 ], [ 88.987839, 22.394892 ], [ 88.987761, 22.394938 ], [ 88.987688, 22.394988 ], [ 88.987611, 22.395034 ], [ 88.987536, 22.395084 ], [ 88.98746, 22.395129 ], [ 88.987385, 22.39518 ], [ 88.98731, 22.395225 ], [ 88.987234, 22.395276 ], [ 88.987159, 22.39532 ], [ 88.987083, 22.395372 ], [ 88.987009, 22.395416 ], [ 88.986932, 22.395468 ], [ 88.986859, 22.395511 ], [ 88.98678, 22.395564 ], [ 88.986708, 22.395607 ], [ 88.986629, 22.39566 ], [ 88.986558, 22.395702 ], [ 88.986478, 22.395756 ], [ 88.986407, 22.395798 ], [ 88.986327, 22.395852 ], [ 88.986257, 22.395893 ], [ 88.986176, 22.395948 ], [ 88.986106, 22.395989 ], [ 88.986024, 22.396044 ], [ 88.985956, 22.396085 ], [ 88.985873, 22.39614 ], [ 88.985806, 22.39618 ], [ 88.985722, 22.396236 ], [ 88.985655, 22.396276 ], [ 88.985571, 22.396332 ], [ 88.985505, 22.396371 ], [ 88.98542, 22.396428 ], [ 88.985354, 22.396467 ], [ 88.985268, 22.396524 ], [ 88.985204, 22.396562 ], [ 88.985117, 22.39662 ], [ 88.985054, 22.396658 ], [ 88.984966, 22.396716 ], [ 88.984903, 22.396753 ], [ 88.984815, 22.396812 ], [ 88.984753, 22.396849 ], [ 88.984663, 22.396908 ], [ 88.984602, 22.396944 ], [ 88.984512, 22.397004 ], [ 88.984452, 22.39704 ], [ 88.984361, 22.3971 ], [ 88.984301, 22.397135 ], [ 88.98421, 22.397196 ], [ 88.984151, 22.397231 ], [ 88.984059, 22.397292 ], [ 88.984001, 22.397327 ], [ 88.983907, 22.397388 ], [ 88.98385, 22.397422 ], [ 88.983756, 22.397484 ], [ 88.9837, 22.397518 ], [ 88.983626, 22.397567 ], [ 88.983606, 22.397583 ], [ 88.983553, 22.397622 ], [ 88.983465, 22.397694 ], [ 88.983412, 22.397734 ], [ 88.983324, 22.397806 ], [ 88.983271, 22.397846 ], [ 88.983183, 22.397918 ], [ 88.983129, 22.397958 ], [ 88.983042, 22.39803 ], [ 88.982988, 22.39807 ], [ 88.9829, 22.398142 ], [ 88.982847, 22.398182 ], [ 88.982759, 22.398254 ], [ 88.982705, 22.398294 ], [ 88.982618, 22.398366 ], [ 88.982564, 22.398406 ], [ 88.982477, 22.398478 ], [ 88.982423, 22.398518 ], [ 88.982335, 22.39859 ], [ 88.982281, 22.39863 ], [ 88.982194, 22.398702 ], [ 88.98214, 22.398742 ], [ 88.982053, 22.398814 ], [ 88.981999, 22.398854 ], [ 88.981912, 22.398926 ], [ 88.981857, 22.398966 ], [ 88.98177, 22.399038 ], [ 88.981716, 22.399078 ], [ 88.981629, 22.39915 ], [ 88.981575, 22.39919 ], [ 88.981488, 22.399262 ], [ 88.981433, 22.399302 ], [ 88.981391, 22.399337 ], [ 88.981347, 22.399374 ], [ 88.981292, 22.399414 ], [ 88.981206, 22.399486 ], [ 88.981151, 22.399526 ], [ 88.981064, 22.399598 ], [ 88.981009, 22.399638 ], [ 88.980923, 22.39971 ], [ 88.980868, 22.39975 ], [ 88.980782, 22.399822 ], [ 88.980727, 22.399862 ], [ 88.980641, 22.399934 ], [ 88.980585, 22.399974 ], [ 88.980499, 22.400046 ], [ 88.980444, 22.400086 ], [ 88.980358, 22.400158 ], [ 88.980302, 22.400198 ], [ 88.980217, 22.40027 ], [ 88.980161, 22.40031 ], [ 88.980076, 22.400382 ], [ 88.98002, 22.400422 ], [ 88.979935, 22.400494 ], [ 88.979878, 22.400534 ], [ 88.979793, 22.400606 ], [ 88.979737, 22.400646 ], [ 88.979652, 22.400718 ], [ 88.979596, 22.400758 ], [ 88.979511, 22.40083 ], [ 88.979454, 22.40087 ], [ 88.97937, 22.400942 ], [ 88.979313, 22.400982 ], [ 88.979228, 22.401054 ], [ 88.979172, 22.401094 ], [ 88.979087, 22.401166 ], [ 88.97903, 22.401206 ], [ 88.978893, 22.401323 ], [ 88.978777, 22.40144 ], [ 88.978766, 22.401449 ], [ 88.978653, 22.401564 ], [ 88.978639, 22.401575 ], [ 88.978528, 22.401688 ], [ 88.978512, 22.401702 ], [ 88.978403, 22.401813 ], [ 88.978385, 22.401828 ], [ 88.978278, 22.401937 ], [ 88.978258, 22.401955 ], [ 88.978154, 22.402061 ], [ 88.978131, 22.402081 ], [ 88.978029, 22.402186 ], [ 88.978004, 22.402208 ], [ 88.977904, 22.40231 ], [ 88.977877, 22.402334 ], [ 88.977779, 22.402435 ], [ 88.97775, 22.40246 ], [ 88.977655, 22.402559 ], [ 88.977623, 22.402587 ], [ 88.97753, 22.402683 ], [ 88.977496, 22.402713 ], [ 88.977405, 22.402808 ], [ 88.977369, 22.40284 ], [ 88.977311, 22.4029 ], [ 88.97728, 22.402932 ], [ 88.977242, 22.402966 ], [ 88.977156, 22.403056 ], [ 88.977114, 22.403093 ], [ 88.977031, 22.403181 ], [ 88.976987, 22.403219 ], [ 88.976906, 22.403305 ], [ 88.97686, 22.403346 ], [ 88.976781, 22.403429 ], [ 88.976733, 22.403472 ], [ 88.976657, 22.403554 ], [ 88.976606, 22.403598 ], [ 88.976532, 22.403678 ], [ 88.976479, 22.403725 ], [ 88.976407, 22.403802 ], [ 88.976352, 22.403851 ], [ 88.976282, 22.403927 ], [ 88.976225, 22.403978 ], [ 88.976157, 22.404051 ], [ 88.976098, 22.404104 ], [ 88.976033, 22.404175 ], [ 88.975971, 22.404231 ], [ 88.975908, 22.4043 ], [ 88.975844, 22.404357 ], [ 88.975783, 22.404424 ], [ 88.975653, 22.404543 ], [ 88.975512, 22.404651 ], [ 88.975504, 22.404657 ], [ 88.975371, 22.404759 ], [ 88.975366, 22.404762 ], [ 88.975229, 22.404867 ], [ 88.975229, 22.404867 ], [ 88.975091, 22.404972 ], [ 88.97496, 22.405088 ], [ 88.974842, 22.405209 ], [ 88.974835, 22.405215 ], [ 88.974716, 22.405337 ], [ 88.974711, 22.405342 ], [ 88.974591, 22.405465 ], [ 88.974586, 22.405469 ], [ 88.974465, 22.405593 ], [ 88.974461, 22.405596 ], [ 88.974339, 22.40572 ], [ 88.974336, 22.405723 ], [ 88.974214, 22.405848 ], [ 88.974211, 22.40585 ], [ 88.974088, 22.405976 ], [ 88.974086, 22.405978 ], [ 88.974064, 22.406001 ], [ 88.974035, 22.406047 ], [ 88.973995, 22.406122 ], [ 88.973945, 22.406202 ], [ 88.973909, 22.406271 ], [ 88.973856, 22.406358 ], [ 88.973823, 22.40642 ], [ 88.973766, 22.406514 ], [ 88.97376, 22.406525 ], [ 88.973736, 22.406569 ], [ 88.973676, 22.406669 ], [ 88.97365, 22.406719 ], [ 88.973586, 22.406825 ], [ 88.973564, 22.406868 ], [ 88.973497, 22.406981 ], [ 88.973478, 22.407017 ], [ 88.973407, 22.407137 ], [ 88.973391, 22.407167 ], [ 88.973317, 22.407292 ], [ 88.973305, 22.407316 ], [ 88.973227, 22.407448 ], [ 88.973145, 22.407608 ], [ 88.973072, 22.407774 ], [ 88.973007, 22.407945 ], [ 88.972952, 22.408121 ], [ 88.972905, 22.408303 ], [ 88.972866, 22.40849 ], [ 88.972837, 22.408683 ], [ 88.972826, 22.408788 ], [ 88.972813, 22.408878 ], [ 88.972803, 22.408971 ], [ 88.972788, 22.409074 ], [ 88.97278, 22.409154 ], [ 88.972764, 22.409269 ], [ 88.972758, 22.409328 ], [ 88.972757, 22.409336 ], [ 88.97274, 22.409465 ], [ 88.972734, 22.409519 ], [ 88.972715, 22.40966 ], [ 88.972712, 22.409702 ], [ 88.972691, 22.409856 ], [ 88.972689, 22.409885 ], [ 88.972665, 22.410068 ], [ 88.972635, 22.410253 ], [ 88.972597, 22.410441 ], [ 88.972554, 22.41063 ], [ 88.972522, 22.410747 ], [ 88.972414, 22.4112 ], [ 88.972471, 22.411254 ], [ 88.97261, 22.411377 ], [ 88.972752, 22.411495 ], [ 88.972896, 22.411608 ], [ 88.973042, 22.411715 ], [ 88.97319, 22.411817 ], [ 88.973319, 22.411901 ], [ 88.973339, 22.411915 ], [ 88.973471, 22.411999 ], [ 88.973489, 22.412012 ], [ 88.973622, 22.412097 ], [ 88.973639, 22.412109 ], [ 88.973773, 22.412196 ], [ 88.973788, 22.412206 ], [ 88.973924, 22.412294 ], [ 88.973938, 22.412304 ], [ 88.974075, 22.412392 ], [ 88.974088, 22.412401 ], [ 88.974227, 22.41249 ], [ 88.974237, 22.412498 ], [ 88.974378, 22.412589 ], [ 88.974387, 22.412595 ], [ 88.974529, 22.412687 ], [ 88.974537, 22.412693 ], [ 88.97468, 22.412785 ], [ 88.974687, 22.41279 ], [ 88.974831, 22.412884 ], [ 88.974836, 22.412887 ], [ 88.974983, 22.412982 ], [ 88.974986, 22.412984 ], [ 88.975134, 22.41308 ], [ 88.975136, 22.413081 ], [ 88.975285, 22.413179 ], [ 88.975438, 22.413269 ], [ 88.975593, 22.413353 ], [ 88.97574, 22.413426 ], [ 88.97575, 22.413431 ], [ 88.975901, 22.413506 ], [ 88.975907, 22.413509 ], [ 88.97598, 22.413545 ], [ 88.976061, 22.413586 ], [ 88.976064, 22.413587 ], [ 88.976092, 22.413601 ], [ 88.976127, 22.413615 ], [ 88.976231, 22.413651 ], [ 88.976297, 22.413677 ], [ 88.976401, 22.413714 ], [ 88.976467, 22.41374 ], [ 88.976572, 22.413777 ], [ 88.976638, 22.413803 ], [ 88.976743, 22.41384 ], [ 88.976808, 22.413866 ], [ 88.976914, 22.413903 ], [ 88.976978, 22.413928 ], [ 88.977084, 22.413965 ], [ 88.977148, 22.413991 ], [ 88.977255, 22.414028 ], [ 88.977318, 22.414054 ], [ 88.977426, 22.414091 ], [ 88.977489, 22.414117 ], [ 88.977597, 22.414154 ], [ 88.977659, 22.414179 ], [ 88.977768, 22.414217 ], [ 88.977829, 22.414242 ], [ 88.977938, 22.41428 ], [ 88.977999, 22.414305 ], [ 88.978109, 22.414343 ], [ 88.97817, 22.414367 ], [ 88.97828, 22.414406 ], [ 88.97834, 22.41443 ], [ 88.978451, 22.414469 ], [ 88.97851, 22.414493 ], [ 88.978621, 22.414531 ], [ 88.97868, 22.414556 ], [ 88.978792, 22.414594 ], [ 88.978851, 22.414618 ], [ 88.978963, 22.414657 ], [ 88.979021, 22.414681 ], [ 88.979134, 22.41472 ], [ 88.979191, 22.414744 ], [ 88.979304, 22.414783 ], [ 88.979361, 22.414807 ], [ 88.979475, 22.414846 ], [ 88.979532, 22.414869 ], [ 88.979646, 22.414909 ], [ 88.979702, 22.414932 ], [ 88.979817, 22.414972 ], [ 88.979872, 22.414995 ], [ 88.979988, 22.415035 ], [ 88.980042, 22.415058 ], [ 88.980158, 22.415097 ], [ 88.980213, 22.41512 ], [ 88.980329, 22.41516 ], [ 88.980383, 22.415183 ], [ 88.9805, 22.415223 ], [ 88.980553, 22.415246 ], [ 88.980671, 22.415286 ], [ 88.980723, 22.415309 ], [ 88.980842, 22.415349 ], [ 88.980893, 22.415371 ], [ 88.981012, 22.415412 ], [ 88.981064, 22.415434 ], [ 88.981183, 22.415475 ], [ 88.981234, 22.415497 ], [ 88.981354, 22.415538 ], [ 88.981404, 22.41556 ], [ 88.981525, 22.4156 ], [ 88.981574, 22.415622 ], [ 88.981695, 22.415663 ], [ 88.98186, 22.415737 ], [ 88.982015, 22.415824 ], [ 88.982162, 22.415927 ], [ 88.98226, 22.416011 ], [ 88.982301, 22.41604 ], [ 88.9824, 22.416124 ], [ 88.982441, 22.416153 ], [ 88.98254, 22.416237 ], [ 88.982581, 22.416266 ], [ 88.982681, 22.41635 ], [ 88.982721, 22.416379 ], [ 88.982821, 22.416464 ], [ 88.982861, 22.416492 ], [ 88.982961, 22.416577 ], [ 88.983001, 22.416605 ], [ 88.983101, 22.41669 ], [ 88.98312, 22.416704 ], [ 88.983141, 22.416718 ], [ 88.983241, 22.416803 ], [ 88.98328, 22.416831 ], [ 88.983382, 22.416917 ], [ 88.98342, 22.416944 ], [ 88.983522, 22.41703 ], [ 88.98356, 22.417057 ], [ 88.983662, 22.417143 ], [ 88.9837, 22.41717 ], [ 88.983802, 22.417256 ], [ 88.98384, 22.417283 ], [ 88.983892, 22.417328 ], [ 88.983935, 22.417376 ], [ 88.983935, 22.417376 ], [ 88.984053, 22.417508 ], [ 88.984054, 22.417509 ], [ 88.984171, 22.417639 ], [ 88.984173, 22.417643 ], [ 88.984288, 22.417771 ], [ 88.984292, 22.417777 ], [ 88.984406, 22.417903 ], [ 88.984411, 22.41791 ], [ 88.984523, 22.418034 ], [ 88.98453, 22.418044 ], [ 88.984641, 22.418166 ], [ 88.98465, 22.418177 ], [ 88.984759, 22.418298 ], [ 88.984769, 22.418311 ], [ 88.984876, 22.41843 ], [ 88.984888, 22.418444 ], [ 88.984994, 22.418561 ], [ 88.985007, 22.418578 ], [ 88.985111, 22.418693 ], [ 88.985126, 22.418711 ], [ 88.985229, 22.418825 ], [ 88.985245, 22.418845 ], [ 88.985347, 22.418956 ], [ 88.985364, 22.418978 ], [ 88.985464, 22.419088 ], [ 88.985483, 22.419112 ], [ 88.985582, 22.41922 ], [ 88.985602, 22.419245 ], [ 88.985699, 22.419352 ], [ 88.985721, 22.419379 ], [ 88.985817, 22.419483 ], [ 88.98584, 22.419512 ], [ 88.985935, 22.419615 ], [ 88.985959, 22.419646 ], [ 88.986052, 22.419747 ], [ 88.986078, 22.419779 ], [ 88.98617, 22.419878 ], [ 88.986197, 22.419913 ], [ 88.986287, 22.42001 ], [ 88.986316, 22.420046 ], [ 88.986405, 22.420142 ], [ 88.986435, 22.42018 ], [ 88.986522, 22.420274 ], [ 88.986554, 22.420313 ], [ 88.98664, 22.420405 ], [ 88.986673, 22.420447 ], [ 88.986758, 22.420537 ], [ 88.986792, 22.42058 ], [ 88.986875, 22.420669 ], [ 88.986911, 22.420714 ], [ 88.986993, 22.420801 ], [ 88.98703, 22.420847 ], [ 88.98711, 22.420932 ], [ 88.987149, 22.420981 ], [ 88.987228, 22.421064 ], [ 88.987268, 22.421114 ], [ 88.987345, 22.421196 ], [ 88.987387, 22.421248 ], [ 88.987463, 22.421328 ], [ 88.987506, 22.421381 ], [ 88.987581, 22.421459 ], [ 88.987625, 22.421515 ], [ 88.987698, 22.421591 ], [ 88.987744, 22.421648 ], [ 88.987816, 22.421723 ], [ 88.987863, 22.421782 ], [ 88.987933, 22.421854 ], [ 88.987982, 22.421915 ], [ 88.988051, 22.421986 ], [ 88.988101, 22.422048 ], [ 88.988168, 22.422118 ], [ 88.98822, 22.422182 ], [ 88.988286, 22.42225 ], [ 88.988339, 22.422315 ], [ 88.988404, 22.422381 ], [ 88.988458, 22.422449 ], [ 88.988583, 22.422577 ], [ 88.988703, 22.422679 ], [ 88.988718, 22.422695 ], [ 88.98883, 22.422788 ], [ 88.988854, 22.422812 ], [ 88.988956, 22.422898 ], [ 88.988989, 22.42293 ], [ 88.989083, 22.423007 ], [ 88.989125, 22.423048 ], [ 88.989189, 22.4231 ], [ 88.98921, 22.423117 ], [ 88.989261, 22.423165 ], [ 88.989337, 22.423227 ], [ 88.989396, 22.423283 ], [ 88.989463, 22.423337 ], [ 88.989532, 22.4234 ], [ 88.98959, 22.423446 ], [ 88.98959, 22.423446 ], [ 88.989612, 22.423461 ], [ 88.98965, 22.423486 ], [ 88.989734, 22.423532 ], [ 88.989803, 22.423577 ], [ 88.989959, 22.423662 ], [ 88.990088, 22.423719 ], [ 88.99012, 22.423736 ], [ 88.990251, 22.423794 ], [ 88.990282, 22.423811 ], [ 88.990414, 22.423869 ], [ 88.990443, 22.423885 ], [ 88.990577, 22.423945 ], [ 88.990605, 22.423959 ], [ 88.99074, 22.42402 ], [ 88.990766, 22.424034 ], [ 88.990903, 22.424095 ], [ 88.990927, 22.424108 ], [ 88.991067, 22.42417 ], [ 88.991089, 22.424182 ], [ 88.99123, 22.424246 ], [ 88.99125, 22.424257 ], [ 88.991393, 22.424321 ], [ 88.991411, 22.424331 ], [ 88.991556, 22.424396 ], [ 88.991573, 22.424405 ], [ 88.991719, 22.424471 ], [ 88.991734, 22.42448 ], [ 88.991882, 22.424547 ], [ 88.991895, 22.424554 ], [ 88.992045, 22.424622 ], [ 88.992057, 22.424628 ], [ 88.992208, 22.424697 ], [ 88.992218, 22.424703 ], [ 88.992371, 22.424772 ], [ 88.992379, 22.424777 ], [ 88.992534, 22.424848 ], [ 88.992541, 22.424851 ], [ 88.992697, 22.424923 ], [ 88.992702, 22.424926 ], [ 88.99286, 22.424998 ], [ 88.992864, 22.425 ], [ 88.993023, 22.425074 ], [ 88.993025, 22.425074 ], [ 88.993186, 22.425149 ], [ 88.993186, 22.425149 ], [ 88.993348, 22.425223 ], [ 88.99335, 22.425224 ], [ 88.993509, 22.425298 ], [ 88.993513, 22.425299 ], [ 88.99367, 22.425372 ], [ 88.993676, 22.425374 ], [ 88.993831, 22.425447 ], [ 88.993839, 22.425449 ], [ 88.993993, 22.425521 ], [ 88.994002, 22.425525 ], [ 88.994154, 22.425595 ], [ 88.994165, 22.4256 ], [ 88.994315, 22.42567 ], [ 88.994328, 22.425675 ], [ 88.994379, 22.425699 ], [ 88.994477, 22.425744 ], [ 88.994491, 22.42575 ], [ 88.994638, 22.425819 ], [ 88.994655, 22.425825 ], [ 88.994799, 22.425893 ], [ 88.994818, 22.4259 ], [ 88.99496, 22.425968 ], [ 88.994981, 22.425975 ], [ 88.995122, 22.426042 ], [ 88.995144, 22.426051 ], [ 88.995283, 22.426116 ], [ 88.995307, 22.426126 ], [ 88.995444, 22.426191 ], [ 88.99547, 22.426201 ], [ 88.995606, 22.426265 ], [ 88.995633, 22.426276 ], [ 88.995767, 22.42634 ], [ 88.995796, 22.426351 ], [ 88.995928, 22.426414 ], [ 88.995959, 22.426426 ], [ 88.99609, 22.426489 ], [ 88.996123, 22.426502 ], [ 88.996251, 22.426563 ], [ 88.996286, 22.426577 ], [ 88.996412, 22.426637 ], [ 88.996449, 22.426652 ], [ 88.996574, 22.426712 ], [ 88.996612, 22.426727 ], [ 88.996735, 22.426786 ], [ 88.996775, 22.426802 ], [ 88.996896, 22.426861 ], [ 88.996938, 22.426877 ], [ 88.997057, 22.426935 ], [ 88.997101, 22.426953 ], [ 88.997219, 22.42701 ], [ 88.997264, 22.427028 ], [ 88.99738, 22.427084 ], [ 88.997427, 22.427103 ], [ 88.997541, 22.427158 ], [ 88.997591, 22.427178 ], [ 88.997703, 22.427233 ], [ 88.997754, 22.427253 ], [ 88.997864, 22.427307 ], [ 88.997917, 22.427329 ], [ 88.998025, 22.427382 ], [ 88.99808, 22.427404 ], [ 88.998187, 22.427456 ], [ 88.998243, 22.427479 ], [ 88.998348, 22.42753 ], [ 88.998406, 22.427554 ], [ 88.998509, 22.427605 ], [ 88.998569, 22.427629 ], [ 88.998671, 22.427679 ], [ 88.998732, 22.427704 ], [ 88.998894, 22.427784 ], [ 88.99905, 22.427875 ], [ 88.999201, 22.427977 ], [ 88.999347, 22.428091 ], [ 88.999489, 22.428217 ], [ 88.999625, 22.428353 ], [ 88.999688, 22.428424 ], [ 88.999759, 22.428496 ], [ 88.999818, 22.428563 ], [ 88.999893, 22.428639 ], [ 88.999948, 22.428701 ], [ 89.000027, 22.428781 ], [ 89.000078, 22.428839 ], [ 89.000161, 22.428924 ], [ 89.000192, 22.42896 ], [ 89.000202, 22.428979 ], [ 89.000202, 22.428981 ], [ 89.000277, 22.429137 ], [ 89.000278, 22.429139 ], [ 89.000353, 22.429294 ], [ 89.000355, 22.429296 ], [ 89.00043, 22.429454 ], [ 89.0005, 22.429617 ], [ 89.000529, 22.429694 ], [ 89.00053, 22.429791 ], [ 89.000524, 22.42997 ], [ 89.00051, 22.430147 ], [ 89.000488, 22.430323 ], [ 89.000457, 22.430498 ], [ 89.000419, 22.430672 ], [ 89.000372, 22.430845 ], [ 89.000317, 22.431017 ], [ 89.000254, 22.431187 ], [ 89.000183, 22.431357 ], [ 89.000103, 22.431525 ], [ 89.000025, 22.431676 ], [ 89.000017, 22.431692 ], [ 88.999938, 22.431843 ], [ 88.99993, 22.431859 ], [ 88.999851, 22.43201 ], [ 88.999843, 22.432027 ], [ 88.999764, 22.432177 ], [ 88.999756, 22.432194 ], [ 88.999678, 22.432344 ], [ 88.99967, 22.432361 ], [ 88.999591, 22.432511 ], [ 88.999583, 22.432528 ], [ 88.999504, 22.432678 ], [ 88.999496, 22.432695 ], [ 88.999418, 22.432845 ], [ 88.999409, 22.432863 ], [ 88.999331, 22.433012 ], [ 88.999323, 22.43303 ], [ 88.999244, 22.43318 ], [ 88.999236, 22.433197 ], [ 88.999158, 22.433347 ], [ 88.999149, 22.433364 ], [ 88.999071, 22.433514 ], [ 88.999062, 22.433532 ], [ 88.998984, 22.433681 ], [ 88.998976, 22.433699 ], [ 88.998936, 22.433774 ], [ 88.998898, 22.433848 ], [ 88.998889, 22.433866 ], [ 88.998811, 22.434015 ], [ 88.998802, 22.434033 ], [ 88.998724, 22.434182 ], [ 88.998715, 22.4342 ], [ 88.998637, 22.434349 ], [ 88.998628, 22.434368 ], [ 88.998551, 22.434516 ], [ 88.998542, 22.434535 ], [ 88.998464, 22.434683 ], [ 88.998455, 22.434702 ], [ 88.998443, 22.434725 ], [ 88.998423, 22.434743 ], [ 88.998342, 22.434812 ], [ 88.998289, 22.43486 ], [ 88.998208, 22.434929 ], [ 88.998154, 22.434978 ], [ 88.998074, 22.435046 ], [ 88.99802, 22.435095 ], [ 88.997941, 22.435163 ], [ 88.997886, 22.435212 ], [ 88.997807, 22.43528 ], [ 88.997752, 22.435329 ], [ 88.997673, 22.435397 ], [ 88.997618, 22.435446 ], [ 88.997539, 22.435513 ], [ 88.997484, 22.435563 ], [ 88.997406, 22.43563 ], [ 88.99735, 22.435681 ], [ 88.997272, 22.435747 ], [ 88.997216, 22.435798 ], [ 88.997138, 22.435864 ], [ 88.997082, 22.435915 ], [ 88.997004, 22.435981 ], [ 88.996947, 22.436032 ], [ 88.996871, 22.436097 ], [ 88.996813, 22.436149 ], [ 88.996737, 22.436214 ], [ 88.996679, 22.436266 ], [ 88.996603, 22.436331 ], [ 88.996545, 22.436383 ], [ 88.99647, 22.436448 ], [ 88.996411, 22.436501 ], [ 88.996336, 22.436565 ], [ 88.996277, 22.436618 ], [ 88.996202, 22.436682 ], [ 88.996143, 22.436735 ], [ 88.996068, 22.436798 ], [ 88.996009, 22.436852 ], [ 88.995935, 22.436915 ], [ 88.995875, 22.436969 ], [ 88.995843, 22.436996 ], [ 88.995801, 22.437032 ], [ 88.995741, 22.437086 ], [ 88.995667, 22.437149 ], [ 88.995606, 22.437204 ], [ 88.995533, 22.437266 ], [ 88.995472, 22.437321 ], [ 88.9954, 22.437382 ], [ 88.995338, 22.437438 ], [ 88.995266, 22.437499 ], [ 88.995204, 22.437555 ], [ 88.995132, 22.437616 ], [ 88.99507, 22.437672 ], [ 88.994999, 22.437733 ], [ 88.994936, 22.437789 ], [ 88.994865, 22.43785 ], [ 88.994802, 22.437906 ], [ 88.994731, 22.437967 ], [ 88.994668, 22.438024 ], [ 88.994597, 22.438083 ], [ 88.994534, 22.438141 ], [ 88.994464, 22.4382 ], [ 88.994399, 22.438258 ], [ 88.99433, 22.438317 ], [ 88.994265, 22.438375 ], [ 88.994196, 22.438434 ], [ 88.994131, 22.438492 ], [ 88.994062, 22.438551 ], [ 88.993997, 22.438609 ], [ 88.993929, 22.438667 ], [ 88.993863, 22.438727 ], [ 88.993795, 22.438784 ], [ 88.993729, 22.438844 ], [ 88.993661, 22.438901 ], [ 88.993595, 22.438961 ], [ 88.993528, 22.439018 ], [ 88.993461, 22.439078 ], [ 88.993394, 22.439135 ], [ 88.993327, 22.439195 ], [ 88.99326, 22.439252 ], [ 88.993192, 22.439312 ], [ 88.993126, 22.439368 ], [ 88.993058, 22.43943 ], [ 88.992993, 22.439485 ], [ 88.992924, 22.439547 ], [ 88.992916, 22.439554 ], [ 88.99285, 22.439653 ], [ 88.99282, 22.439701 ], [ 88.992747, 22.439811 ], [ 88.992718, 22.439858 ], [ 88.992685, 22.439908 ], [ 88.992644, 22.439969 ], [ 88.992617, 22.440014 ], [ 88.992542, 22.440127 ], [ 88.992515, 22.440171 ], [ 88.992439, 22.440285 ], [ 88.992413, 22.440328 ], [ 88.992336, 22.440443 ], [ 88.992311, 22.440484 ], [ 88.992234, 22.440601 ], [ 88.992209, 22.440641 ], [ 88.992131, 22.440759 ], [ 88.992107, 22.440798 ], [ 88.992028, 22.440917 ], [ 88.992005, 22.440954 ], [ 88.991925, 22.441075 ], [ 88.991828, 22.441235 ], [ 88.991737, 22.441396 ], [ 88.991653, 22.441559 ], [ 88.991576, 22.441724 ], [ 88.991505, 22.441891 ], [ 88.991441, 22.442059 ], [ 88.991441, 22.442059 ], [ 88.991378, 22.442227 ], [ 88.991377, 22.442228 ], [ 88.991314, 22.442396 ], [ 88.991314, 22.442396 ], [ 88.99125, 22.442565 ], [ 88.99125, 22.442565 ], [ 88.991186, 22.442733 ], [ 88.991186, 22.442734 ], [ 88.991122, 22.442902 ], [ 88.991122, 22.442902 ], [ 88.991058, 22.44307 ], [ 88.991058, 22.443071 ], [ 88.990995, 22.443239 ], [ 88.990994, 22.443239 ], [ 88.990931, 22.443408 ], [ 88.990931, 22.443408 ], [ 88.990867, 22.443576 ], [ 88.990867, 22.443577 ], [ 88.990803, 22.443745 ], [ 88.990803, 22.443745 ], [ 88.990739, 22.443913 ], [ 88.990739, 22.443914 ], [ 88.990675, 22.444082 ], [ 88.990675, 22.444082 ], [ 88.990612, 22.444251 ], [ 88.990611, 22.444251 ], [ 88.990548, 22.444419 ], [ 88.990548, 22.44442 ], [ 88.990484, 22.444588 ], [ 88.990484, 22.444588 ], [ 88.99042, 22.444756 ], [ 88.99042, 22.444757 ], [ 88.990395, 22.444822 ], [ 88.990385, 22.444874 ], [ 88.990376, 22.444935 ], [ 88.990353, 22.44505 ], [ 88.990347, 22.445096 ], [ 88.990343, 22.445119 ], [ 88.990322, 22.445226 ], [ 88.99031, 22.445302 ], [ 88.99029, 22.445403 ], [ 88.990277, 22.445486 ], [ 88.990258, 22.445579 ], [ 88.990244, 22.44567 ], [ 88.990227, 22.445755 ], [ 88.990199, 22.445931 ], [ 88.990181, 22.446106 ], [ 88.990171, 22.44628 ], [ 88.990171, 22.446453 ], [ 88.99018, 22.446626 ], [ 88.990197, 22.446797 ], [ 88.990205, 22.446848 ], [ 88.990217, 22.446968 ], [ 88.990226, 22.447026 ], [ 88.990237, 22.447139 ], [ 88.990241, 22.447162 ], [ 88.990247, 22.447203 ], [ 88.990247, 22.447204 ], [ 88.990272, 22.447281 ], [ 88.990308, 22.447376 ], [ 88.990332, 22.447453 ], [ 88.990368, 22.447549 ], [ 88.990392, 22.447625 ], [ 88.990428, 22.447721 ], [ 88.990452, 22.447797 ], [ 88.990488, 22.447894 ], [ 88.990512, 22.447968 ], [ 88.990549, 22.448066 ], [ 88.990572, 22.44814 ], [ 88.990609, 22.448239 ], [ 88.990632, 22.448312 ], [ 88.990669, 22.448411 ], [ 88.990681, 22.448451 ], [ 88.990691, 22.448484 ], [ 88.990729, 22.448584 ], [ 88.990751, 22.448655 ], [ 88.99079, 22.448756 ], [ 88.990811, 22.448827 ], [ 88.99085, 22.448929 ], [ 88.990871, 22.448999 ], [ 88.99091, 22.449101 ], [ 88.990931, 22.449171 ], [ 88.990971, 22.449274 ], [ 88.990991, 22.449343 ], [ 88.991031, 22.449446 ], [ 88.991051, 22.449514 ], [ 88.991091, 22.449619 ], [ 88.991111, 22.449686 ], [ 88.991151, 22.449791 ], [ 88.991171, 22.449858 ], [ 88.991212, 22.449964 ], [ 88.991231, 22.45003 ], [ 88.991296, 22.450198 ], [ 88.991375, 22.450359 ], [ 88.991467, 22.450511 ], [ 88.99152, 22.450582 ], [ 88.991567, 22.450659 ], [ 88.991619, 22.450729 ], [ 88.991666, 22.450807 ], [ 88.991718, 22.450876 ], [ 88.991766, 22.450955 ], [ 88.991816, 22.451023 ], [ 88.991866, 22.451103 ], [ 88.991915, 22.45117 ], [ 88.991965, 22.451251 ], [ 88.992014, 22.451317 ], [ 88.992065, 22.451399 ], [ 88.992113, 22.451464 ], [ 88.992164, 22.451547 ], [ 88.992211, 22.451611 ], [ 88.992264, 22.451695 ], [ 88.99231, 22.451758 ], [ 88.992363, 22.451843 ], [ 88.992409, 22.451905 ], [ 88.992463, 22.451991 ], [ 88.992507, 22.452052 ], [ 88.992562, 22.452139 ], [ 88.992606, 22.452199 ], [ 88.992662, 22.452287 ], [ 88.992705, 22.452346 ], [ 88.992761, 22.452435 ], [ 88.992788, 22.452472 ], [ 88.992804, 22.452493 ], [ 88.992861, 22.452584 ], [ 88.992902, 22.45264 ], [ 88.99296, 22.452732 ], [ 88.993001, 22.452787 ], [ 88.99306, 22.45288 ], [ 88.9931, 22.452934 ], [ 88.993159, 22.453028 ], [ 88.993198, 22.45308 ], [ 88.993259, 22.453176 ], [ 88.993297, 22.453227 ], [ 88.993358, 22.453324 ], [ 88.993396, 22.453374 ], [ 88.993458, 22.453472 ], [ 88.993495, 22.453521 ], [ 88.993557, 22.45362 ], [ 88.993593, 22.453668 ], [ 88.993657, 22.453768 ], [ 88.993692, 22.453815 ], [ 88.993756, 22.453916 ], [ 88.993791, 22.453962 ], [ 88.993856, 22.454064 ], [ 88.993889, 22.454109 ], [ 88.993955, 22.454212 ], [ 88.993988, 22.454256 ], [ 88.994055, 22.45436 ], [ 88.994087, 22.454403 ], [ 88.994183, 22.454552 ], [ 88.994268, 22.454709 ], [ 88.994344, 22.454873 ], [ 88.994366, 22.454933 ], [ 88.994416, 22.455041 ], [ 88.994439, 22.455101 ], [ 88.994488, 22.455208 ], [ 88.994511, 22.455269 ], [ 88.994559, 22.455375 ], [ 88.994583, 22.455437 ], [ 88.994631, 22.455542 ], [ 88.994656, 22.455605 ], [ 88.994679, 22.455655 ], [ 88.994703, 22.455709 ], [ 88.994728, 22.455773 ], [ 88.994775, 22.455874 ], [ 88.994775, 22.455945 ], [ 88.99478, 22.456035 ], [ 88.99478, 22.456124 ], [ 88.994785, 22.456209 ], [ 88.994786, 22.456304 ], [ 88.994791, 22.456384 ], [ 88.994791, 22.456483 ], [ 88.994796, 22.456558 ], [ 88.994797, 22.456663 ], [ 88.994801, 22.456733 ], [ 88.994802, 22.456842 ], [ 88.994807, 22.456907 ], [ 88.994808, 22.457021 ], [ 88.994812, 22.457082 ], [ 88.994813, 22.457201 ], [ 88.994817, 22.457256 ], [ 88.994819, 22.45738 ], [ 88.994822, 22.457431 ], [ 88.994824, 22.45756 ], [ 88.994828, 22.457605 ], [ 88.99483, 22.457739 ], [ 88.994833, 22.457779 ], [ 88.994835, 22.457918 ], [ 88.994838, 22.457954 ], [ 88.994841, 22.458098 ], [ 88.994843, 22.458128 ], [ 88.994846, 22.458277 ], [ 88.994849, 22.458303 ], [ 88.994852, 22.458457 ], [ 88.994854, 22.458477 ], [ 88.994858, 22.458636 ], [ 88.994875, 22.458813 ], [ 88.994906, 22.458988 ], [ 88.994925, 22.459066 ], [ 88.994942, 22.459162 ], [ 88.994962, 22.459238 ], [ 88.994979, 22.459336 ], [ 88.994998, 22.459411 ], [ 88.995016, 22.459511 ], [ 88.995034, 22.459583 ], [ 88.995053, 22.459685 ], [ 88.995071, 22.459755 ], [ 88.995089, 22.459859 ], [ 88.995107, 22.459928 ], [ 88.995126, 22.460033 ], [ 88.995144, 22.4601 ], [ 88.995163, 22.460207 ], [ 88.99518, 22.460272 ], [ 88.9952, 22.460381 ], [ 88.995216, 22.460445 ], [ 88.995236, 22.460555 ], [ 88.995253, 22.460617 ], [ 88.995273, 22.460729 ], [ 88.995289, 22.460789 ], [ 88.99531, 22.460903 ], [ 88.995325, 22.460962 ], [ 88.995347, 22.461077 ], [ 88.995362, 22.461134 ], [ 88.995383, 22.461251 ], [ 88.995398, 22.461306 ], [ 88.99542, 22.461425 ], [ 88.995434, 22.461479 ], [ 88.995457, 22.461599 ], [ 88.995471, 22.461651 ], [ 88.995494, 22.461773 ], [ 88.995507, 22.461823 ], [ 88.995531, 22.461947 ], [ 88.995543, 22.461996 ], [ 88.995567, 22.462121 ], [ 88.99558, 22.462168 ], [ 88.995604, 22.462295 ], [ 88.995616, 22.462341 ], [ 88.995641, 22.462469 ], [ 88.995652, 22.462513 ], [ 88.995678, 22.462643 ], [ 88.995689, 22.462685 ], [ 88.995714, 22.462817 ], [ 88.995725, 22.462858 ], [ 88.995751, 22.462991 ], [ 88.995761, 22.46303 ], [ 88.995788, 22.463165 ], [ 88.995798, 22.463202 ], [ 88.995825, 22.463339 ], [ 88.995834, 22.463375 ], [ 88.995861, 22.463513 ], [ 88.99587, 22.463547 ], [ 88.995898, 22.463687 ], [ 88.995907, 22.463719 ], [ 88.995935, 22.463861 ], [ 88.995943, 22.463892 ], [ 88.995972, 22.464036 ], [ 88.995979, 22.464064 ], [ 88.996009, 22.46421 ], [ 88.996016, 22.464236 ], [ 88.996045, 22.464384 ], [ 88.996052, 22.464409 ], [ 88.996082, 22.464558 ], [ 88.996088, 22.464581 ], [ 88.996119, 22.464732 ], [ 88.996125, 22.464753 ], [ 88.996156, 22.464906 ], [ 88.996161, 22.464926 ], [ 88.996192, 22.46508 ], [ 88.996197, 22.465098 ], [ 88.996229, 22.465254 ], [ 88.996234, 22.46527 ], [ 88.996266, 22.465428 ], [ 88.99627, 22.465443 ], [ 88.996303, 22.465602 ], [ 88.996306, 22.465615 ], [ 88.996339, 22.465776 ], [ 88.996343, 22.465787 ], [ 88.996376, 22.46595 ], [ 88.996379, 22.46596 ], [ 88.996413, 22.466124 ], [ 88.996415, 22.466132 ], [ 88.99645, 22.466298 ], [ 88.996452, 22.466305 ], [ 88.996487, 22.466472 ], [ 88.996488, 22.466477 ], [ 88.996523, 22.466646 ], [ 88.996524, 22.466649 ], [ 88.99656, 22.46682 ], [ 88.996561, 22.466822 ], [ 88.996597, 22.466994 ], [ 88.996868, 22.467983 ], [ 88.996915, 22.468193 ], [ 88.996954, 22.468413 ], [ 88.996985, 22.468642 ], [ 88.997008, 22.46888 ], [ 88.997022, 22.469127 ], [ 88.997024, 22.469174 ], [ 88.997036, 22.469376 ], [ 88.997037, 22.469428 ], [ 88.997049, 22.469625 ], [ 88.997051, 22.469681 ], [ 88.997062, 22.469873 ], [ 88.997064, 22.469935 ], [ 88.997065, 22.469954 ], [ 88.997034, 22.469994 ], [ 88.996961, 22.470082 ], [ 88.996922, 22.470131 ], [ 88.996849, 22.47022 ], [ 88.99681, 22.470269 ], [ 88.996736, 22.470358 ], [ 88.996698, 22.470406 ], [ 88.996623, 22.470496 ], [ 88.996586, 22.470543 ], [ 88.996511, 22.470634 ], [ 88.996474, 22.47068 ], [ 88.996398, 22.470772 ], [ 88.996363, 22.470817 ], [ 88.996286, 22.47091 ], [ 88.996251, 22.470955 ], [ 88.996173, 22.471048 ], [ 88.996139, 22.471092 ], [ 88.996061, 22.471186 ], [ 88.996027, 22.471229 ], [ 88.995948, 22.471324 ], [ 88.995915, 22.471366 ], [ 88.995836, 22.471462 ], [ 88.995803, 22.471503 ], [ 88.995723, 22.4716 ], [ 88.995692, 22.47164 ], [ 88.995611, 22.471738 ], [ 88.99558, 22.471778 ], [ 88.995498, 22.471876 ], [ 88.995468, 22.471915 ], [ 88.995386, 22.472014 ], [ 88.995356, 22.472052 ], [ 88.995273, 22.472152 ], [ 88.995244, 22.472189 ], [ 88.995161, 22.47229 ], [ 88.995132, 22.472326 ], [ 88.995048, 22.472428 ], [ 88.99502, 22.472464 ], [ 88.994986, 22.472505 ], [ 88.994936, 22.472566 ], [ 88.994909, 22.472601 ], [ 88.994823, 22.472704 ], [ 88.994797, 22.472738 ], [ 88.994711, 22.472842 ], [ 88.994685, 22.472875 ], [ 88.994598, 22.47298 ], [ 88.994573, 22.473012 ], [ 88.994486, 22.473118 ], [ 88.994461, 22.473149 ], [ 88.994373, 22.473256 ], [ 88.994349, 22.473287 ], [ 88.994261, 22.473394 ], [ 88.994238, 22.473424 ], [ 88.994148, 22.473532 ], [ 88.994126, 22.473561 ], [ 88.994036, 22.47367 ], [ 88.994014, 22.473698 ], [ 88.993923, 22.473808 ], [ 88.993902, 22.473835 ], [ 88.993811, 22.473946 ], [ 88.99379, 22.473973 ], [ 88.993698, 22.474084 ], [ 88.993678, 22.47411 ], [ 88.993586, 22.474222 ], [ 88.993566, 22.474247 ], [ 88.993473, 22.47436 ], [ 88.993455, 22.474384 ], [ 88.993361, 22.474498 ], [ 88.993343, 22.474521 ], [ 88.993248, 22.474636 ], [ 88.993231, 22.474658 ], [ 88.993136, 22.474774 ], [ 88.993119, 22.474796 ], [ 88.993099, 22.47482 ], [ 88.993068, 22.474843 ], [ 88.993, 22.474891 ], [ 88.992922, 22.474949 ], [ 88.992854, 22.474997 ], [ 88.992775, 22.475056 ], [ 88.992707, 22.475104 ], [ 88.992628, 22.475162 ], [ 88.99256, 22.475211 ], [ 88.992482, 22.475269 ], [ 88.992413, 22.475317 ], [ 88.992335, 22.475376 ], [ 88.992267, 22.475424 ], [ 88.992188, 22.475482 ], [ 88.99212, 22.47553 ], [ 88.992042, 22.475589 ], [ 88.991973, 22.475637 ], [ 88.991934, 22.475666 ], [ 88.991895, 22.475695 ], [ 88.991826, 22.475743 ], [ 88.991748, 22.475802 ], [ 88.99168, 22.47585 ], [ 88.991602, 22.475908 ], [ 88.991533, 22.475957 ], [ 88.991455, 22.476015 ], [ 88.991386, 22.476063 ], [ 88.991308, 22.476121 ], [ 88.991239, 22.47617 ], [ 88.991162, 22.476228 ], [ 88.991092, 22.476276 ], [ 88.991015, 22.476334 ], [ 88.990946, 22.476383 ], [ 88.990868, 22.476441 ], [ 88.990799, 22.476489 ], [ 88.990721, 22.476547 ], [ 88.990652, 22.476596 ], [ 88.990575, 22.476654 ], [ 88.990505, 22.476703 ], [ 88.990428, 22.47676 ], [ 88.990359, 22.476809 ], [ 88.990281, 22.476867 ], [ 88.990212, 22.476916 ], [ 88.990135, 22.476974 ], [ 88.990065, 22.477022 ], [ 88.989988, 22.47708 ], [ 88.98984, 22.477184 ], [ 88.98969, 22.477282 ], [ 88.989537, 22.477375 ], [ 88.989381, 22.477463 ], [ 88.989224, 22.477545 ], [ 88.989063, 22.477622 ], [ 88.988901, 22.477693 ], [ 88.988736, 22.477759 ], [ 88.988568, 22.47782 ], [ 88.988534, 22.477831 ], [ 88.9884, 22.47788 ], [ 88.988369, 22.47789 ], [ 88.988232, 22.477939 ], [ 88.988204, 22.477949 ], [ 88.988064, 22.477999 ], [ 88.988039, 22.478007 ], [ 88.987896, 22.478059 ], [ 88.987874, 22.478066 ], [ 88.987728, 22.478118 ], [ 88.987709, 22.478125 ], [ 88.98756, 22.478178 ], [ 88.987543, 22.478183 ], [ 88.987392, 22.478238 ], [ 88.987378, 22.478242 ], [ 88.987224, 22.478297 ], [ 88.987213, 22.478301 ], [ 88.987055, 22.478357 ], [ 88.987048, 22.478359 ], [ 88.986887, 22.478417 ], [ 88.986883, 22.478418 ], [ 88.986719, 22.478476 ], [ 88.986718, 22.478477 ], [ 88.986553, 22.478535 ], [ 88.986551, 22.478536 ], [ 88.986534, 22.478542 ], [ 88.986388, 22.478594 ], [ 88.986383, 22.478596 ], [ 88.986222, 22.478652 ], [ 88.986215, 22.478655 ], [ 88.986057, 22.478711 ], [ 88.986047, 22.478715 ], [ 88.985892, 22.47877 ], [ 88.985879, 22.478775 ], [ 88.985727, 22.478828 ], [ 88.985711, 22.478834 ], [ 88.985562, 22.478887 ], [ 88.985543, 22.478894 ], [ 88.985397, 22.478945 ], [ 88.985375, 22.478954 ], [ 88.985232, 22.479004 ], [ 88.985207, 22.479014 ], [ 88.985067, 22.479063 ], [ 88.985039, 22.479073 ], [ 88.984901, 22.479121 ], [ 88.984871, 22.479133 ], [ 88.984736, 22.47918 ], [ 88.984733, 22.479181 ], [ 88.984724, 22.479186 ], [ 88.984704, 22.479197 ], [ 88.984567, 22.479268 ], [ 88.984547, 22.479279 ], [ 88.98441, 22.47935 ], [ 88.984256, 22.479435 ], [ 88.984104, 22.479526 ], [ 88.983955, 22.47962 ], [ 88.983808, 22.479719 ], [ 88.983664, 22.479823 ], [ 88.983573, 22.479892 ], [ 88.983507, 22.479955 ], [ 88.983389, 22.480075 ], [ 88.983274, 22.480197 ], [ 88.983174, 22.48031 ], [ 88.983162, 22.480323 ], [ 88.983056, 22.480442 ], [ 88.98305, 22.480449 ], [ 88.983039, 22.48046 ], [ 88.983017, 22.480492 ], [ 88.982953, 22.480586 ], [ 88.982917, 22.480637 ], [ 88.982853, 22.480732 ], [ 88.982817, 22.480783 ], [ 88.982753, 22.480878 ], [ 88.982717, 22.480928 ], [ 88.982653, 22.481024 ], [ 88.982618, 22.481073 ], [ 88.982553, 22.48117 ], [ 88.982518, 22.481218 ], [ 88.982452, 22.481316 ], [ 88.982418, 22.481364 ], [ 88.982352, 22.481462 ], [ 88.982318, 22.481509 ], [ 88.982252, 22.481608 ], [ 88.982219, 22.481654 ], [ 88.982152, 22.481754 ], [ 88.982138, 22.481773 ], [ 88.982119, 22.481799 ], [ 88.982051, 22.4819 ], [ 88.982019, 22.481945 ], [ 88.981951, 22.482045 ], [ 88.98192, 22.48209 ], [ 88.981851, 22.482191 ], [ 88.98182, 22.482235 ], [ 88.981751, 22.482337 ], [ 88.98172, 22.48238 ], [ 88.981651, 22.482483 ], [ 88.98162, 22.482526 ], [ 88.98155, 22.482629 ], [ 88.981521, 22.482671 ], [ 88.98145, 22.482775 ], [ 88.981421, 22.482816 ], [ 88.98135, 22.482921 ], [ 88.981321, 22.482961 ], [ 88.981267, 22.483041 ], [ 88.981254, 22.48307 ], [ 88.981226, 22.483129 ], [ 88.981179, 22.483234 ], [ 88.98115, 22.483295 ], [ 88.981104, 22.483399 ], [ 88.981074, 22.483461 ], [ 88.981028, 22.483563 ], [ 88.980997, 22.483627 ], [ 88.980953, 22.483727 ], [ 88.980921, 22.483794 ], [ 88.980878, 22.483892 ], [ 88.980845, 22.48396 ], [ 88.980803, 22.484056 ], [ 88.980769, 22.484126 ], [ 88.980727, 22.48422 ], [ 88.980693, 22.484292 ], [ 88.980652, 22.484385 ], [ 88.980639, 22.484411 ], [ 88.980617, 22.484458 ], [ 88.980577, 22.484549 ], [ 88.98054, 22.484624 ], [ 88.980501, 22.484713 ], [ 88.980464, 22.484791 ], [ 88.980426, 22.484878 ], [ 88.980388, 22.484957 ], [ 88.980351, 22.485042 ], [ 88.980312, 22.485123 ], [ 88.980276, 22.485206 ], [ 88.980236, 22.485289 ], [ 88.9802, 22.485371 ], [ 88.98016, 22.485455 ], [ 88.980125, 22.485535 ], [ 88.980083, 22.485622 ], [ 88.98005, 22.485699 ], [ 88.980007, 22.485788 ], [ 88.979974, 22.485863 ], [ 88.979931, 22.485954 ], [ 88.979899, 22.486028 ], [ 88.979855, 22.48612 ], [ 88.979783, 22.486287 ], [ 88.979718, 22.486456 ], [ 88.979702, 22.486501 ], [ 88.979654, 22.486625 ], [ 88.979639, 22.486669 ], [ 88.979591, 22.486794 ], [ 88.979577, 22.486836 ], [ 88.979528, 22.486963 ], [ 88.979514, 22.487004 ], [ 88.979464, 22.487132 ], [ 88.979451, 22.487171 ], [ 88.979401, 22.487301 ], [ 88.979388, 22.487339 ], [ 88.979338, 22.48747 ], [ 88.979325, 22.487507 ], [ 88.979274, 22.487639 ], [ 88.979263, 22.487674 ], [ 88.979211, 22.487809 ], [ 88.9792, 22.487842 ], [ 88.979148, 22.487978 ], [ 88.979137, 22.488009 ], [ 88.979108, 22.488085 ], [ 88.979084, 22.488147 ], [ 88.979074, 22.488177 ], [ 88.979021, 22.488316 ], [ 88.979011, 22.488345 ], [ 88.978958, 22.488485 ], [ 88.978949, 22.488512 ], [ 88.978894, 22.488654 ], [ 88.978886, 22.48868 ], [ 88.978831, 22.488823 ], [ 88.978823, 22.488847 ], [ 88.978768, 22.488992 ], [ 88.97876, 22.489015 ], [ 88.978704, 22.489161 ], [ 88.978697, 22.489182 ], [ 88.978641, 22.48933 ], [ 88.978635, 22.48935 ], [ 88.978578, 22.4895 ], [ 88.978572, 22.489518 ], [ 88.978514, 22.489669 ], [ 88.978509, 22.489685 ], [ 88.978445, 22.489852 ], [ 88.978374, 22.490015 ], [ 88.978295, 22.490174 ], [ 88.978213, 22.490319 ], [ 88.978208, 22.490329 ], [ 88.978126, 22.490474 ], [ 88.978122, 22.490484 ], [ 88.97804, 22.49063 ], [ 88.978035, 22.490639 ], [ 88.977953, 22.490785 ], [ 88.977949, 22.490793 ], [ 88.977908, 22.490866 ], [ 88.977866, 22.490941 ], [ 88.977862, 22.490948 ], [ 88.977779, 22.491096 ], [ 88.977775, 22.491103 ], [ 88.977692, 22.491252 ], [ 88.977689, 22.491258 ], [ 88.977605, 22.491407 ], [ 88.977602, 22.491413 ], [ 88.977518, 22.491563 ], [ 88.977452, 22.491695 ], [ 88.977437, 22.491722 ], [ 88.977371, 22.491854 ], [ 88.977356, 22.491881 ], [ 88.977291, 22.492013 ], [ 88.977275, 22.49204 ], [ 88.97721, 22.492172 ], [ 88.977195, 22.492199 ], [ 88.977129, 22.492331 ], [ 88.977114, 22.492358 ], [ 88.977048, 22.49249 ], [ 88.977033, 22.492518 ], [ 88.976967, 22.492649 ], [ 88.976952, 22.492677 ], [ 88.976887, 22.492808 ], [ 88.976871, 22.492836 ], [ 88.976806, 22.492967 ], [ 88.976791, 22.492995 ], [ 88.976725, 22.493126 ], [ 88.97671, 22.493154 ], [ 88.976644, 22.493285 ], [ 88.976629, 22.493313 ], [ 88.976563, 22.493445 ], [ 88.976548, 22.493472 ], [ 88.976483, 22.493604 ], [ 88.976467, 22.493631 ], [ 88.976402, 22.493763 ], [ 88.976386, 22.49379 ], [ 88.976321, 22.493922 ], [ 88.976306, 22.493949 ], [ 88.97624, 22.494081 ], [ 88.976225, 22.494108 ], [ 88.976159, 22.49424 ], [ 88.976144, 22.494267 ], [ 88.976079, 22.494399 ], [ 88.976063, 22.494426 ], [ 88.975998, 22.494558 ], [ 88.975982, 22.494586 ], [ 88.975917, 22.494717 ], [ 88.975901, 22.494745 ], [ 88.975836, 22.494876 ], [ 88.975821, 22.494904 ], [ 88.975755, 22.495035 ], [ 88.97574, 22.495063 ], [ 88.975675, 22.495194 ], [ 88.975659, 22.495222 ], [ 88.975594, 22.495353 ], [ 88.975578, 22.495381 ], [ 88.975513, 22.495512 ], [ 88.975497, 22.49554 ], [ 88.975432, 22.495671 ], [ 88.975417, 22.495699 ], [ 88.975351, 22.49583 ], [ 88.975336, 22.495858 ], [ 88.975271, 22.495989 ], [ 88.975255, 22.496017 ], [ 88.97519, 22.496148 ], [ 88.975174, 22.496176 ], [ 88.975109, 22.496307 ], [ 88.975093, 22.496335 ], [ 88.975028, 22.496466 ], [ 88.975012, 22.496494 ], [ 88.974947, 22.496625 ], [ 88.974932, 22.496654 ], [ 88.974867, 22.496784 ], [ 88.974851, 22.496813 ], [ 88.974786, 22.496943 ], [ 88.97477, 22.496972 ], [ 88.974705, 22.497102 ], [ 88.974689, 22.497131 ], [ 88.974624, 22.497261 ], [ 88.974608, 22.49729 ], [ 88.974543, 22.49742 ], [ 88.974527, 22.497449 ], [ 88.974463, 22.497579 ], [ 88.974447, 22.497608 ], [ 88.974382, 22.497738 ], [ 88.974366, 22.497767 ], [ 88.974301, 22.497897 ], [ 88.974285, 22.497926 ], [ 88.97422, 22.498056 ], [ 88.974204, 22.498085 ], [ 88.974139, 22.498215 ], [ 88.974123, 22.498244 ], [ 88.974059, 22.498374 ], [ 88.974043, 22.498403 ], [ 88.973978, 22.498533 ], [ 88.973962, 22.498563 ], [ 88.973897, 22.498693 ], [ 88.973881, 22.498722 ], [ 88.973816, 22.498852 ], [ 88.9738, 22.498881 ], [ 88.973735, 22.499011 ], [ 88.973719, 22.49904 ], [ 88.97364, 22.4992 ], [ 88.973568, 22.499358 ], [ 88.973566, 22.499363 ], [ 88.97355, 22.499397 ], [ 88.973543, 22.499435 ], [ 88.973529, 22.499524 ], [ 88.973512, 22.499612 ], [ 88.973504, 22.499664 ], [ 88.973499, 22.499693 ], [ 88.973481, 22.49979 ], [ 88.97347, 22.499862 ], [ 88.97345, 22.499967 ], [ 88.97344, 22.500031 ], [ 88.973408, 22.500199 ], [ 88.97337, 22.500365 ], [ 88.973326, 22.500529 ], [ 88.973275, 22.500691 ], [ 88.973218, 22.500851 ], [ 88.973154, 22.501008 ], [ 88.973084, 22.501164 ], [ 88.973078, 22.501176 ], [ 88.973074, 22.501196 ], [ 88.973048, 22.501321 ], [ 88.973046, 22.50133 ], [ 88.973013, 22.501496 ], [ 88.972984, 22.501672 ], [ 88.972963, 22.501848 ], [ 88.97295, 22.502025 ], [ 88.972949, 22.502049 ], [ 88.972937, 22.502202 ], [ 88.972936, 22.502228 ], [ 88.972925, 22.502379 ], [ 88.972924, 22.502407 ], [ 88.972912, 22.502556 ], [ 88.972911, 22.502586 ], [ 88.972899, 22.502733 ], [ 88.972898, 22.502765 ], [ 88.972887, 22.50291 ], [ 88.972885, 22.502944 ], [ 88.972874, 22.503087 ], [ 88.972873, 22.503123 ], [ 88.972862, 22.503264 ], [ 88.97286, 22.503302 ], [ 88.972849, 22.503441 ], [ 88.972847, 22.503481 ], [ 88.972836, 22.503618 ], [ 88.972835, 22.50366 ], [ 88.972824, 22.503795 ], [ 88.972822, 22.503839 ], [ 88.972811, 22.503972 ], [ 88.972809, 22.504018 ], [ 88.972799, 22.504149 ], [ 88.972797, 22.504197 ], [ 88.972786, 22.504326 ], [ 88.972784, 22.504376 ], [ 88.972773, 22.504503 ], [ 88.972771, 22.504555 ], [ 88.972761, 22.504681 ], [ 88.972759, 22.504734 ], [ 88.972748, 22.504858 ], [ 88.972746, 22.504913 ], [ 88.972736, 22.505035 ], [ 88.972733, 22.505092 ], [ 88.972723, 22.505212 ], [ 88.97272, 22.505271 ], [ 88.97271, 22.505389 ], [ 88.972708, 22.50545 ], [ 88.972698, 22.505566 ], [ 88.972695, 22.505628 ], [ 88.972685, 22.505743 ], [ 88.972682, 22.505807 ], [ 88.972673, 22.50592 ], [ 88.97267, 22.505986 ], [ 88.97266, 22.506097 ], [ 88.972657, 22.506165 ], [ 88.972647, 22.506274 ], [ 88.972644, 22.506344 ], [ 88.972635, 22.506451 ], [ 88.972631, 22.506523 ], [ 88.972622, 22.506628 ], [ 88.972619, 22.506702 ], [ 88.97261, 22.506805 ], [ 88.972606, 22.506881 ], [ 88.972597, 22.506982 ], [ 88.972596, 22.506993 ], [ 88.972593, 22.50706 ], [ 88.972584, 22.507159 ], [ 88.972581, 22.507239 ], [ 88.972572, 22.507336 ], [ 88.972568, 22.507418 ], [ 88.972559, 22.507513 ], [ 88.972555, 22.507597 ], [ 88.972547, 22.50769 ], [ 88.972542, 22.507776 ], [ 88.972534, 22.507867 ], [ 88.97253, 22.507955 ], [ 88.972522, 22.508044 ], [ 88.972517, 22.508134 ], [ 88.972509, 22.508221 ], [ 88.972504, 22.508313 ], [ 88.972496, 22.508398 ], [ 88.972492, 22.508492 ], [ 88.972484, 22.508575 ], [ 88.972479, 22.508671 ], [ 88.972471, 22.508753 ], [ 88.972466, 22.50885 ], [ 88.972459, 22.50893 ], [ 88.972453, 22.509029 ], [ 88.972446, 22.509107 ], [ 88.972441, 22.509208 ], [ 88.972433, 22.509284 ], [ 88.972428, 22.509387 ], [ 88.972421, 22.509461 ], [ 88.972415, 22.509566 ], [ 88.972408, 22.509638 ], [ 88.972402, 22.509745 ], [ 88.972396, 22.509815 ], [ 88.97239, 22.509924 ], [ 88.972383, 22.509992 ], [ 88.972377, 22.510103 ], [ 88.972371, 22.510169 ], [ 88.972364, 22.510282 ], [ 88.972358, 22.510346 ], [ 88.972352, 22.510461 ], [ 88.972345, 22.510523 ], [ 88.972339, 22.51064 ], [ 88.972333, 22.5107 ], [ 88.972326, 22.510819 ], [ 88.97232, 22.510877 ], [ 88.972313, 22.510998 ], [ 88.972308, 22.511054 ], [ 88.972301, 22.511177 ], [ 88.972295, 22.511231 ], [ 88.972288, 22.511356 ], [ 88.972283, 22.511408 ], [ 88.972275, 22.511535 ], [ 88.97227, 22.511585 ], [ 88.972262, 22.511714 ], [ 88.972257, 22.511762 ], [ 88.97225, 22.511893 ], [ 88.972245, 22.511939 ], [ 88.972237, 22.512072 ], [ 88.972219, 22.51225 ], [ 88.972198, 22.512393 ], [ 88.972195, 22.512429 ], [ 88.972174, 22.512572 ], [ 88.972171, 22.512607 ], [ 88.97215, 22.51275 ], [ 88.972147, 22.512785 ], [ 88.972126, 22.512929 ], [ 88.972123, 22.512964 ], [ 88.972102, 22.513107 ], [ 88.972099, 22.513142 ], [ 88.972078, 22.513286 ], [ 88.972075, 22.51332 ], [ 88.972054, 22.513464 ], [ 88.972051, 22.513498 ], [ 88.97203, 22.513643 ], [ 88.972026, 22.513677 ], [ 88.972006, 22.513821 ], [ 88.972002, 22.513855 ], [ 88.971982, 22.514 ], [ 88.971978, 22.514033 ], [ 88.971958, 22.514178 ], [ 88.971954, 22.514211 ], [ 88.971934, 22.514357 ], [ 88.97193, 22.51439 ], [ 88.97191, 22.514535 ], [ 88.971906, 22.514568 ], [ 88.971886, 22.514714 ], [ 88.971882, 22.514746 ], [ 88.971862, 22.514892 ], [ 88.971858, 22.514925 ], [ 88.971838, 22.51507 ], [ 88.971834, 22.515103 ], [ 88.971814, 22.515249 ], [ 88.97181, 22.515281 ], [ 88.97179, 22.515427 ], [ 88.971786, 22.515459 ], [ 88.971765, 22.515606 ], [ 88.971762, 22.515638 ], [ 88.971741, 22.515784 ], [ 88.971738, 22.515816 ], [ 88.971717, 22.515963 ], [ 88.971714, 22.515994 ], [ 88.971693, 22.516141 ], [ 88.97169, 22.516172 ], [ 88.971669, 22.51632 ], [ 88.971666, 22.516351 ], [ 88.971645, 22.516498 ], [ 88.971642, 22.516529 ], [ 88.971621, 22.516677 ], [ 88.971618, 22.516707 ], [ 88.971597, 22.516855 ], [ 88.971594, 22.516885 ], [ 88.971573, 22.517034 ], [ 88.97157, 22.517064 ], [ 88.971549, 22.517212 ], [ 88.971546, 22.517242 ], [ 88.971525, 22.51739 ], [ 88.971522, 22.51742 ], [ 88.971501, 22.517569 ], [ 88.971498, 22.517599 ], [ 88.971477, 22.517747 ], [ 88.971474, 22.517777 ], [ 88.971453, 22.517926 ], [ 88.97145, 22.517955 ], [ 88.971429, 22.518104 ], [ 88.971426, 22.518133 ], [ 88.971405, 22.518283 ], [ 88.971402, 22.518312 ], [ 88.971381, 22.518461 ], [ 88.97138, 22.518472 ], [ 88.971378, 22.51849 ], [ 88.971357, 22.51864 ], [ 88.971354, 22.518668 ], [ 88.971333, 22.518818 ], [ 88.97133, 22.518846 ], [ 88.971309, 22.518997 ], [ 88.971306, 22.519025 ], [ 88.971285, 22.519175 ], [ 88.971282, 22.519203 ], [ 88.97126, 22.519354 ], [ 88.971258, 22.519381 ], [ 88.971236, 22.519532 ], [ 88.971233, 22.51956 ], [ 88.971212, 22.51971 ], [ 88.971209, 22.519738 ], [ 88.971188, 22.519889 ], [ 88.971185, 22.519916 ], [ 88.971164, 22.520067 ], [ 88.971161, 22.520094 ], [ 88.97114, 22.520246 ], [ 88.971137, 22.520273 ], [ 88.971116, 22.520424 ], [ 88.971113, 22.520451 ], [ 88.971092, 22.520603 ], [ 88.971089, 22.520629 ], [ 88.971068, 22.520781 ], [ 88.971065, 22.520807 ], [ 88.971044, 22.52096 ], [ 88.971041, 22.520986 ], [ 88.97102, 22.521138 ], [ 88.971017, 22.521164 ], [ 88.970996, 22.521317 ], [ 88.970993, 22.521342 ], [ 88.970972, 22.521495 ], [ 88.970969, 22.521521 ], [ 88.970948, 22.521674 ], [ 88.970945, 22.521699 ], [ 88.970924, 22.521852 ], [ 88.970921, 22.521877 ], [ 88.9709, 22.52203 ], [ 88.970897, 22.522055 ], [ 88.970876, 22.522209 ], [ 88.970873, 22.522234 ], [ 88.970852, 22.522387 ], [ 88.970849, 22.522412 ], [ 88.970828, 22.522566 ], [ 88.970825, 22.52259 ], [ 88.970804, 22.522744 ], [ 88.970801, 22.522768 ], [ 88.970779, 22.522923 ], [ 88.970777, 22.522947 ], [ 88.970755, 22.523101 ], [ 88.970753, 22.523125 ], [ 88.970731, 22.52328 ], [ 88.970729, 22.523303 ], [ 88.970707, 22.523458 ], [ 88.970705, 22.523481 ], [ 88.970683, 22.523637 ], [ 88.970681, 22.52366 ], [ 88.970659, 22.523815 ], [ 88.970657, 22.523838 ], [ 88.970654, 22.523855 ], [ 88.9706, 22.523986 ], [ 88.970591, 22.524009 ], [ 88.970531, 22.524155 ], [ 88.970524, 22.524173 ], [ 88.970462, 22.524324 ], [ 88.970457, 22.524336 ], [ 88.970393, 22.524494 ], [ 88.97039, 22.524499 ], [ 88.970324, 22.524663 ], [ 88.970324, 22.524663 ], [ 88.970257, 22.524826 ], [ 88.970254, 22.524832 ], [ 88.97019, 22.524989 ], [ 88.970185, 22.525001 ], [ 88.970123, 22.525153 ], [ 88.970116, 22.52517 ], [ 88.970056, 22.525316 ], [ 88.970046, 22.525339 ], [ 88.96999, 22.52548 ], [ 88.969977, 22.525508 ], [ 88.969923, 22.525643 ], [ 88.969908, 22.525677 ], [ 88.969856, 22.525806 ], [ 88.969839, 22.525846 ], [ 88.969789, 22.52597 ], [ 88.969769, 22.526015 ], [ 88.969722, 22.526133 ], [ 88.9697, 22.526184 ], [ 88.969656, 22.526296 ], [ 88.969631, 22.526353 ], [ 88.969589, 22.52646 ], [ 88.969562, 22.526522 ], [ 88.969522, 22.526623 ], [ 88.969492, 22.526691 ], [ 88.969455, 22.526787 ], [ 88.969423, 22.52686 ], [ 88.969388, 22.52695 ], [ 88.969354, 22.527029 ], [ 88.969321, 22.527113 ], [ 88.969285, 22.527199 ], [ 88.969254, 22.527277 ], [ 88.969215, 22.527368 ], [ 88.96915, 22.527537 ], [ 88.969092, 22.527709 ], [ 88.968969, 22.528121 ], [ 88.968964, 22.528143 ], [ 88.968919, 22.528292 ], [ 88.968913, 22.528315 ], [ 88.968869, 22.528464 ], [ 88.968863, 22.528488 ], [ 88.968819, 22.528635 ], [ 88.968812, 22.528661 ], [ 88.968769, 22.528806 ], [ 88.968762, 22.528833 ], [ 88.968719, 22.528978 ], [ 88.968711, 22.529006 ], [ 88.968669, 22.529149 ], [ 88.968661, 22.529179 ], [ 88.968618, 22.52932 ], [ 88.96861, 22.529352 ], [ 88.968568, 22.529492 ], [ 88.96856, 22.529524 ], [ 88.968518, 22.529663 ], [ 88.96851, 22.529697 ], [ 88.968468, 22.529835 ], [ 88.968459, 22.52987 ], [ 88.968418, 22.530006 ], [ 88.968409, 22.530042 ], [ 88.968368, 22.530177 ], [ 88.968358, 22.530215 ], [ 88.968318, 22.530349 ], [ 88.968308, 22.530388 ], [ 88.968268, 22.53052 ], [ 88.968257, 22.53056 ], [ 88.968218, 22.530691 ], [ 88.968207, 22.530733 ], [ 88.968168, 22.530863 ], [ 88.968156, 22.530906 ], [ 88.968117, 22.531034 ], [ 88.968106, 22.531078 ], [ 88.968067, 22.531205 ], [ 88.968055, 22.531251 ], [ 88.968017, 22.531377 ], [ 88.968005, 22.531424 ], [ 88.967967, 22.531548 ], [ 88.967954, 22.531596 ], [ 88.967917, 22.531719 ], [ 88.967904, 22.531769 ], [ 88.967867, 22.531891 ], [ 88.967854, 22.531942 ], [ 88.967817, 22.532062 ], [ 88.967803, 22.532114 ], [ 88.967767, 22.532233 ], [ 88.967753, 22.532287 ], [ 88.967717, 22.532405 ], [ 88.967702, 22.53246 ], [ 88.967667, 22.532576 ], [ 88.967652, 22.532632 ], [ 88.967617, 22.532747 ], [ 88.967601, 22.532805 ], [ 88.967566, 22.532919 ], [ 88.967551, 22.532978 ], [ 88.967516, 22.53309 ], [ 88.9675, 22.53315 ], [ 88.967466, 22.533261 ], [ 88.96745, 22.533323 ], [ 88.967416, 22.533433 ], [ 88.967399, 22.533496 ], [ 88.967366, 22.533604 ], [ 88.967349, 22.533668 ], [ 88.967316, 22.533776 ], [ 88.967298, 22.533841 ], [ 88.967266, 22.533947 ], [ 88.967248, 22.534014 ], [ 88.967216, 22.534118 ], [ 88.967198, 22.534186 ], [ 88.967166, 22.53429 ], [ 88.967147, 22.534359 ], [ 88.967116, 22.534461 ], [ 88.967097, 22.534532 ], [ 88.967066, 22.534632 ], [ 88.967046, 22.534704 ], [ 88.967016, 22.534804 ], [ 88.966996, 22.534877 ], [ 88.966965, 22.534975 ], [ 88.966945, 22.53505 ], [ 88.966915, 22.535146 ], [ 88.966895, 22.535223 ], [ 88.966865, 22.535318 ], [ 88.966844, 22.535395 ], [ 88.966815, 22.535489 ], [ 88.966794, 22.535568 ], [ 88.966765, 22.53566 ], [ 88.966743, 22.535741 ], [ 88.966715, 22.535832 ], [ 88.966693, 22.535913 ], [ 88.966665, 22.536003 ], [ 88.966642, 22.536086 ], [ 88.966615, 22.536174 ], [ 88.966592, 22.536259 ], [ 88.966565, 22.536346 ], [ 88.966541, 22.536431 ], [ 88.966515, 22.536517 ], [ 88.966491, 22.536604 ], [ 88.966465, 22.536689 ], [ 88.966441, 22.536777 ], [ 88.966415, 22.53686 ], [ 88.96639, 22.536949 ], [ 88.966364, 22.537031 ], [ 88.96634, 22.537122 ], [ 88.966314, 22.537203 ], [ 88.966295, 22.537272 ], [ 88.966253, 22.53737 ], [ 88.966235, 22.537415 ], [ 88.966184, 22.537535 ], [ 88.966166, 22.537581 ], [ 88.966114, 22.5377 ], [ 88.966096, 22.537746 ], [ 88.966045, 22.537865 ], [ 88.966027, 22.537912 ], [ 88.965975, 22.538031 ], [ 88.965957, 22.538077 ], [ 88.965906, 22.538196 ], [ 88.965888, 22.538243 ], [ 88.965837, 22.538361 ], [ 88.965818, 22.538408 ], [ 88.965767, 22.538526 ], [ 88.965749, 22.538574 ], [ 88.965698, 22.538691 ], [ 88.965679, 22.53874 ], [ 88.965629, 22.538856 ], [ 88.965609, 22.538905 ], [ 88.965559, 22.539021 ], [ 88.96554, 22.539071 ], [ 88.96549, 22.539186 ], [ 88.96547, 22.539236 ], [ 88.96542, 22.539351 ], [ 88.965401, 22.539402 ], [ 88.965351, 22.539516 ], [ 88.965331, 22.539567 ], [ 88.965282, 22.539681 ], [ 88.965262, 22.539733 ], [ 88.965212, 22.539846 ], [ 88.965192, 22.539899 ], [ 88.965143, 22.540011 ], [ 88.965122, 22.540064 ], [ 88.965074, 22.540176 ], [ 88.965053, 22.54023 ], [ 88.965004, 22.540341 ], [ 88.964983, 22.540395 ], [ 88.964935, 22.540507 ], [ 88.964914, 22.540561 ], [ 88.964865, 22.540672 ], [ 88.964844, 22.540726 ], [ 88.964796, 22.540837 ], [ 88.964775, 22.540892 ], [ 88.964727, 22.541002 ], [ 88.964705, 22.541058 ], [ 88.964657, 22.541167 ], [ 88.964635, 22.541223 ], [ 88.964588, 22.541332 ], [ 88.964566, 22.541389 ], [ 88.964519, 22.541497 ], [ 88.964496, 22.541554 ], [ 88.964449, 22.541662 ], [ 88.964427, 22.54172 ], [ 88.96438, 22.541827 ], [ 88.964357, 22.541885 ], [ 88.96431, 22.541992 ], [ 88.964288, 22.542051 ], [ 88.964241, 22.542157 ], [ 88.964218, 22.542216 ], [ 88.964172, 22.542322 ], [ 88.964149, 22.542382 ], [ 88.964102, 22.542487 ], [ 88.964079, 22.542548 ], [ 88.964033, 22.542652 ], [ 88.964009, 22.542713 ], [ 88.963964, 22.542817 ], [ 88.96394, 22.542879 ], [ 88.963894, 22.542983 ], [ 88.96387, 22.543044 ], [ 88.963825, 22.543148 ], [ 88.963801, 22.54321 ], [ 88.963755, 22.543313 ], [ 88.963731, 22.543375 ], [ 88.963686, 22.543478 ], [ 88.963662, 22.543541 ], [ 88.963617, 22.543643 ], [ 88.963592, 22.543707 ], [ 88.963547, 22.543808 ], [ 88.963522, 22.543872 ], [ 88.963478, 22.543973 ], [ 88.963453, 22.544038 ], [ 88.963409, 22.544138 ], [ 88.963383, 22.544203 ], [ 88.963339, 22.544303 ], [ 88.963314, 22.544369 ], [ 88.96327, 22.544468 ], [ 88.963244, 22.544534 ], [ 88.9632, 22.544633 ], [ 88.963175, 22.5447 ], [ 88.963131, 22.544798 ], [ 88.963105, 22.544866 ], [ 88.963062, 22.544963 ], [ 88.963035, 22.545031 ], [ 88.962992, 22.545128 ], [ 88.962966, 22.545197 ], [ 88.962923, 22.545294 ], [ 88.962896, 22.545362 ], [ 88.962854, 22.545459 ], [ 88.962827, 22.545528 ], [ 88.962784, 22.545624 ], [ 88.962757, 22.545693 ], [ 88.962715, 22.545789 ], [ 88.962688, 22.545859 ], [ 88.962645, 22.545954 ], [ 88.962618, 22.546024 ], [ 88.962576, 22.546119 ], [ 88.962549, 22.54619 ], [ 88.962507, 22.546284 ], [ 88.962479, 22.546356 ], [ 88.962437, 22.546449 ], [ 88.962409, 22.546521 ], [ 88.962368, 22.546614 ], [ 88.96234, 22.546687 ], [ 88.962299, 22.546779 ], [ 88.96227, 22.546852 ], [ 88.962229, 22.546944 ], [ 88.962201, 22.547018 ], [ 88.96216, 22.547109 ], [ 88.962131, 22.547183 ], [ 88.96209, 22.547274 ], [ 88.962062, 22.547349 ], [ 88.962021, 22.547439 ], [ 88.961992, 22.547515 ], [ 88.961952, 22.547604 ], [ 88.961923, 22.54768 ], [ 88.961882, 22.54777 ], [ 88.961853, 22.547846 ], [ 88.961813, 22.547935 ], [ 88.961783, 22.548011 ], [ 88.961744, 22.5481 ], [ 88.961714, 22.548177 ], [ 88.961674, 22.548265 ], [ 88.961644, 22.548342 ], [ 88.961632, 22.548369 ], [ 88.961601, 22.548429 ], [ 88.961558, 22.548525 ], [ 88.961524, 22.548591 ], [ 88.961509, 22.548625 ], [ 88.961446, 22.548732 ], [ 88.961434, 22.548749 ], [ 88.961393, 22.548819 ], [ 88.961352, 22.548889 ], [ 88.96134, 22.548907 ], [ 88.961258, 22.549046 ], [ 88.961246, 22.549064 ], [ 88.961163, 22.549204 ], [ 88.961062, 22.549354 ], [ 88.960951, 22.549495 ], [ 88.960832, 22.549629 ], [ 88.960704, 22.549754 ], [ 88.960568, 22.549871 ], [ 88.960526, 22.549902 ], [ 88.960429, 22.549985 ], [ 88.960387, 22.550016 ], [ 88.96029, 22.550099 ], [ 88.960248, 22.55013 ], [ 88.960151, 22.550214 ], [ 88.96011, 22.550245 ], [ 88.960012, 22.550328 ], [ 88.959971, 22.550359 ], [ 88.959873, 22.550443 ], [ 88.959832, 22.550473 ], [ 88.959734, 22.550557 ], [ 88.959693, 22.550587 ], [ 88.959595, 22.550671 ], [ 88.959555, 22.550702 ], [ 88.959456, 22.550786 ], [ 88.959416, 22.550816 ], [ 88.959317, 22.5509 ], [ 88.959277, 22.55093 ], [ 88.959178, 22.551014 ], [ 88.959138, 22.551044 ], [ 88.959039, 22.551129 ], [ 88.959, 22.551158 ], [ 88.9589, 22.551243 ], [ 88.958861, 22.551273 ], [ 88.958761, 22.551358 ], [ 88.958722, 22.551387 ], [ 88.958622, 22.551472 ], [ 88.958584, 22.551501 ], [ 88.958483, 22.551586 ], [ 88.958445, 22.551615 ], [ 88.958344, 22.551701 ], [ 88.958306, 22.551729 ], [ 88.958205, 22.551815 ], [ 88.958167, 22.551844 ], [ 88.958066, 22.55193 ], [ 88.958029, 22.551958 ], [ 88.957927, 22.552044 ], [ 88.95789, 22.552072 ], [ 88.957788, 22.552158 ], [ 88.957751, 22.552186 ], [ 88.957649, 22.552273 ], [ 88.957613, 22.5523 ], [ 88.95751, 22.552387 ], [ 88.957474, 22.552415 ], [ 88.957459, 22.552427 ], [ 88.9574, 22.552453 ], [ 88.957309, 22.552488 ], [ 88.957232, 22.552523 ], [ 88.957142, 22.552558 ], [ 88.957065, 22.552592 ], [ 88.956896, 22.552657 ], [ 88.956726, 22.552712 ], [ 88.956553, 22.552759 ], [ 88.956379, 22.552797 ], [ 88.956317, 22.552806 ], [ 88.956204, 22.552831 ], [ 88.95614, 22.552841 ], [ 88.956028, 22.552865 ], [ 88.955964, 22.552875 ], [ 88.955853, 22.552899 ], [ 88.955787, 22.55291 ], [ 88.955678, 22.552934 ], [ 88.955611, 22.552944 ], [ 88.955503, 22.552968 ], [ 88.955434, 22.552979 ], [ 88.955328, 22.553002 ], [ 88.955258, 22.553013 ], [ 88.955153, 22.553036 ], [ 88.955082, 22.553048 ], [ 88.954978, 22.553071 ], [ 88.954905, 22.553082 ], [ 88.954802, 22.553105 ], [ 88.954729, 22.553117 ], [ 88.954627, 22.553139 ], [ 88.954552, 22.553151 ], [ 88.954452, 22.553173 ], [ 88.954376, 22.553186 ], [ 88.954277, 22.553208 ], [ 88.954199, 22.55322 ], [ 88.954102, 22.553242 ], [ 88.954023, 22.553255 ], [ 88.953927, 22.553276 ], [ 88.953847, 22.553289 ], [ 88.953752, 22.55331 ], [ 88.95367, 22.553324 ], [ 88.953577, 22.553344 ], [ 88.953494, 22.553358 ], [ 88.953401, 22.553379 ], [ 88.953317, 22.553393 ], [ 88.953226, 22.553413 ], [ 88.953141, 22.553427 ], [ 88.953051, 22.553447 ], [ 88.952964, 22.553462 ], [ 88.952876, 22.553481 ], [ 88.952788, 22.553496 ], [ 88.952701, 22.553516 ], [ 88.952612, 22.553531 ], [ 88.952526, 22.55355 ], [ 88.952435, 22.553565 ], [ 88.952351, 22.553584 ], [ 88.952259, 22.5536 ], [ 88.952175, 22.553618 ], [ 88.952082, 22.553634 ], [ 88.952, 22.553653 ], [ 88.951906, 22.553669 ], [ 88.951825, 22.553687 ], [ 88.951729, 22.553703 ], [ 88.95165, 22.553721 ], [ 88.951553, 22.553738 ], [ 88.951475, 22.553755 ], [ 88.951377, 22.553772 ], [ 88.9513, 22.55379 ], [ 88.9512, 22.553807 ], [ 88.951125, 22.553824 ], [ 88.951024, 22.553841 ], [ 88.950949, 22.553858 ], [ 88.950847, 22.553876 ], [ 88.950774, 22.553892 ], [ 88.950671, 22.55391 ], [ 88.950599, 22.553927 ], [ 88.950494, 22.553945 ], [ 88.950424, 22.553961 ], [ 88.950318, 22.553979 ], [ 88.950249, 22.553995 ], [ 88.950142, 22.554014 ], [ 88.950074, 22.554029 ], [ 88.949965, 22.554048 ], [ 88.949899, 22.554064 ], [ 88.949789, 22.554083 ], [ 88.949723, 22.554098 ], [ 88.949612, 22.554117 ], [ 88.949548, 22.554132 ], [ 88.949436, 22.554152 ], [ 88.949373, 22.554166 ], [ 88.949259, 22.554186 ], [ 88.949198, 22.5542 ], [ 88.949083, 22.554221 ], [ 88.949023, 22.554235 ], [ 88.948907, 22.554255 ], [ 88.948848, 22.554269 ], [ 88.94873, 22.55429 ], [ 88.948673, 22.554303 ], [ 88.948554, 22.554324 ], [ 88.948498, 22.554337 ], [ 88.948377, 22.554359 ], [ 88.948322, 22.554372 ], [ 88.948201, 22.554393 ], [ 88.948147, 22.554406 ], [ 88.948025, 22.554428 ], [ 88.947972, 22.55444 ], [ 88.947848, 22.554462 ], [ 88.947797, 22.554474 ], [ 88.947672, 22.554497 ], [ 88.947622, 22.554509 ], [ 88.947495, 22.554532 ], [ 88.947447, 22.554543 ], [ 88.947319, 22.554566 ], [ 88.947272, 22.554577 ], [ 88.947142, 22.554601 ], [ 88.947096, 22.554611 ], [ 88.946966, 22.554635 ], [ 88.946921, 22.554645 ], [ 88.94679, 22.55467 ], [ 88.946746, 22.55468 ], [ 88.946613, 22.554704 ], [ 88.946571, 22.554714 ], [ 88.946437, 22.554739 ], [ 88.946396, 22.554748 ], [ 88.94626, 22.554773 ], [ 88.946221, 22.554782 ], [ 88.946084, 22.554808 ], [ 88.946046, 22.554817 ], [ 88.945907, 22.554842 ], [ 88.94587, 22.554851 ], [ 88.945731, 22.554877 ], [ 88.945695, 22.554885 ], [ 88.94552, 22.554918 ], [ 88.945343, 22.554942 ], [ 88.94528, 22.554948 ], [ 88.945165, 22.554964 ], [ 88.945132, 22.554967 ], [ 88.945105, 22.554969 ], [ 88.944987, 22.554985 ], [ 88.944929, 22.55499 ], [ 88.944805, 22.555007 ], [ 88.944689, 22.555056 ], [ 88.944529, 22.555132 ], [ 88.944373, 22.555215 ], [ 88.944235, 22.555296 ], [ 88.944219, 22.555301 ], [ 88.944051, 22.555364 ], [ 88.943888, 22.555434 ], [ 88.943729, 22.555511 ], [ 88.943574, 22.555595 ], [ 88.943423, 22.555687 ], [ 88.943276, 22.555785 ], [ 88.943133, 22.555891 ], [ 88.943072, 22.555941 ], [ 88.942992, 22.556 ], [ 88.942938, 22.556044 ], [ 88.942851, 22.55611 ], [ 88.942804, 22.556148 ], [ 88.94271, 22.556219 ], [ 88.942671, 22.556251 ], [ 88.942569, 22.556329 ], [ 88.942537, 22.556355 ], [ 88.942428, 22.556438 ], [ 88.942403, 22.556458 ], [ 88.942287, 22.556547 ], [ 88.94227, 22.556562 ], [ 88.942146, 22.556657 ], [ 88.942136, 22.556665 ], [ 88.942005, 22.556766 ], [ 88.942002, 22.556769 ], [ 88.941869, 22.556872 ], [ 88.941864, 22.556875 ], [ 88.941735, 22.556976 ], [ 88.941723, 22.556985 ], [ 88.941602, 22.55708 ], [ 88.941582, 22.557094 ], [ 88.941468, 22.557183 ], [ 88.941441, 22.557203 ], [ 88.941301, 22.557313 ], [ 88.941164, 22.55743 ], [ 88.941031, 22.557553 ], [ 88.940901, 22.557682 ], [ 88.940779, 22.557813 ], [ 88.940775, 22.557818 ], [ 88.940655, 22.557947 ], [ 88.940649, 22.557953 ], [ 88.94053, 22.55808 ], [ 88.940522, 22.558088 ], [ 88.940405, 22.558214 ], [ 88.940396, 22.558223 ], [ 88.940281, 22.558347 ], [ 88.94027, 22.558358 ], [ 88.940156, 22.558481 ], [ 88.940144, 22.558493 ], [ 88.940031, 22.558614 ], [ 88.940017, 22.558629 ], [ 88.939907, 22.558748 ], [ 88.939891, 22.558764 ], [ 88.939782, 22.558882 ], [ 88.939765, 22.558899 ], [ 88.939657, 22.559015 ], [ 88.939528, 22.559147 ], [ 88.939394, 22.559275 ], [ 88.939254, 22.559402 ], [ 88.939109, 22.559526 ], [ 88.938979, 22.559631 ], [ 88.937798, 22.55911 ], [ 88.937629, 22.559042 ], [ 88.937459, 22.55898 ], [ 88.937288, 22.558924 ], [ 88.937116, 22.558874 ], [ 88.937003, 22.558845 ], [ 88.936952, 22.558774 ], [ 88.936801, 22.55858 ], [ 88.936648, 22.558398 ], [ 88.936493, 22.558229 ], [ 88.936336, 22.558072 ], [ 88.936178, 22.557928 ], [ 88.936018, 22.557796 ], [ 88.935856, 22.557676 ], [ 88.935692, 22.557569 ], [ 88.935527, 22.557475 ], [ 88.93536, 22.557393 ], [ 88.935191, 22.557323 ], [ 88.935032, 22.55727 ], [ 88.93502, 22.557265 ], [ 88.93486, 22.557212 ], [ 88.934849, 22.557207 ], [ 88.934688, 22.557153 ], [ 88.934679, 22.557149 ], [ 88.9346, 22.557123 ], [ 88.934516, 22.557095 ], [ 88.934508, 22.557091 ], [ 88.934344, 22.557036 ], [ 88.934337, 22.557033 ], [ 88.93424, 22.557 ], [ 88.934167, 22.556988 ], [ 88.934149, 22.556983 ], [ 88.934141, 22.556981 ], [ 88.933981, 22.556953 ], [ 88.933961, 22.556948 ], [ 88.933781, 22.556917 ], [ 88.933604, 22.556902 ], [ 88.933429, 22.556903 ], [ 88.933256, 22.556921 ], [ 88.933087, 22.556956 ], [ 88.933048, 22.556967 ], [ 88.933002, 22.556992 ], [ 88.932995, 22.556997 ], [ 88.932886, 22.557058 ], [ 88.932844, 22.557079 ], [ 88.932778, 22.557119 ], [ 88.932686, 22.557166 ], [ 88.932535, 22.557265 ], [ 88.932396, 22.557379 ], [ 88.932268, 22.557509 ], [ 88.932261, 22.557517 ], [ 88.93214, 22.557639 ], [ 88.932134, 22.557647 ], [ 88.932013, 22.557769 ], [ 88.932007, 22.557777 ], [ 88.931885, 22.5579 ], [ 88.931879, 22.557907 ], [ 88.931758, 22.55803 ], [ 88.931752, 22.558037 ], [ 88.93163, 22.558161 ], [ 88.931625, 22.558167 ], [ 88.931502, 22.558291 ], [ 88.931498, 22.558296 ], [ 88.931375, 22.558421 ], [ 88.931371, 22.558426 ], [ 88.931247, 22.558552 ], [ 88.931244, 22.558556 ], [ 88.93112, 22.558682 ], [ 88.931117, 22.558686 ], [ 88.930992, 22.558813 ], [ 88.930989, 22.558816 ], [ 88.930865, 22.558943 ], [ 88.930862, 22.558946 ], [ 88.930737, 22.559073 ], [ 88.930735, 22.559075 ], [ 88.930609, 22.559204 ], [ 88.930608, 22.559205 ], [ 88.930482, 22.559334 ], [ 88.930481, 22.559335 ], [ 88.930354, 22.559464 ], [ 88.930354, 22.559465 ], [ 88.930227, 22.559595 ], [ 88.930227, 22.559595 ], [ 88.9301, 22.559725 ], [ 88.930099, 22.559725 ], [ 88.929972, 22.559855 ], [ 88.929972, 22.559855 ], [ 88.929845, 22.559985 ], [ 88.929844, 22.559986 ], [ 88.929718, 22.560114 ], [ 88.929716, 22.560116 ], [ 88.929591, 22.560244 ], [ 88.929589, 22.560246 ], [ 88.929464, 22.560374 ], [ 88.929461, 22.560377 ], [ 88.929337, 22.560504 ], [ 88.929334, 22.560507 ], [ 88.92921, 22.560634 ], [ 88.929206, 22.560637 ], [ 88.929083, 22.560764 ], [ 88.929078, 22.560768 ], [ 88.928956, 22.560894 ], [ 88.928951, 22.560898 ], [ 88.928828, 22.561024 ], [ 88.928823, 22.561028 ], [ 88.928701, 22.561153 ], [ 88.928696, 22.561159 ], [ 88.928574, 22.561283 ], [ 88.928568, 22.561289 ], [ 88.928447, 22.561413 ], [ 88.92844, 22.561419 ], [ 88.928313, 22.56155 ], [ 88.928191, 22.561688 ], [ 88.928074, 22.561833 ], [ 88.927962, 22.561986 ], [ 88.927856, 22.562146 ], [ 88.927755, 22.562313 ], [ 88.927659, 22.562487 ], [ 88.927568, 22.562669 ], [ 88.927482, 22.562858 ], [ 88.927402, 22.563054 ], [ 88.927371, 22.563136 ], [ 88.927324, 22.563254 ], [ 88.92731, 22.563292 ], [ 88.927249, 22.563448 ], [ 88.927246, 22.563454 ], [ 88.927189, 22.563604 ], [ 88.927168, 22.563654 ], [ 88.927092, 22.563856 ], [ 88.927021, 22.564065 ], [ 88.926954, 22.56428 ], [ 88.926891, 22.564501 ], [ 88.926834, 22.564729 ], [ 88.92678, 22.564963 ], [ 88.926779, 22.56497 ], [ 88.926847, 22.565013 ], [ 88.927017, 22.565117 ], [ 88.927188, 22.565215 ], [ 88.927359, 22.565308 ], [ 88.92753, 22.565395 ], [ 88.927703, 22.565478 ], [ 88.927875, 22.565554 ], [ 88.928049, 22.565626 ], [ 88.928222, 22.565692 ], [ 88.92828, 22.565712 ], [ 88.928396, 22.565756 ], [ 88.928452, 22.565776 ], [ 88.92857, 22.56582 ], [ 88.928625, 22.565839 ], [ 88.928744, 22.565885 ], [ 88.928798, 22.565903 ], [ 88.928918, 22.565949 ], [ 88.929092, 22.566009 ], [ 88.929267, 22.566064 ], [ 88.929442, 22.566113 ], [ 88.929618, 22.566156 ], [ 88.929794, 22.566193 ], [ 88.929971, 22.566225 ], [ 88.930148, 22.566251 ], [ 88.930326, 22.566271 ], [ 88.930441, 22.566281 ], [ 88.930504, 22.566288 ], [ 88.930619, 22.566298 ], [ 88.930683, 22.566305 ], [ 88.930797, 22.566314 ], [ 88.930861, 22.566322 ], [ 88.930975, 22.566331 ], [ 88.931039, 22.566338 ], [ 88.931153, 22.566348 ], [ 88.931218, 22.566355 ], [ 88.931331, 22.566364 ], [ 88.931396, 22.566372 ], [ 88.931509, 22.566381 ], [ 88.931574, 22.566388 ], [ 88.931687, 22.566398 ], [ 88.931752, 22.566405 ], [ 88.931865, 22.566414 ], [ 88.931931, 22.566422 ], [ 88.932043, 22.566431 ], [ 88.932109, 22.566439 ], [ 88.932221, 22.566448 ], [ 88.932287, 22.566455 ], [ 88.932399, 22.566464 ], [ 88.932465, 22.566472 ], [ 88.932577, 22.566481 ], [ 88.932644, 22.566489 ], [ 88.932755, 22.566498 ], [ 88.932822, 22.566505 ], [ 88.932933, 22.566514 ], [ 88.933, 22.566522 ], [ 88.933111, 22.566531 ], [ 88.933179, 22.566539 ], [ 88.933289, 22.566548 ], [ 88.933357, 22.566556 ], [ 88.933467, 22.566564 ], [ 88.933535, 22.566572 ], [ 88.933645, 22.566581 ], [ 88.933713, 22.566589 ], [ 88.933823, 22.566598 ], [ 88.933892, 22.566606 ], [ 88.934001, 22.566615 ], [ 88.93407, 22.566622 ], [ 88.934179, 22.566631 ], [ 88.934248, 22.566639 ], [ 88.934357, 22.566648 ], [ 88.934426, 22.566656 ], [ 88.934535, 22.566665 ], [ 88.934605, 22.566672 ], [ 88.934783, 22.566687 ], [ 88.934962, 22.566696 ], [ 88.935142, 22.566699 ], [ 88.935322, 22.566696 ], [ 88.935502, 22.566688 ], [ 88.935684, 22.566674 ], [ 88.935865, 22.566654 ], [ 88.936047, 22.566628 ], [ 88.93623, 22.566597 ], [ 88.937679, 22.566305 ], [ 88.937893, 22.566257 ], [ 88.937955, 22.566241 ], [ 88.938036, 22.566223 ], [ 88.938043, 22.566232 ], [ 88.938076, 22.566275 ], [ 88.938089, 22.566292 ], [ 88.938194, 22.56643 ], [ 88.938213, 22.566453 ], [ 88.938313, 22.566584 ], [ 88.938336, 22.566613 ], [ 88.938432, 22.566739 ], [ 88.93846, 22.566774 ], [ 88.938551, 22.566894 ], [ 88.938583, 22.566935 ], [ 88.938669, 22.567049 ], [ 88.938706, 22.567095 ], [ 88.938788, 22.567204 ], [ 88.93883, 22.567256 ], [ 88.938907, 22.567358 ], [ 88.938953, 22.567417 ], [ 88.939074, 22.567578 ], [ 88.939189, 22.56774 ], [ 88.939297, 22.567903 ], [ 88.939399, 22.568068 ], [ 88.939495, 22.568233 ], [ 88.939584, 22.5684 ], [ 88.939667, 22.568568 ], [ 88.939744, 22.568737 ], [ 88.939815, 22.568907 ], [ 88.939879, 22.569078 ], [ 88.939937, 22.56925 ], [ 88.939989, 22.569423 ], [ 88.940034, 22.569598 ], [ 88.940073, 22.569773 ], [ 88.940106, 22.56995 ], [ 88.94011, 22.569976 ], [ 88.940138, 22.570127 ], [ 88.940141, 22.570148 ], [ 88.940169, 22.570304 ], [ 88.940172, 22.570319 ], [ 88.940201, 22.570481 ], [ 88.940203, 22.570491 ], [ 88.940233, 22.570658 ], [ 88.940259, 22.570836 ], [ 88.940278, 22.571015 ], [ 88.940291, 22.571195 ], [ 88.940298, 22.571376 ], [ 88.940299, 22.571558 ], [ 88.940295, 22.571689 ], [ 88.940295, 22.571742 ], [ 88.940291, 22.571872 ], [ 88.940291, 22.571925 ], [ 88.940287, 22.572055 ], [ 88.940287, 22.572108 ], [ 88.940283, 22.572238 ], [ 88.940283, 22.572291 ], [ 88.940279, 22.572421 ], [ 88.940279, 22.572474 ], [ 88.940276, 22.572604 ], [ 88.940276, 22.572658 ], [ 88.940272, 22.572788 ], [ 88.940272, 22.572841 ], [ 88.940268, 22.572971 ], [ 88.940268, 22.573024 ], [ 88.940264, 22.573154 ], [ 88.940264, 22.573207 ], [ 88.94026, 22.573337 ], [ 88.94026, 22.573391 ], [ 88.940256, 22.57352 ], [ 88.940256, 22.573574 ], [ 88.940252, 22.573704 ], [ 88.940252, 22.573757 ], [ 88.940248, 22.573887 ], [ 88.940248, 22.57394 ], [ 88.940245, 22.57407 ], [ 88.940245, 22.574123 ], [ 88.940241, 22.574253 ], [ 88.940241, 22.574307 ], [ 88.940237, 22.574436 ], [ 88.940237, 22.57449 ], [ 88.940233, 22.574619 ], [ 88.940233, 22.574673 ], [ 88.940229, 22.574803 ], [ 88.940229, 22.574856 ], [ 88.940225, 22.574986 ], [ 88.940225, 22.575039 ], [ 88.940221, 22.575169 ], [ 88.940221, 22.575223 ], [ 88.940218, 22.575352 ], [ 88.940217, 22.575406 ], [ 88.940214, 22.575535 ], [ 88.940214, 22.575589 ], [ 88.94021, 22.575719 ], [ 88.94021, 22.575746 ], [ 88.94021, 22.575772 ], [ 88.940206, 22.575902 ], [ 88.940206, 22.575955 ], [ 88.940202, 22.576085 ], [ 88.940202, 22.576139 ], [ 88.940198, 22.576268 ], [ 88.940198, 22.576322 ], [ 88.940194, 22.576451 ], [ 88.940194, 22.576505 ], [ 88.94019, 22.576634 ], [ 88.94019, 22.576688 ], [ 88.940187, 22.576818 ], [ 88.940186, 22.576871 ], [ 88.940183, 22.577001 ], [ 88.940183, 22.577055 ], [ 88.940179, 22.577184 ], [ 88.940179, 22.577238 ], [ 88.940175, 22.577367 ], [ 88.940175, 22.577421 ], [ 88.940171, 22.57755 ], [ 88.940171, 22.577604 ], [ 88.940167, 22.577733 ], [ 88.940167, 22.577787 ], [ 88.940163, 22.577917 ], [ 88.940163, 22.577971 ], [ 88.94016, 22.5781 ], [ 88.940159, 22.578154 ], [ 88.940156, 22.578283 ], [ 88.940155, 22.578337 ], [ 88.940152, 22.578466 ], [ 88.940152, 22.57852 ], [ 88.940148, 22.578649 ], [ 88.940148, 22.578703 ], [ 88.940146, 22.578745 ], [ 88.940136, 22.578779 ], [ 88.940128, 22.578805 ], [ 88.940121, 22.578827 ], [ 88.940084, 22.578951 ], [ 88.940068, 22.579 ], [ 88.940032, 22.579123 ], [ 88.940016, 22.579172 ], [ 88.93998, 22.579295 ], [ 88.939964, 22.579345 ], [ 88.939928, 22.579467 ], [ 88.939911, 22.579517 ], [ 88.939887, 22.579601 ], [ 88.939879, 22.57964 ], [ 88.93987, 22.57968 ], [ 88.939842, 22.579818 ], [ 88.939834, 22.579856 ], [ 88.939805, 22.579996 ], [ 88.939797, 22.580031 ], [ 88.939769, 22.580174 ], [ 88.939761, 22.580207 ], [ 88.939732, 22.580351 ], [ 88.939725, 22.580382 ], [ 88.939695, 22.580529 ], [ 88.939689, 22.580557 ], [ 88.939659, 22.580707 ], [ 88.939653, 22.580733 ], [ 88.939622, 22.580885 ], [ 88.939617, 22.580908 ], [ 88.939585, 22.581063 ], [ 88.939581, 22.581084 ], [ 88.939549, 22.581241 ], [ 88.939544, 22.581259 ], [ 88.939512, 22.581419 ], [ 88.939508, 22.581435 ], [ 88.939475, 22.581597 ], [ 88.939472, 22.58161 ], [ 88.939439, 22.581775 ], [ 88.939436, 22.581786 ], [ 88.939402, 22.581952 ], [ 88.9394, 22.581961 ], [ 88.939365, 22.58213 ], [ 88.939364, 22.582137 ], [ 88.939329, 22.582308 ], [ 88.939328, 22.582312 ], [ 88.939324, 22.582331 ], [ 88.939292, 22.582486 ], [ 88.939291, 22.582488 ], [ 88.939255, 22.582663 ], [ 88.939255, 22.582664 ], [ 88.939219, 22.582839 ], [ 88.939219, 22.582842 ], [ 88.939183, 22.583014 ], [ 88.939182, 22.58302 ], [ 88.939147, 22.58319 ], [ 88.939145, 22.583198 ], [ 88.93911, 22.583365 ], [ 88.939109, 22.583376 ], [ 88.939074, 22.583541 ], [ 88.939072, 22.583554 ], [ 88.939038, 22.583716 ], [ 88.939035, 22.583731 ], [ 88.939002, 22.583892 ], [ 88.938999, 22.583909 ], [ 88.938966, 22.584067 ], [ 88.938962, 22.584087 ], [ 88.938929, 22.584243 ], [ 88.938925, 22.584265 ], [ 88.938893, 22.584418 ], [ 88.938889, 22.584443 ], [ 88.938857, 22.584593 ], [ 88.938852, 22.584621 ], [ 88.938821, 22.584769 ], [ 88.938815, 22.584799 ], [ 88.938785, 22.584944 ], [ 88.938779, 22.584977 ], [ 88.938749, 22.58512 ], [ 88.938742, 22.585155 ], [ 88.938712, 22.585295 ], [ 88.938706, 22.585333 ], [ 88.938676, 22.585471 ], [ 88.938644, 22.585646 ], [ 88.938618, 22.585822 ], [ 88.938597, 22.585998 ], [ 88.938581, 22.586174 ], [ 88.938578, 22.586219 ], [ 88.938567, 22.586351 ], [ 88.938564, 22.586394 ], [ 88.938553, 22.586527 ], [ 88.93855, 22.586568 ], [ 88.938538, 22.586703 ], [ 88.938536, 22.586742 ], [ 88.938524, 22.586879 ], [ 88.938522, 22.586916 ], [ 88.938516, 22.58699 ], [ 88.93851, 22.587056 ], [ 88.938508, 22.58709 ], [ 88.938496, 22.587232 ], [ 88.938494, 22.587264 ], [ 88.938481, 22.587408 ], [ 88.93848, 22.587438 ], [ 88.938467, 22.587584 ], [ 88.938466, 22.587612 ], [ 88.938463, 22.587646 ], [ 88.938461, 22.587711 ], [ 88.938462, 22.587787 ], [ 88.93846, 22.58789 ], [ 88.938461, 22.587963 ], [ 88.938458, 22.58807 ], [ 88.938459, 22.588138 ], [ 88.938457, 22.588249 ], [ 88.938458, 22.588314 ], [ 88.938455, 22.588429 ], [ 88.938456, 22.58849 ], [ 88.938454, 22.588608 ], [ 88.938455, 22.588665 ], [ 88.938452, 22.588788 ], [ 88.938453, 22.588841 ], [ 88.938451, 22.588967 ], [ 88.938452, 22.589017 ], [ 88.93845, 22.589147 ], [ 88.93845, 22.589192 ], [ 88.938449, 22.589239 ], [ 88.938448, 22.589326 ], [ 88.938449, 22.589368 ], [ 88.938447, 22.589506 ], [ 88.938447, 22.589544 ], [ 88.938445, 22.589685 ], [ 88.938446, 22.589719 ], [ 88.938444, 22.589864 ], [ 88.938444, 22.589895 ], [ 88.938442, 22.590044 ], [ 88.938443, 22.59007 ], [ 88.938441, 22.590223 ], [ 88.938441, 22.590246 ], [ 88.938439, 22.590403 ], [ 88.93844, 22.590422 ], [ 88.938438, 22.590582 ], [ 88.938438, 22.590597 ], [ 88.938436, 22.590762 ], [ 88.938437, 22.590773 ], [ 88.938435, 22.590941 ], [ 88.938435, 22.590949 ], [ 88.938433, 22.591121 ], [ 88.938438, 22.5913 ], [ 88.938446, 22.591411 ], [ 88.938465, 22.591501 ], [ 88.938506, 22.591666 ], [ 88.938554, 22.59183 ], [ 88.938607, 22.591991 ], [ 88.938665, 22.59215 ], [ 88.93873, 22.592306 ], [ 88.9388, 22.59246 ], [ 88.938876, 22.592612 ], [ 88.938958, 22.592761 ], [ 88.939043, 22.592904 ], [ 88.93905, 22.592912 ], [ 88.93917, 22.59304 ], [ 88.939294, 22.593163 ], [ 88.939423, 22.593282 ], [ 88.939453, 22.593307 ], [ 88.939553, 22.5934 ], [ 88.939587, 22.593428 ], [ 88.939684, 22.593518 ], [ 88.93972, 22.593549 ], [ 88.939814, 22.593636 ], [ 88.939854, 22.593671 ], [ 88.939944, 22.593754 ], [ 88.939987, 22.593792 ], [ 88.940074, 22.593872 ], [ 88.940121, 22.593913 ], [ 88.940204, 22.59399 ], [ 88.940255, 22.594034 ], [ 88.940334, 22.594108 ], [ 88.940388, 22.594155 ], [ 88.940465, 22.594226 ], [ 88.940522, 22.594276 ], [ 88.940595, 22.594344 ], [ 88.940655, 22.594397 ], [ 88.940725, 22.594462 ], [ 88.940789, 22.594518 ], [ 88.940855, 22.59458 ], [ 88.940923, 22.594639 ], [ 88.940985, 22.594698 ], [ 88.941056, 22.594761 ], [ 88.941116, 22.594816 ], [ 88.941129, 22.594828 ], [ 88.94119, 22.594882 ], [ 88.941246, 22.594934 ], [ 88.941323, 22.595003 ], [ 88.941376, 22.595052 ], [ 88.941457, 22.595124 ], [ 88.941506, 22.59517 ], [ 88.941591, 22.595245 ], [ 88.941636, 22.595288 ], [ 88.941724, 22.595366 ], [ 88.941767, 22.595406 ], [ 88.941858, 22.595487 ], [ 88.941897, 22.595524 ], [ 88.941991, 22.595608 ], [ 88.942027, 22.595642 ], [ 88.942125, 22.59573 ], [ 88.942157, 22.59576 ], [ 88.942258, 22.595851 ], [ 88.942288, 22.595878 ], [ 88.942392, 22.595972 ], [ 88.942418, 22.595996 ], [ 88.942526, 22.596093 ], [ 88.942548, 22.596114 ], [ 88.942644, 22.596201 ], [ 88.942661, 22.596212 ], [ 88.942756, 22.596282 ], [ 88.942806, 22.596317 ], [ 88.942901, 22.596387 ], [ 88.942952, 22.596423 ], [ 88.943047, 22.596493 ], [ 88.943098, 22.596528 ], [ 88.943192, 22.596598 ], [ 88.943243, 22.596633 ], [ 88.943338, 22.596703 ], [ 88.943389, 22.596738 ], [ 88.943483, 22.596808 ], [ 88.943534, 22.596843 ], [ 88.943629, 22.596913 ], [ 88.94368, 22.596949 ], [ 88.943774, 22.597018 ], [ 88.943826, 22.597054 ], [ 88.94392, 22.597123 ], [ 88.943971, 22.597159 ], [ 88.944065, 22.597228 ], [ 88.944117, 22.597264 ], [ 88.944211, 22.597333 ], [ 88.944263, 22.597369 ], [ 88.944356, 22.597439 ], [ 88.944408, 22.597474 ], [ 88.944502, 22.597544 ], [ 88.944554, 22.59758 ], [ 88.944647, 22.597649 ], [ 88.944699, 22.597685 ], [ 88.944793, 22.597754 ], [ 88.944845, 22.59779 ], [ 88.944938, 22.597859 ], [ 88.944991, 22.597895 ], [ 88.945084, 22.597964 ], [ 88.945136, 22.598 ], [ 88.945229, 22.598069 ], [ 88.945282, 22.598106 ], [ 88.945375, 22.598174 ], [ 88.945428, 22.598211 ], [ 88.94552, 22.59828 ], [ 88.945573, 22.598316 ], [ 88.945666, 22.598385 ], [ 88.945719, 22.598421 ], [ 88.945811, 22.59849 ], [ 88.945864, 22.598526 ], [ 88.945957, 22.598595 ], [ 88.94601, 22.598632 ], [ 88.946102, 22.5987 ], [ 88.946156, 22.598737 ], [ 88.946248, 22.598805 ], [ 88.946301, 22.598842 ], [ 88.946393, 22.59891 ], [ 88.946447, 22.598947 ], [ 88.946539, 22.599015 ], [ 88.946593, 22.599052 ], [ 88.946684, 22.599121 ], [ 88.946738, 22.599158 ], [ 88.94683, 22.599226 ], [ 88.946884, 22.599263 ], [ 88.946975, 22.599331 ], [ 88.947029, 22.599368 ], [ 88.947121, 22.599436 ], [ 88.947175, 22.599473 ], [ 88.947266, 22.599541 ], [ 88.947321, 22.599578 ], [ 88.947412, 22.599646 ], [ 88.947466, 22.599684 ], [ 88.947557, 22.599751 ], [ 88.947612, 22.599789 ], [ 88.947703, 22.599856 ], [ 88.947757, 22.599894 ], [ 88.947848, 22.599961 ], [ 88.947903, 22.599999 ], [ 88.947994, 22.600067 ], [ 88.948049, 22.600104 ], [ 88.94814, 22.600172 ], [ 88.948194, 22.60021 ], [ 88.948285, 22.600277 ], [ 88.94834, 22.600315 ], [ 88.948431, 22.600382 ], [ 88.948486, 22.60042 ], [ 88.948576, 22.600487 ], [ 88.948631, 22.600525 ], [ 88.948722, 22.600592 ], [ 88.948777, 22.60063 ], [ 88.948824, 22.600666 ], [ 88.948867, 22.600697 ], [ 88.948922, 22.600736 ], [ 88.949013, 22.600802 ], [ 88.949068, 22.600841 ], [ 88.949158, 22.600908 ], [ 88.949214, 22.600946 ], [ 88.949304, 22.601013 ], [ 88.949359, 22.601051 ], [ 88.949449, 22.601118 ], [ 88.949505, 22.601156 ], [ 88.949595, 22.601223 ], [ 88.949651, 22.601262 ], [ 88.94974, 22.601328 ], [ 88.949796, 22.601367 ], [ 88.949886, 22.601433 ], [ 88.949942, 22.601472 ], [ 88.950031, 22.601538 ], [ 88.950087, 22.601577 ], [ 88.950177, 22.601643 ], [ 88.950233, 22.601682 ], [ 88.950322, 22.601749 ], [ 88.950379, 22.601787 ], [ 88.950468, 22.601854 ], [ 88.950524, 22.601893 ], [ 88.950613, 22.601959 ], [ 88.95067, 22.601998 ], [ 88.950759, 22.602064 ], [ 88.950816, 22.602103 ], [ 88.950904, 22.602169 ], [ 88.950961, 22.602208 ], [ 88.95105, 22.602274 ], [ 88.951107, 22.602313 ], [ 88.951195, 22.602379 ], [ 88.951252, 22.602419 ], [ 88.951341, 22.602484 ], [ 88.951398, 22.602524 ], [ 88.951486, 22.602589 ], [ 88.951544, 22.602629 ], [ 88.951632, 22.602695 ], [ 88.951689, 22.602734 ], [ 88.951777, 22.6028 ], [ 88.951835, 22.602839 ], [ 88.951923, 22.602905 ], [ 88.95198, 22.602945 ], [ 88.952068, 22.60301 ], [ 88.952126, 22.60305 ], [ 88.952214, 22.603115 ], [ 88.952272, 22.603155 ], [ 88.952359, 22.60322 ], [ 88.952417, 22.60326 ], [ 88.952505, 22.603325 ], [ 88.952563, 22.603365 ], [ 88.95265, 22.60343 ], [ 88.952709, 22.603471 ], [ 88.952796, 22.603536 ], [ 88.952854, 22.603576 ], [ 88.952941, 22.603641 ], [ 88.953, 22.603681 ], [ 88.953087, 22.603746 ], [ 88.953145, 22.603786 ], [ 88.953232, 22.603851 ], [ 88.953291, 22.603891 ], [ 88.953378, 22.603956 ], [ 88.953437, 22.603997 ], [ 88.953523, 22.604061 ], [ 88.953582, 22.604102 ], [ 88.953669, 22.604166 ], [ 88.953728, 22.604207 ], [ 88.953814, 22.604271 ], [ 88.953874, 22.604312 ], [ 88.95396, 22.604377 ], [ 88.954019, 22.604417 ], [ 88.954105, 22.604482 ], [ 88.954165, 22.604523 ], [ 88.954251, 22.604587 ], [ 88.95431, 22.604628 ], [ 88.954396, 22.604692 ], [ 88.954456, 22.604733 ], [ 88.954542, 22.604797 ], [ 88.954602, 22.604838 ], [ 88.954688, 22.604902 ], [ 88.954747, 22.604943 ], [ 88.954759, 22.604952 ], [ 88.954767, 22.604962 ], [ 88.95482, 22.605026 ], [ 88.954887, 22.605103 ], [ 88.95494, 22.605168 ], [ 88.955007, 22.605245 ], [ 88.95506, 22.605311 ], [ 88.955126, 22.605387 ], [ 88.95518, 22.605453 ], [ 88.955246, 22.605529 ], [ 88.9553, 22.605595 ], [ 88.955366, 22.60567 ], [ 88.95542, 22.605737 ], [ 88.955485, 22.605812 ], [ 88.95554, 22.605879 ], [ 88.955605, 22.605954 ], [ 88.95566, 22.606021 ], [ 88.955725, 22.606095 ], [ 88.955779, 22.606163 ], [ 88.955844, 22.606237 ], [ 88.955899, 22.606305 ], [ 88.955964, 22.606379 ], [ 88.956019, 22.606448 ], [ 88.956084, 22.60652 ], [ 88.956114, 22.606558 ], [ 88.956139, 22.60659 ], [ 88.956203, 22.606662 ], [ 88.956259, 22.606732 ], [ 88.956323, 22.606804 ], [ 88.956379, 22.606874 ], [ 88.956443, 22.606946 ], [ 88.956499, 22.607016 ], [ 88.956562, 22.607087 ], [ 88.956619, 22.607158 ], [ 88.956682, 22.607229 ], [ 88.956739, 22.6073 ], [ 88.956802, 22.607371 ], [ 88.956859, 22.607442 ], [ 88.956921, 22.607512 ], [ 88.956979, 22.607585 ], [ 88.957041, 22.607654 ], [ 88.957099, 22.607727 ], [ 88.957161, 22.607796 ], [ 88.957219, 22.607869 ], [ 88.95728, 22.607937 ], [ 88.957339, 22.608011 ], [ 88.9574, 22.608079 ], [ 88.957459, 22.608153 ], [ 88.95752, 22.608221 ], [ 88.957579, 22.608295 ], [ 88.95764, 22.608362 ], [ 88.957699, 22.608437 ], [ 88.957759, 22.608504 ], [ 88.957819, 22.60858 ], [ 88.957879, 22.608646 ], [ 88.957992, 22.60879 ], [ 88.958093, 22.608941 ], [ 88.95818, 22.609098 ], [ 88.958254, 22.609261 ], [ 88.958266, 22.609292 ], [ 88.958326, 22.609425 ], [ 88.958334, 22.609447 ], [ 88.958397, 22.609589 ], [ 88.958401, 22.609602 ], [ 88.958468, 22.609753 ], [ 88.958469, 22.609756 ], [ 88.958537, 22.609911 ], [ 88.95854, 22.609917 ], [ 88.958604, 22.610066 ], [ 88.958612, 22.610081 ], [ 88.958671, 22.610222 ], [ 88.958684, 22.610245 ], [ 88.958753, 22.61041 ], [ 88.95881, 22.610581 ], [ 88.958854, 22.610758 ], [ 88.958857, 22.610782 ], [ 88.958896, 22.610936 ], [ 88.9589, 22.610959 ], [ 88.958938, 22.611114 ], [ 88.958942, 22.611137 ], [ 88.95898, 22.611292 ], [ 88.958984, 22.611314 ], [ 88.959023, 22.611469 ], [ 88.959027, 22.611492 ], [ 88.959065, 22.611647 ], [ 88.959069, 22.611669 ], [ 88.959107, 22.611825 ], [ 88.959111, 22.611847 ], [ 88.95915, 22.612003 ], [ 88.959154, 22.612025 ], [ 88.959192, 22.61218 ], [ 88.959196, 22.612202 ], [ 88.959234, 22.612358 ], [ 88.959238, 22.61238 ], [ 88.959277, 22.612536 ], [ 88.959281, 22.612557 ], [ 88.959319, 22.612713 ], [ 88.959323, 22.612735 ], [ 88.959342, 22.612814 ], [ 88.959361, 22.612891 ], [ 88.959365, 22.612912 ], [ 88.959404, 22.613069 ], [ 88.959408, 22.61309 ], [ 88.959446, 22.613247 ], [ 88.95945, 22.613267 ], [ 88.959488, 22.613424 ], [ 88.959492, 22.613445 ], [ 88.959531, 22.613602 ], [ 88.959534, 22.613623 ], [ 88.959573, 22.61378 ], [ 88.959577, 22.6138 ], [ 88.959615, 22.613957 ], [ 88.959619, 22.613978 ], [ 88.959658, 22.614135 ], [ 88.959661, 22.614155 ], [ 88.9597, 22.614313 ], [ 88.959704, 22.614333 ], [ 88.959742, 22.614491 ], [ 88.959746, 22.61451 ], [ 88.959766, 22.614592 ], [ 88.95977, 22.614654 ], [ 88.959771, 22.614689 ], [ 88.95978, 22.614818 ], [ 88.959782, 22.614867 ], [ 88.959791, 22.614981 ], [ 88.959793, 22.615046 ], [ 88.959801, 22.615145 ], [ 88.959804, 22.615224 ], [ 88.959811, 22.615308 ], [ 88.959815, 22.615403 ], [ 88.959821, 22.615471 ], [ 88.959827, 22.615581 ], [ 88.95983, 22.615617 ], [ 88.959819, 22.615651 ], [ 88.959777, 22.615762 ], [ 88.959755, 22.615831 ], [ 88.959713, 22.615943 ], [ 88.959691, 22.616011 ], [ 88.959669, 22.616069 ], [ 88.959648, 22.616124 ], [ 88.959627, 22.616192 ], [ 88.959584, 22.616305 ], [ 88.959562, 22.616372 ], [ 88.95952, 22.616486 ], [ 88.959498, 22.616552 ], [ 88.959455, 22.616667 ], [ 88.959434, 22.616733 ], [ 88.959391, 22.616848 ], [ 88.95937, 22.616913 ], [ 88.959326, 22.617029 ], [ 88.959306, 22.617093 ], [ 88.959239, 22.61727 ], [ 88.959162, 22.617439 ], [ 88.959075, 22.6176 ], [ 88.958979, 22.617753 ], [ 88.958874, 22.617897 ], [ 88.958759, 22.618033 ], [ 88.958634, 22.61816 ], [ 88.9585, 22.61828 ], [ 88.958468, 22.618304 ], [ 88.958362, 22.618396 ], [ 88.958348, 22.618408 ], [ 88.958227, 22.618511 ], [ 88.958225, 22.618513 ], [ 88.958107, 22.618613 ], [ 88.958089, 22.618631 ], [ 88.957986, 22.618716 ], [ 88.957952, 22.618748 ], [ 88.957865, 22.618819 ], [ 88.957815, 22.618865 ], [ 88.957674, 22.618979 ], [ 88.957525, 22.619085 ], [ 88.957367, 22.619184 ], [ 88.957201, 22.619275 ], [ 88.957026, 22.619359 ], [ 88.95698, 22.619378 ], [ 88.956848, 22.619441 ], [ 88.956806, 22.619458 ], [ 88.956671, 22.619523 ], [ 88.956631, 22.619539 ], [ 88.956493, 22.619605 ], [ 88.956469, 22.619615 ], [ 88.956457, 22.61962 ], [ 88.956339, 22.619675 ], [ 88.956283, 22.619686 ], [ 88.956206, 22.619704 ], [ 88.956108, 22.619722 ], [ 88.956035, 22.619739 ], [ 88.955933, 22.619758 ], [ 88.955863, 22.619774 ], [ 88.955758, 22.619794 ], [ 88.955692, 22.61981 ], [ 88.955583, 22.61983 ], [ 88.955521, 22.619845 ], [ 88.955409, 22.619867 ], [ 88.95535, 22.61988 ], [ 88.955234, 22.619903 ], [ 88.955178, 22.619916 ], [ 88.955059, 22.619939 ], [ 88.955007, 22.619951 ], [ 88.954884, 22.619975 ], [ 88.954836, 22.619986 ], [ 88.954709, 22.620011 ], [ 88.954665, 22.620022 ], [ 88.954535, 22.620047 ], [ 88.954493, 22.620057 ], [ 88.95436, 22.620083 ], [ 88.954322, 22.620092 ], [ 88.954185, 22.62012 ], [ 88.954151, 22.620128 ], [ 88.954086, 22.620141 ], [ 88.95401, 22.620129 ], [ 88.953987, 22.620127 ], [ 88.953835, 22.620105 ], [ 88.953809, 22.620102 ], [ 88.953659, 22.62008 ], [ 88.953631, 22.620076 ], [ 88.953484, 22.620055 ], [ 88.953453, 22.620051 ], [ 88.953308, 22.62003 ], [ 88.953275, 22.620026 ], [ 88.953133, 22.620005 ], [ 88.953097, 22.620001 ], [ 88.952958, 22.61998 ], [ 88.952919, 22.619976 ], [ 88.952782, 22.619955 ], [ 88.952741, 22.61995 ], [ 88.952607, 22.61993 ], [ 88.952563, 22.619925 ], [ 88.952432, 22.619905 ], [ 88.952385, 22.6199 ], [ 88.952256, 22.61988 ], [ 88.952207, 22.619875 ], [ 88.952081, 22.619855 ], [ 88.952029, 22.619849 ], [ 88.951905, 22.61983 ], [ 88.951851, 22.619824 ], [ 88.95173, 22.619805 ], [ 88.951673, 22.619799 ], [ 88.951496, 22.619771 ], [ 88.951321, 22.619736 ], [ 88.95124, 22.619716 ], [ 88.951147, 22.619698 ], [ 88.951065, 22.619677 ], [ 88.950973, 22.619659 ], [ 88.950889, 22.619638 ], [ 88.950799, 22.61962 ], [ 88.950714, 22.6196 ], [ 88.950625, 22.619582 ], [ 88.950538, 22.619561 ], [ 88.950451, 22.619543 ], [ 88.950363, 22.619522 ], [ 88.950277, 22.619505 ], [ 88.950188, 22.619483 ], [ 88.950103, 22.619466 ], [ 88.950012, 22.619444 ], [ 88.949929, 22.619428 ], [ 88.949837, 22.619405 ], [ 88.949755, 22.619389 ], [ 88.949661, 22.619366 ], [ 88.949581, 22.61935 ], [ 88.949486, 22.619327 ], [ 88.949407, 22.619312 ], [ 88.94931, 22.619288 ], [ 88.949233, 22.619273 ], [ 88.949135, 22.619249 ], [ 88.949059, 22.619235 ], [ 88.94896, 22.619211 ], [ 88.948932, 22.619205 ], [ 88.948885, 22.619196 ], [ 88.948784, 22.619172 ], [ 88.948711, 22.619157 ], [ 88.948609, 22.619133 ], [ 88.948537, 22.619119 ], [ 88.948433, 22.619094 ], [ 88.948363, 22.61908 ], [ 88.948258, 22.619055 ], [ 88.948189, 22.619042 ], [ 88.948083, 22.619016 ], [ 88.948015, 22.619003 ], [ 88.947907, 22.618977 ], [ 88.947841, 22.618965 ], [ 88.947732, 22.618938 ], [ 88.947667, 22.618926 ], [ 88.947556, 22.618899 ], [ 88.947493, 22.618887 ], [ 88.947381, 22.61886 ], [ 88.947319, 22.618849 ], [ 88.947206, 22.618822 ], [ 88.947145, 22.61881 ], [ 88.94703, 22.618783 ], [ 88.946971, 22.618772 ], [ 88.946855, 22.618744 ], [ 88.946797, 22.618733 ], [ 88.946679, 22.618705 ], [ 88.946623, 22.618694 ], [ 88.946504, 22.618666 ], [ 88.946328, 22.618634 ], [ 88.946223, 22.61862 ], [ 88.946151, 22.618607 ], [ 88.946046, 22.618593 ], [ 88.945973, 22.61858 ], [ 88.945869, 22.618566 ], [ 88.945796, 22.618553 ], [ 88.945691, 22.618539 ], [ 88.945619, 22.618526 ], [ 88.945514, 22.618513 ], [ 88.945442, 22.618499 ], [ 88.945336, 22.618486 ], [ 88.945265, 22.618473 ], [ 88.945159, 22.618459 ], [ 88.945088, 22.618446 ], [ 88.944981, 22.618432 ], [ 88.94491, 22.618419 ], [ 88.944804, 22.618405 ], [ 88.944733, 22.618392 ], [ 88.944626, 22.618378 ], [ 88.944556, 22.618365 ], [ 88.944449, 22.618351 ], [ 88.944379, 22.618338 ], [ 88.944271, 22.618324 ], [ 88.944202, 22.618311 ], [ 88.944094, 22.618297 ], [ 88.944025, 22.618285 ], [ 88.943916, 22.618271 ], [ 88.943847, 22.618258 ], [ 88.943739, 22.618244 ], [ 88.94367, 22.618231 ], [ 88.943561, 22.618217 ], [ 88.943493, 22.618204 ], [ 88.943384, 22.61819 ], [ 88.943316, 22.618177 ], [ 88.943206, 22.618163 ], [ 88.943139, 22.61815 ], [ 88.943029, 22.618136 ], [ 88.942962, 22.618124 ], [ 88.942852, 22.618109 ], [ 88.942784, 22.618097 ], [ 88.942674, 22.618082 ], [ 88.942607, 22.61807 ], [ 88.942497, 22.618055 ], [ 88.94243, 22.618043 ], [ 88.942319, 22.618029 ], [ 88.942253, 22.618016 ], [ 88.942142, 22.618002 ], [ 88.942076, 22.617989 ], [ 88.941964, 22.617975 ], [ 88.941899, 22.617963 ], [ 88.941787, 22.617948 ], [ 88.941721, 22.617936 ], [ 88.941609, 22.617921 ], [ 88.941544, 22.617909 ], [ 88.941432, 22.617894 ], [ 88.941367, 22.617882 ], [ 88.941254, 22.617867 ], [ 88.94119, 22.617855 ], [ 88.941077, 22.61784 ], [ 88.941013, 22.617828 ], [ 88.940899, 22.617813 ], [ 88.940836, 22.617802 ], [ 88.940722, 22.617787 ], [ 88.940659, 22.617775 ], [ 88.940544, 22.61776 ], [ 88.940481, 22.617748 ], [ 88.940367, 22.617733 ], [ 88.940304, 22.617721 ], [ 88.940189, 22.617706 ], [ 88.940127, 22.617694 ], [ 88.940012, 22.617679 ], [ 88.93995, 22.617667 ], [ 88.939835, 22.617652 ], [ 88.939773, 22.61764 ], [ 88.939657, 22.617625 ], [ 88.939596, 22.617614 ], [ 88.93948, 22.617598 ], [ 88.939418, 22.617587 ], [ 88.939302, 22.617571 ], [ 88.939241, 22.61756 ], [ 88.939064, 22.617536 ], [ 88.939049, 22.617535 ], [ 88.939036, 22.617537 ], [ 88.938858, 22.617572 ], [ 88.938683, 22.617616 ], [ 88.938657, 22.617624 ], [ 88.938509, 22.617661 ], [ 88.938489, 22.617668 ], [ 88.938335, 22.617707 ], [ 88.938321, 22.617711 ], [ 88.938161, 22.617753 ], [ 88.938154, 22.617755 ], [ 88.937987, 22.617799 ], [ 88.937986, 22.617799 ], [ 88.937818, 22.617843 ], [ 88.937813, 22.617844 ], [ 88.93765, 22.617887 ], [ 88.937639, 22.617889 ], [ 88.937483, 22.617931 ], [ 88.937464, 22.617935 ], [ 88.937315, 22.617975 ], [ 88.93729, 22.61798 ], [ 88.937147, 22.618019 ], [ 88.937116, 22.618026 ], [ 88.936979, 22.618063 ], [ 88.936942, 22.618071 ], [ 88.936812, 22.618108 ], [ 88.936768, 22.618117 ], [ 88.936644, 22.618152 ], [ 88.936594, 22.618162 ], [ 88.936476, 22.618196 ], [ 88.93642, 22.618208 ], [ 88.936308, 22.61824 ], [ 88.936246, 22.618253 ], [ 88.93614, 22.618284 ], [ 88.936072, 22.618299 ], [ 88.935973, 22.618328 ], [ 88.935898, 22.618344 ], [ 88.935805, 22.618372 ], [ 88.935723, 22.61839 ], [ 88.935637, 22.618416 ], [ 88.935549, 22.618435 ], [ 88.935469, 22.61846 ], [ 88.935375, 22.618481 ], [ 88.935302, 22.618504 ], [ 88.935201, 22.618527 ], [ 88.93503, 22.61858 ], [ 88.934864, 22.618646 ], [ 88.934703, 22.618725 ], [ 88.934548, 22.618818 ], [ 88.934397, 22.618923 ], [ 88.934252, 22.619041 ], [ 88.934111, 22.619173 ], [ 88.933976, 22.619317 ], [ 88.933959, 22.619338 ], [ 88.933841, 22.619464 ], [ 88.933826, 22.619482 ], [ 88.933737, 22.619578 ], [ 88.933718, 22.619633 ], [ 88.933695, 22.61969 ], [ 88.933658, 22.619799 ], [ 88.933635, 22.619854 ], [ 88.933597, 22.619964 ], [ 88.933575, 22.620019 ], [ 88.933537, 22.62013 ], [ 88.933515, 22.620183 ], [ 88.933477, 22.620295 ], [ 88.933456, 22.620347 ], [ 88.933416, 22.620461 ], [ 88.933396, 22.620511 ], [ 88.933356, 22.620626 ], [ 88.933336, 22.620675 ], [ 88.933296, 22.620792 ], [ 88.933276, 22.620839 ], [ 88.933235, 22.620957 ], [ 88.933216, 22.621004 ], [ 88.933175, 22.621123 ], [ 88.933157, 22.621168 ], [ 88.933115, 22.621288 ], [ 88.933097, 22.621332 ], [ 88.933054, 22.621454 ], [ 88.933037, 22.621496 ], [ 88.932994, 22.621619 ], [ 88.932977, 22.62166 ], [ 88.932934, 22.621785 ], [ 88.932917, 22.621824 ], [ 88.932875, 22.621946 ], [ 88.932874, 22.62195 ], [ 88.932849, 22.622081 ], [ 88.932843, 22.622125 ], [ 88.932818, 22.622258 ], [ 88.932794, 22.622435 ], [ 88.932779, 22.622613 ], [ 88.932774, 22.622792 ], [ 88.932778, 22.622971 ], [ 88.932779, 22.622978 ], [ 88.932783, 22.623149 ], [ 88.932783, 22.623157 ], [ 88.932787, 22.623328 ], [ 88.932788, 22.623337 ], [ 88.932791, 22.623507 ], [ 88.932792, 22.623517 ], [ 88.932796, 22.623686 ], [ 88.932797, 22.623697 ], [ 88.9328, 22.623865 ], [ 88.932801, 22.623877 ], [ 88.932805, 22.624044 ], [ 88.932805, 22.624056 ], [ 88.932809, 22.624223 ], [ 88.93281, 22.624236 ], [ 88.932813, 22.624402 ], [ 88.932814, 22.624416 ], [ 88.932818, 22.624581 ], [ 88.932819, 22.624596 ], [ 88.932822, 22.62476 ], [ 88.932823, 22.624775 ], [ 88.932827, 22.624939 ], [ 88.932828, 22.624955 ], [ 88.932831, 22.625118 ], [ 88.932832, 22.625135 ], [ 88.932835, 22.625297 ], [ 88.932837, 22.625315 ], [ 88.93284, 22.625476 ], [ 88.932841, 22.625495 ], [ 88.932844, 22.625654 ], [ 88.932845, 22.625674 ], [ 88.932849, 22.625833 ], [ 88.93285, 22.625854 ], [ 88.932853, 22.626012 ], [ 88.932854, 22.626034 ], [ 88.932857, 22.626191 ], [ 88.932859, 22.626214 ], [ 88.932862, 22.62637 ], [ 88.932863, 22.626394 ], [ 88.932866, 22.626549 ], [ 88.932868, 22.626573 ], [ 88.932871, 22.626728 ], [ 88.932872, 22.626753 ], [ 88.932875, 22.626907 ], [ 88.932877, 22.626933 ], [ 88.932879, 22.627086 ], [ 88.932881, 22.627113 ], [ 88.932884, 22.627265 ], [ 88.932885, 22.627293 ], [ 88.932888, 22.627444 ], [ 88.93289, 22.627472 ], [ 88.932893, 22.627623 ], [ 88.932894, 22.627652 ], [ 88.932897, 22.627802 ], [ 88.932899, 22.627832 ], [ 88.932901, 22.627981 ], [ 88.932903, 22.628012 ], [ 88.932906, 22.62816 ], [ 88.932908, 22.628192 ], [ 88.93291, 22.628338 ], [ 88.932912, 22.628371 ], [ 88.932915, 22.628517 ], [ 88.932917, 22.628551 ], [ 88.932919, 22.628696 ], [ 88.932921, 22.628731 ], [ 88.932923, 22.628875 ], [ 88.932925, 22.628911 ], [ 88.932928, 22.629054 ], [ 88.93293, 22.62909 ], [ 88.932932, 22.629233 ], [ 88.932934, 22.62927 ], [ 88.932937, 22.629412 ], [ 88.932939, 22.62945 ], [ 88.932941, 22.629591 ], [ 88.932943, 22.62963 ], [ 88.932946, 22.62977 ], [ 88.932948, 22.62981 ], [ 88.93295, 22.629949 ], [ 88.932952, 22.629989 ], [ 88.932954, 22.630128 ], [ 88.932957, 22.630169 ], [ 88.932959, 22.630307 ], [ 88.932961, 22.630349 ], [ 88.932963, 22.630486 ], [ 88.932965, 22.630529 ], [ 88.932968, 22.630665 ], [ 88.93297, 22.630709 ], [ 88.93297, 22.63073 ], [ 88.932969, 22.630748 ], [ 88.93296, 22.630843 ], [ 88.932955, 22.630925 ], [ 88.932946, 22.631021 ], [ 88.932941, 22.631103 ], [ 88.932931, 22.631198 ], [ 88.932927, 22.63128 ], [ 88.932917, 22.631376 ], [ 88.932912, 22.631457 ], [ 88.932903, 22.631554 ], [ 88.932898, 22.631634 ], [ 88.932889, 22.631732 ], [ 88.932884, 22.631811 ], [ 88.932875, 22.63191 ], [ 88.93287, 22.631988 ], [ 88.93286, 22.632088 ], [ 88.932856, 22.632165 ], [ 88.932846, 22.632265 ], [ 88.932842, 22.632342 ], [ 88.932832, 22.632443 ], [ 88.932827, 22.632519 ], [ 88.932818, 22.632621 ], [ 88.932813, 22.632697 ], [ 88.932803, 22.632799 ], [ 88.932799, 22.632874 ], [ 88.932789, 22.632977 ], [ 88.932785, 22.633051 ], [ 88.932775, 22.633155 ], [ 88.932771, 22.633228 ], [ 88.932761, 22.633332 ], [ 88.932757, 22.633405 ], [ 88.932747, 22.63351 ], [ 88.932742, 22.633582 ], [ 88.932732, 22.633688 ], [ 88.932728, 22.633759 ], [ 88.932718, 22.633866 ], [ 88.932714, 22.633936 ], [ 88.932704, 22.634044 ], [ 88.9327, 22.634113 ], [ 88.93269, 22.634222 ], [ 88.932686, 22.63429 ], [ 88.932675, 22.634399 ], [ 88.932672, 22.634468 ], [ 88.932661, 22.634577 ], [ 88.932657, 22.634645 ], [ 88.932647, 22.634755 ], [ 88.932643, 22.634822 ], [ 88.932633, 22.634933 ], [ 88.932629, 22.634999 ], [ 88.932618, 22.635111 ], [ 88.932615, 22.635176 ], [ 88.932604, 22.635288 ], [ 88.932601, 22.635353 ], [ 88.93259, 22.635466 ], [ 88.932587, 22.63553 ], [ 88.932576, 22.635644 ], [ 88.932574, 22.635686 ], [ 88.932572, 22.635707 ], [ 88.932562, 22.635822 ], [ 88.932558, 22.635884 ], [ 88.932547, 22.636 ], [ 88.932544, 22.636061 ], [ 88.932533, 22.636178 ], [ 88.93253, 22.636239 ], [ 88.932519, 22.636355 ], [ 88.932516, 22.636416 ], [ 88.932505, 22.636533 ], [ 88.932502, 22.636593 ], [ 88.93249, 22.636711 ], [ 88.932487, 22.63677 ], [ 88.932476, 22.636889 ], [ 88.932473, 22.636947 ], [ 88.932462, 22.637067 ], [ 88.932459, 22.637124 ], [ 88.932448, 22.637245 ], [ 88.932445, 22.637301 ], [ 88.932434, 22.637422 ], [ 88.932431, 22.637478 ], [ 88.932419, 22.6376 ], [ 88.932416, 22.637655 ], [ 88.932405, 22.637778 ], [ 88.932402, 22.637832 ], [ 88.932391, 22.637956 ], [ 88.932388, 22.63801 ], [ 88.932377, 22.638134 ], [ 88.932374, 22.638187 ], [ 88.932362, 22.638312 ], [ 88.93236, 22.638364 ], [ 88.932348, 22.638489 ], [ 88.932346, 22.638541 ], [ 88.932334, 22.638667 ], [ 88.932331, 22.638718 ], [ 88.93232, 22.638845 ], [ 88.932317, 22.638895 ], [ 88.932306, 22.639023 ], [ 88.932303, 22.639072 ], [ 88.932291, 22.639201 ], [ 88.932289, 22.639249 ], [ 88.932277, 22.639379 ], [ 88.932275, 22.639426 ], [ 88.932263, 22.639556 ], [ 88.932261, 22.639603 ], [ 88.932249, 22.639734 ], [ 88.932246, 22.639781 ], [ 88.932234, 22.639912 ], [ 88.932232, 22.639958 ], [ 88.93222, 22.64009 ], [ 88.932218, 22.640135 ], [ 88.932206, 22.640268 ], [ 88.932204, 22.640312 ], [ 88.932192, 22.640445 ], [ 88.93219, 22.640476 ], [ 88.932146, 22.640621 ], [ 88.932142, 22.640637 ], [ 88.932094, 22.640797 ], [ 88.932091, 22.640812 ], [ 88.932038, 22.640986 ], [ 88.931979, 22.641157 ], [ 88.931912, 22.641324 ], [ 88.931839, 22.641486 ], [ 88.931758, 22.641645 ], [ 88.931705, 22.64174 ], [ 88.931674, 22.641801 ], [ 88.931619, 22.641897 ], [ 88.931589, 22.641957 ], [ 88.931534, 22.642054 ], [ 88.931504, 22.642113 ], [ 88.931449, 22.642212 ], [ 88.931419, 22.642269 ], [ 88.931363, 22.642369 ], [ 88.931335, 22.642425 ], [ 88.931278, 22.642526 ], [ 88.93125, 22.642582 ], [ 88.931193, 22.642683 ], [ 88.931165, 22.642738 ], [ 88.931107, 22.642841 ], [ 88.93108, 22.642894 ], [ 88.931022, 22.642998 ], [ 88.930996, 22.64305 ], [ 88.930937, 22.643155 ], [ 88.930911, 22.643206 ], [ 88.930851, 22.643312 ], [ 88.930826, 22.643362 ], [ 88.930766, 22.64347 ], [ 88.930741, 22.643519 ], [ 88.930681, 22.643627 ], [ 88.930657, 22.643675 ], [ 88.930595, 22.643784 ], [ 88.930572, 22.643831 ], [ 88.93051, 22.643941 ], [ 88.930487, 22.643987 ], [ 88.930425, 22.644099 ], [ 88.930403, 22.644143 ], [ 88.930339, 22.644256 ], [ 88.930318, 22.644299 ], [ 88.930254, 22.644413 ], [ 88.930233, 22.644455 ], [ 88.930169, 22.64457 ], [ 88.930148, 22.644612 ], [ 88.930084, 22.644728 ], [ 88.930064, 22.644768 ], [ 88.929998, 22.644885 ], [ 88.929979, 22.644924 ], [ 88.929913, 22.645042 ], [ 88.929894, 22.64508 ], [ 88.929828, 22.645199 ], [ 88.929809, 22.645236 ], [ 88.929742, 22.645357 ], [ 88.929725, 22.645392 ], [ 88.929657, 22.645514 ], [ 88.92964, 22.645548 ], [ 88.929572, 22.645671 ], [ 88.929555, 22.645705 ], [ 88.929486, 22.645828 ], [ 88.92947, 22.645861 ], [ 88.929401, 22.645986 ], [ 88.929386, 22.646017 ], [ 88.929316, 22.646143 ], [ 88.929301, 22.646173 ], [ 88.92923, 22.6463 ], [ 88.929216, 22.646329 ], [ 88.929145, 22.646457 ], [ 88.929131, 22.646485 ], [ 88.92906, 22.646615 ], [ 88.929047, 22.646641 ], [ 88.928974, 22.646772 ], [ 88.928962, 22.646798 ], [ 88.928889, 22.646929 ], [ 88.928877, 22.646954 ], [ 88.928804, 22.647086 ], [ 88.928792, 22.64711 ], [ 88.928719, 22.647244 ], [ 88.928708, 22.647266 ], [ 88.928633, 22.647401 ], [ 88.928623, 22.647422 ], [ 88.928548, 22.647558 ], [ 88.928538, 22.647578 ], [ 88.928463, 22.647715 ], [ 88.928453, 22.647734 ], [ 88.928377, 22.647873 ], [ 88.928369, 22.64789 ], [ 88.928292, 22.64803 ], [ 88.928284, 22.648047 ], [ 88.928207, 22.648187 ], [ 88.928199, 22.648203 ], [ 88.928121, 22.648344 ], [ 88.928114, 22.648359 ], [ 88.928036, 22.648502 ], [ 88.92803, 22.648515 ], [ 88.927951, 22.648659 ], [ 88.927945, 22.648671 ], [ 88.927866, 22.648816 ], [ 88.92786, 22.648827 ], [ 88.92778, 22.648973 ], [ 88.927775, 22.648983 ], [ 88.927695, 22.649131 ], [ 88.927691, 22.64914 ], [ 88.929199, 22.6501 ] ] } }
]
}
